family,scale,seed,ticks,repeats,finished,timeouts,rss_limits,errors,status,counter_status,departure_slots,directed_rail_choices,input_digest,institutions,payments,principal_cents,provenance,rails,schema,solve_ms_median,solve_ms_min,solve_ms_max,fee_cents,known_optimum_fee,objective_hops,objective_minutes,optimality_gap_percent,result_digest,instructions_per_wall_second,peak_rss_bytes_max,cpu_user_seconds_max,cpu_system_seconds_max,process_seconds_max,assignment_states,bound_prunes,candidate_hops,candidates,capacity_rejects,complete_assignments,deadline_prunes,path_states,solver_calls,routing_truncated,routing_unresolved,reference_elapsed_upper_bound,reference_feasible,reference_fee_cents,active_limit,history_limit,active_end,active_peak,active_sum,completed,completed_elapsed_minutes,completed_on_time,completed_volume_cents,departed_hops,events,expired,generated,oldest_queued_age_peak,queue_p95,queue_peak,queue_sum,rejected,reservation_entries_end,retained_events,sla_failures,tick_ns_max,tick_ns_p95,tick_ns_p95_median,tick_ns_max_max,completed_per_sim_minute,generated_per_wall_second,ticks_per_wall_second,queue_mean,sla_failure_fraction,oracle_ns,oracle_scope
schedule-ties,16,42,1000,3,3,0,0,0,optimal,optimal,2,4,061d6ca01ecdb633,2,16,16,constructed fixture v1,2,1,2.6435,2.624292,2.974375,16,16,16,0,0,690049661eed5431,6052.58180442595,2179072,0.003718,0.0014659999999999999,0.25040150000000017,131071,0,32,32,0,65536,0,48,1,,,,,,,,,,,,,,,,,,,,,,,,,,,,,,,,,,,,,
bounded-schedule-ties,16,42,1000,3,3,0,0,0,feasible,feasible,2,4,061d6ca01ecdb633,2,16,16,constructed fixture v1,2,1,0.043708,0.041875,0.069,16,16,16,0,,690049661eed5431,366065.7087947287,2228224,0.00081,0.000909,0.0075566250000003166,0,0,0,0,0,0,0,0,0,0,0,,,,,,,,,,,,,,,,,,,,,,,,,,,,,,,,,,,
schedule-latency-ties,16,42,1000,3,3,0,0,0,optimal,optimal,2,4,67f5760d930e0338,2,16,16,constructed fixture v1,2,1,0.032125,0.03025,0.032416,16,16,16,0,0,690049661eed5431,498054.47470817115,2179072,0.000758,0.00075,0.007298041999999949,33,16,32,32,0,1,0,48,1,,,,,,,,,,,,,,,,,,,,,,,,,,,,,,,,,,,,,
bounded-schedule-latency-ties,16,42,1000,3,3,0,0,0,feasible,feasible,2,4,67f5760d930e0338,2,16,16,constructed fixture v1,2,1,0.04025,0.039625,0.042209,16,16,16,0,,690049661eed5431,397515.52795031056,2228224,0.0008269999999999999,0.000743,0.00722595799999981,0,0,0,0,0,0,0,0,0,0,0,,,,,,,,,,,,,,,,,,,,,,,,,,,,,,,,,,,
schedule-contention,8,42,1000,3,3,0,0,0,optimal,optimal,8,2,4c72264757d84082,2,8,8,constructed fixture v1,1,1,3.838833,3.766083,3.844041,8,8,8,28,0,609132083b07f365,2083.966663827262,2146304,0.004591,0.000785,0.007233792000000072,109601,0,64,64,444648,40320,0,72,1,,,,,,,,,,,,,,,,,,,,,,,,,,,,,,,,,,,,,
bounded-schedule-contention,8,42,1000,3,3,0,0,0,feasible,feasible,8,2,4c72264757d84082,2,8,8,constructed fixture v1,1,1,0.039958,0.036209,0.040834,8,8,8,28,,609132083b07f365,200210.22073176835,2179072,0.000779,0.000732,0.007285041999999908,0,0,0,0,0,0,0,0,0,0,0,,,,,,,,,,,,,,,,,,,,,,,,,,,,,,,,,,,
schedule-reverse-deadline,12,42,1000,3,3,0,0,0,optimal,optimal,12,2,acdceeecf700360b,2,12,12,constructed fixture v1,1,1,28.87,28.377042,31.516458,12,12,12,66,0,c5e5f7c4ae100ac7,415.6563907170073,2211840,0.031951,0.000959,0.037451333000000364,1151915,0,78,78,3714956,1,66,156,1,,,,,,,,,,,,,,,,,,,,,,,,,,,,,,,,,,,,,
bounded-schedule-reverse-deadline,12,42,1000,3,3,0,0,0,feasible,feasible,12,2,acdceeecf700360b,2,12,12,constructed fixture v1,1,1,0.037,0.03525,0.038959,12,12,12,66,,c5e5f7c4ae100ac7,324324.3243243243,2228224,0.000685,0.000687,0.007285458999999772,0,0,0,0,0,0,0,0,0,0,6,,,,,,,,,,,,,,,,,,,,,,,,,,,,,,,,,,,
schedule-trap,2,42,1000,3,3,0,0,0,optimal,optimal,3,6,154d4918a429c962,2,2,2,constructed fixture v1,3,1,0.014333,0.01375,0.016208,4,4,2,2,0,f62a1102d56f2a83,139538.1287936929,2048000,0.000712,0.00067,0.0071910000000001695,7,2,5,5,1,2,1,8,1,,,,,,,,,,,,,,,,,,,,,,,,,,,,,,,,,,,,,
bounded-schedule-trap,2,42,1000,3,3,0,0,0,feasible,feasible,3,6,154d4918a429c962,2,2,2,constructed fixture v1,3,1,0.028125,0.027166,0.033416,4,4,2,2,,f62a1102d56f2a83,71111.11111111111,2113536,0.0007469999999999999,0.0007329999999999999,0.007288917000000339,0,0,0,0,0,0,0,0,0,0,0,,,,,,,,,,,,,,,,,,,,,,,,,,,,,,,,,,,
schedule-trap-blocked,2,42,1000,3,3,0,0,0,optimal,optimal,2,4,c52b6e8232b89c5b,2,2,2,constructed fixture v1,2,1,0.014375,0.013708,0.015334,4,4,2,2,0,0118bab4129c75d4,139130.4347826087,2048000,0.000743,0.00075,0.00722845800000016,4,0,3,3,1,1,1,6,1,,,,,,,,,,,,,,,,,,,,,,,,,,,,,,,,,,,,,
bounded-schedule-trap-blocked,2,42,1000,3,3,0,0,0,feasible,feasible,2,4,c52b6e8232b89c5b,2,2,2,constructed fixture v1,2,1,0.027958,0.026,0.030042,4,4,2,2,,0118bab4129c75d4,71535.87524143358,2113536,0.000759,0.000701,0.0072947499999997945,0,0,0,0,0,0,0,0,0,0,2,,,,,,,,,,,,,,,,,,,,,,,,,,,,,,,,,,,
schedule-nonfifo,2,42,1000,3,3,0,0,0,optimal,optimal,3,4,f9c8d9754b060f91,3,1,1,constructed fixture v1,2,1,0.0125,0.011833,0.013458,4,4,2,4,0,e8e5d566f9caa9d9,80000.0,2031616,0.000761,0.00075,0.0072257080000004414,2,0,2,1,0,1,1,4,1,,,,,,,,,,,,,,,,,,,,,,,,,,,,,,,,,,,,,
bounded-schedule-nonfifo,2,42,1000,3,3,0,0,0,feasible,feasible,3,4,f9c8d9754b060f91,3,1,1,constructed fixture v1,2,1,0.019583,0.019125,0.028291,4,4,2,4,,e8e5d566f9caa9d9,51064.69897359955,2097152,0.0007369999999999999,0.00074,0.007269167000000465,0,0,0,0,0,0,0,0,0,0,0,,,,,,,,,,,,,,,,,,,,,,,,,,,,,,,,,,,
schedule-knapsack,8,42,1000,3,3,0,0,0,optimal,optimal,2,4,7ff022e29c2d7233,2,8,14,constructed fixture v1,2,1,0.025417,0.025209,0.026917,12,12,8,0,0,af03296dfc4d45a6,314749.9704921903,2097152,0.000762,0.0007149999999999999,0.007238000000000078,24,7,16,16,7,2,0,24,1,,,,,,,,,,,,,,,,,,,,,,,,,,,,,,,,,,,,,
bounded-schedule-knapsack,8,42,1000,3,3,0,0,0,feasible,feasible,2,4,7ff022e29c2d7233,2,8,14,constructed fixture v1,2,1,0.093333,0.09025,0.093916,12,12,8,0,,af03296dfc4d45a6,85714.59183782799,2277376,0.000932,0.000767,0.0074171250000008015,0,0,0,0,0,0,0,0,0,0,0,,,,,,,,,,,,,,,,,,,,,,,,,,,,,,,,,,,
schedule-multihop-slots,16,42,1000,3,3,0,0,0,optimal,optimal,48,6,193846b9e16e96f0,4,1,1,constructed fixture v1,3,1,0.612833,0.564625,0.644291,3,3,3,0,0,883b672fe09aa5d9,1631.765913389129,3473408,0.001375,0.0008449999999999999,0.007310459000000158,817,815,2448,816,0,1,0,969,1,,,,,,,,,,,,,,,,,,,,,,,,,,,,,,,,,,,,,
bounded-schedule-multihop-slots,16,42,1000,3,3,0,0,0,feasible,feasible,48,6,193846b9e16e96f0,4,1,1,constructed fixture v1,3,1,0.046333,0.045166,0.06025,3,3,3,0,,883b672fe09aa5d9,21582.889085532992,2260992,0.0008219999999999999,0.0007459999999999999,0.007319874999999421,0,0,0,0,0,0,0,0,0,0,0,,,,,,,,,,,,,,,,,,,,,,,,,,,,,,,,,,,
schedule-dense,8,42,1000,3,3,0,0,0,optimal,optimal,1,56,d8764a1366f022bc,8,1,1,constructed fixture v1,1,1,0.013417,0.0125,0.014167,1,1,1,1,0,4c7dc0077516b93e,74532.30975627934,2015232,0.0008139999999999999,0.00078,0.007467083999999957,2,0,1,1,0,1,0,8,1,,,,,,,,,,,,,,,,,,,,,,,,,,,,,,,,,,,,,
bounded-schedule-dense,8,42,1000,3,3,0,0,0,feasible,feasible,1,56,d8764a1366f022bc,8,1,1,constructed fixture v1,1,1,0.024459,0.02425,0.027375,1,1,1,1,,4c7dc0077516b93e,40884.745901304224,2113536,0.0008719999999999999,0.000819,0.0073810409999994775,0,0,0,0,0,0,0,0,0,0,0,,,,,,,,,,,,,,,,,,,,,,,,,,,,,,,,,,,
schedule-demo,12,42,1000,3,3,0,0,0,optimal,optimal,4,60,a20d43575d3fd4ca,6,12,22500150,constructed fixture v1,4,1,0.448875,0.444166,0.456208,60,60,12,17280,0,0e7740599d3d2725,26733.500417710944,2637824,0.001282,0.000855,0.007381582999999914,504,491,1549,503,0,1,0,1446,1,,,,,,,,,,,,,,,,,,,,,,,,,,,,,,,,,,,,,
bounded-schedule-demo,12,42,1000,3,3,0,0,0,feasible,feasible,4,60,a20d43575d3fd4ca,6,12,22500150,constructed fixture v1,4,1,0.115458,0.114667,0.120083,60,60,12,17280,,0e7740599d3d2725,103933.89804084602,2326528,0.0009739999999999999,0.000843,0.007334042000000096,0,0,0,0,0,0,0,0,0,0,0,,,,,,,,,,,,,,,,,,,,,,,,,,,,,,,,,,,
schedule-random,3,0,1000,3,3,0,0,0,optimal,optimal,15,12,2fca86b913e3d51a,4,3,5,constructed fixture v1,6,1,0.030625,0.029583,0.031541,11,,3,4,0,b577225f190604b8,97959.1836734694,2097152,0.000861,0.000753,0.007313542000000339,8,4,17,10,3,1,5,27,1,,,,,,,,,,,,,,,,,,,,,,,,,,,,,,,,,,,,,
bounded-schedule-random,3,0,1000,3,3,0,0,0,feasible,feasible,15,12,2fca86b913e3d51a,4,3,5,constructed fixture v1,6,1,0.082667,0.07925,0.088709,11,,3,4,,b577225f190604b8,36290.17624928932,2293760,0.0009329999999999999,0.000859,0.00745833300000065,0,0,0,0,0,0,0,0,0,0,0,,,,,,,,,,,,,,,,,,,,,,,,,,,,,,,,,,,
schedule-random,3,1,1000,3,3,0,0,0,infeasible,infeasible,13,12,4b640036a0eac15d,4,3,4,constructed fixture v1,6,1,0.028541,0.02625,0.028583,,,,,,669b18c6d2d9c95b,105111.94422059493,2080768,0.0008449999999999999,0.000775,0.00729291700000001,2,0,15,8,1,0,9,31,1,,,,,,,,,,,,,,,,,,,,,,,,,,,,,,,,,,,,,
bounded-schedule-random,3,1,1000,3,3,0,0,0,unresolved,unresolved,13,12,4b640036a0eac15d,4,3,4,constructed fixture v1,6,1,0.084333,0.080541,0.088375,,,,,,669b18c6d2d9c95b,35573.26313542741,2277376,0.000879,0.000825,0.007264625000000358,0,0,0,0,0,0,0,0,0,0,8,,,,,,,,,,,,,,,,,,,,,,,,,,,,,,,,,,,
schedule-random,3,2,1000,3,3,0,0,0,optimal,optimal,13,12,8abc424306d55f3a,4,3,4,constructed fixture v1,6,1,0.029166,0.02725,0.029458,29,,6,4,0,42446409bc6fb4b9,102859.49393128985,2097152,0.00082,0.000757,0.007182916999999733,8,4,15,7,0,1,9,27,1,,,,,,,,,,,,,,,,,,,,,,,,,,,,,,,,,,,,,
bounded-schedule-random,3,2,1000,3,3,0,0,0,feasible,feasible,13,12,8abc424306d55f3a,4,3,4,constructed fixture v1,6,1,0.107417,0.102208,0.114833,29,,6,4,,42446409bc6fb4b9,27928.540175205042,2326528,0.001106,0.00109,0.0076710829999999675,0,0,0,0,0,0,0,0,0,0,0,,,,,,,,,,,,,,,,,,,,,,,,,,,,,,,,,,,
schedule-random,3,3,1000,3,3,0,0,0,infeasible,infeasible,12,12,b157402771337d45,4,3,4,constructed fixture v1,6,1,0.023042,0.021958,0.024542,,,,,,669b18c6d2d9c95b,130197.03150768162,2064384,0.000937,0.000959,0.007517833000000529,9,0,8,7,12,0,3,18,1,,,,,,,,,,,,,,,,,,,,,,,,,,,,,,,,,,,,,
bounded-schedule-random,3,3,1000,3,3,0,0,0,unresolved,unresolved,12,12,b157402771337d45,4,3,4,constructed fixture v1,6,1,0.064833,0.06475,0.06825,,,,,,669b18c6d2d9c95b,46272.73147933922,2228224,0.0008659999999999999,0.000754,0.007315916999999672,0,0,0,0,0,0,0,0,0,0,7,,,,,,,,,,,,,,,,,,,,,,,,,,,,,,,,,,,
schedule-random,3,4,1000,3,3,0,0,0,infeasible,infeasible,13,12,1802102ad5eda64e,4,3,3,constructed fixture v1,6,1,0.023125,0.02075,0.024666,,,,,,669b18c6d2d9c95b,129729.72972972973,2048000,0.00082,0.0007999999999999999,0.007248292000000767,0,0,9,5,0,0,10,23,1,,,,,,,,,,,,,,,,,,,,,,,,,,,,,,,,,,,,,
bounded-schedule-random,3,4,1000,3,3,0,0,0,unresolved,unresolved,13,12,1802102ad5eda64e,4,3,3,constructed fixture v1,6,1,0.107959,0.106667,0.111375,,,,,,669b18c6d2d9c95b,27788.327050083826,2326528,0.000923,0.000825,0.007407417000000471,0,0,0,0,0,0,0,0,0,0,8,,,,,,,,,,,,,,,,,,,,,,,,,,,,,,,,,,,
schedule-random,3,5,1000,3,3,0,0,0,optimal,optimal,15,12,b5a249d77499a746,4,3,6,constructed fixture v1,6,1,0.024458,0.022166,0.026,8,,4,5,0,06a603eaee6dd1d1,122659.25259628751,2080768,0.0008619999999999999,0.000881,0.00747325000000032,5,1,6,4,0,1,4,14,1,,,,,,,,,,,,,,,,,,,,,,,,,,,,,,,,,,,,,
bounded-schedule-random,3,5,1000,3,3,0,0,0,feasible,feasible,15,12,b5a249d77499a746,4,3,6,constructed fixture v1,6,1,0.082042,0.076334,0.093167,8,,4,5,,06a603eaee6dd1d1,36566.636600765465,2244608,0.000939,0.001016,0.0077572080000001264,0,0,0,0,0,0,0,0,0,0,0,,,,,,,,,,,,,,,,,,,,,,,,,,,,,,,,,,,
schedule-random,3,6,1000,3,3,0,0,0,infeasible,infeasible,12,12,cdc19b7e8c346196,4,3,6,constructed fixture v1,6,1,0.013917,0.013083,0.016541,,,,,,669b18c6d2d9c95b,215563.69907307607,2031616,0.000752,0.000736,0.007255665999999827,0,0,0,0,0,0,1,4,1,,,,,,,,,,,,,,,,,,,,,,,,,,,,,,,,,,,,,
bounded-schedule-random,3,6,1000,3,3,0,0,0,unresolved,unresolved,12,12,cdc19b7e8c346196,4,3,6,constructed fixture v1,6,1,0.050875,0.047625,0.053625,,,,,,669b18c6d2d9c95b,58968.05896805897,2228224,0.0008539999999999999,0.000774,0.007310916000000667,0,0,0,0,0,0,0,0,0,0,21,,,,,,,,,,,,,,,,,,,,,,,,,,,,,,,,,,,
schedule-random,3,7,1000,3,3,0,0,0,optimal,optimal,15,12,75e9ff76da26db05,4,3,3,constructed fixture v1,6,1,0.040208,0.03925,0.042125,7,,3,3,0,1acb948bfe4934c9,74612.01750895345,2113536,0.000881,0.0008359999999999999,0.007315457999999886,22,16,36,19,1,2,22,59,1,,,,,,,,,,,,,,,,,,,,,,,,,,,,,,,,,,,,,
bounded-schedule-random,3,7,1000,3,3,0,0,0,feasible,feasible,15,12,75e9ff76da26db05,4,3,3,constructed fixture v1,6,1,0.089584,0.085709,0.092542,7,,3,3,,1acb948bfe4934c9,33488.12287908555,2277376,0.000888,0.0008269999999999999,0.007462000000000302,0,0,0,0,0,0,0,0,0,0,0,,,,,,,,,,,,,,,,,,,,,,,,,,,,,,,,,,,
schedule-random,3,8,1000,3,3,0,0,0,infeasible,infeasible,15,12,fbfb65d8356a9c05,4,3,5,constructed fixture v1,6,1,0.015583,0.01525,0.017833,,,,,,669b18c6d2d9c95b,192517.48700506962,2031616,0.000869,0.0009699999999999999,0.007537250000000384,0,0,0,0,0,0,0,3,1,,,,,,,,,,,,,,,,,,,,,,,,,,,,,,,,,,,,,
bounded-schedule-random,3,8,1000,3,3,0,0,0,unresolved,unresolved,15,12,fbfb65d8356a9c05,4,3,5,constructed fixture v1,6,1,0.08975,0.082417,0.094459,,,,,,669b18c6d2d9c95b,33426.18384401114,2293760,0.0008259999999999999,0.0007279999999999999,0.0072713330000002685,0,0,0,0,0,0,0,0,0,0,18,,,,,,,,,,,,,,,,,,,,,,,,,,,,,,,,,,,
schedule-random,3,9,1000,3,3,0,0,0,infeasible,infeasible,14,12,2598a722f030bfbe,4,3,6,constructed fixture v1,6,1,0.012375,0.01225,0.013875,,,,,,669b18c6d2d9c95b,242424.2424242424,2031616,0.000815,0.000821,0.00734687500000053,0,0,0,0,0,0,0,1,1,,,,,,,,,,,,,,,,,,,,,,,,,,,,,,,,,,,,,
bounded-schedule-random,3,9,1000,3,3,0,0,0,unresolved,unresolved,14,12,2598a722f030bfbe,4,3,6,constructed fixture v1,6,1,0.04975,0.048167,0.051292,,,,,,669b18c6d2d9c95b,60301.50753768844,2179072,0.000841,0.0007909999999999999,0.007431417000000273,0,0,0,0,0,0,0,0,0,0,7,,,,,,,,,,,,,,,,,,,,,,,,,,,,,,,,,,,
schedule-random,3,10,1000,3,3,0,0,0,infeasible,infeasible,11,12,68f93512d1e3ee6c,4,3,4,constructed fixture v1,6,1,0.018417,0.018292,0.019875,,,,,,669b18c6d2d9c95b,162892.97931259163,2031616,0.00105,0.0012209999999999999,0.007794083000000285,0,0,1,1,0,0,0,9,1,,,,,,,,,,,,,,,,,,,,,,,,,,,,,,,,,,,,,
bounded-schedule-random,3,10,1000,3,3,0,0,0,unresolved,unresolved,11,12,68f93512d1e3ee6c,4,3,4,constructed fixture v1,6,1,0.079958,0.07875,0.090625,,,,,,669b18c6d2d9c95b,37519.69784136672,2277376,0.000979,0.000923,0.007426584000000069,0,0,0,0,0,0,0,0,0,0,16,,,,,,,,,,,,,,,,,,,,,,,,,,,,,,,,,,,
schedule-random,3,11,1000,3,3,0,0,0,infeasible,infeasible,14,12,04462ecaac894065,4,3,6,constructed fixture v1,6,1,0.013667,0.012667,0.014709,,,,,,669b18c6d2d9c95b,219506.84129655376,2031616,0.0008929999999999999,0.0008169999999999999,0.007322707999999345,0,0,0,0,0,0,0,1,1,,,,,,,,,,,,,,,,,,,,,,,,,,,,,,,,,,,,,
bounded-schedule-random,3,11,1000,3,3,0,0,0,unresolved,unresolved,14,12,04462ecaac894065,4,3,6,constructed fixture v1,6,1,0.048542,0.041958,0.04875,,,,,,669b18c6d2d9c95b,61802.15071484487,2162688,0.0009149999999999999,0.000859,0.007574458000000561,0,0,0,0,0,0,0,0,0,0,24,,,,,,,,,,,,,,,,,,,,,,,,,,,,,,,,,,,
schedule-random,3,12,1000,3,3,0,0,0,infeasible,infeasible,15,12,c344785ba125e56b,4,3,4,constructed fixture v1,6,1,0.022833,0.02125,0.023833,,,,,,669b18c6d2d9c95b,131388.7793982394,2048000,0.000881,0.0007959999999999999,0.007401167000000264,0,0,10,6,0,0,10,28,1,,,,,,,,,,,,,,,,,,,,,,,,,,,,,,,,,,,,,
bounded-schedule-random,3,12,1000,3,3,0,0,0,unresolved,unresolved,15,12,c344785ba125e56b,4,3,4,constructed fixture v1,6,1,0.078042,0.075417,0.083792,,,,,,669b18c6d2d9c95b,38440.83954793573,2277376,0.0010069999999999999,0.000931,0.00753145799999988,0,0,0,0,0,0,0,0,0,0,7,,,,,,,,,,,,,,,,,,,,,,,,,,,,,,,,,,,
schedule-random,3,13,1000,3,3,0,0,0,optimal,optimal,17,12,7910b0f157be9b7e,4,3,4,constructed fixture v1,6,1,0.035666,0.032458,0.036792,3,,3,4,0,d7c74a10a989f30c,84113.72175180845,2113536,0.0008619999999999999,0.0007779999999999999,0.0074007920000003224,16,12,25,15,0,1,21,49,1,,,,,,,,,,,,,,,,,,,,,,,,,,,,,,,,,,,,,
bounded-schedule-random,3,13,1000,3,3,0,0,0,feasible,feasible,17,12,7910b0f157be9b7e,4,3,4,constructed fixture v1,6,1,0.0515,0.049416,0.056792,3,,3,4,,d7c74a10a989f30c,58252.42718446602,2211840,0.0008219999999999999,0.000735,0.0072065840000004044,0,0,0,0,0,0,0,0,0,0,0,,,,,,,,,,,,,,,,,,,,,,,,,,,,,,,,,,,
schedule-random,3,14,1000,3,3,0,0,0,infeasible,infeasible,16,12,74988fbb9df029de,4,3,5,constructed fixture v1,6,1,0.013542,0.013084,0.014958,,,,,,669b18c6d2d9c95b,221533.00841825432,2031616,0.0008929999999999999,0.0008359999999999999,0.007297999999999583,0,0,0,0,0,0,3,4,1,,,,,,,,,,,,,,,,,,,,,,,,,,,,,,,,,,,,,
bounded-schedule-random,3,14,1000,3,3,0,0,0,unresolved,unresolved,16,12,74988fbb9df029de,4,3,5,constructed fixture v1,6,1,0.064167,0.06075,0.065417,,,,,,669b18c6d2d9c95b,46753.003880499324,2179072,0.000838,0.0007779999999999999,0.007309291000000329,0,0,0,0,0,0,0,0,0,0,11,,,,,,,,,,,,,,,,,,,,,,,,,,,,,,,,,,,
schedule-random,3,15,1000,3,3,0,0,0,infeasible,infeasible,13,12,a5d02ac9dfd51604,4,3,6,constructed fixture v1,6,1,0.013583,0.012208,0.015084,,,,,,669b18c6d2d9c95b,220864.31568872856,2031616,0.000846,0.000841,0.007470665999999682,0,0,0,0,0,0,0,1,1,,,,,,,,,,,,,,,,,,,,,,,,,,,,,,,,,,,,,
bounded-schedule-random,3,15,1000,3,3,0,0,0,unresolved,unresolved,13,12,a5d02ac9dfd51604,4,3,6,constructed fixture v1,6,1,0.049542,0.048709,0.054917,,,,,,669b18c6d2d9c95b,60554.68087683178,2162688,0.0009549999999999999,0.000996,0.007632541999999631,0,0,0,0,0,0,0,0,0,0,7,,,,,,,,,,,,,,,,,,,,,,,,,,,,,,,,,,,
schedule-random,3,16,1000,3,3,0,0,0,infeasible,infeasible,12,12,d41a685886bbe125,4,3,5,constructed fixture v1,6,1,0.014042,0.013958,0.016958,,,,,,669b18c6d2d9c95b,213644.77994587665,2031616,0.000857,0.000995,0.0077605420000006475,0,0,0,0,0,0,0,1,1,,,,,,,,,,,,,,,,,,,,,,,,,,,,,,,,,,,,,
bounded-schedule-random,3,16,1000,3,3,0,0,0,unresolved,unresolved,12,12,d41a685886bbe125,4,3,5,constructed fixture v1,6,1,0.058042,0.056916,0.061208,,,,,,669b18c6d2d9c95b,51686.709624065326,2195456,0.000838,0.000828,0.007415082999999711,0,0,0,0,0,0,0,0,0,0,16,,,,,,,,,,,,,,,,,,,,,,,,,,,,,,,,,,,
schedule-random,3,17,1000,3,3,0,0,0,infeasible,infeasible,14,12,accb9a55142686ca,4,3,6,constructed fixture v1,6,1,0.0185,0.018333,0.019292,,,,,,669b18c6d2d9c95b,162162.16216216216,2048000,0.000855,0.0007779999999999999,0.007450041999999435,5,0,4,4,2,0,2,9,1,,,,,,,,,,,,,,,,,,,,,,,,,,,,,,,,,,,,,
bounded-schedule-random,3,17,1000,3,3,0,0,0,unresolved,unresolved,14,12,accb9a55142686ca,4,3,6,constructed fixture v1,6,1,0.048917,0.048,0.049292,,,,,,669b18c6d2d9c95b,61328.37254942045,2162688,0.000941,0.0008179999999999999,0.0073540840000001495,0,0,0,0,0,0,0,0,0,0,8,,,,,,,,,,,,,,,,,,,,,,,,,,,,,,,,,,,
schedule-random,3,18,1000,3,3,0,0,0,infeasible,infeasible,13,12,69630a8f2e29f99c,4,3,5,constructed fixture v1,6,1,0.014209,0.013834,0.01525,,,,,,669b18c6d2d9c95b,211133.78844394398,2031616,0.000874,0.0008439999999999999,0.007416832999999734,0,0,0,0,0,0,1,3,1,,,,,,,,,,,,,,,,,,,,,,,,,,,,,,,,,,,,,
bounded-schedule-random,3,18,1000,3,3,0,0,0,unresolved,unresolved,13,12,69630a8f2e29f99c,4,3,5,constructed fixture v1,6,1,0.05375,0.051625,0.05375,,,,,,669b18c6d2d9c95b,55813.95348837209,2179072,0.0008759999999999999,0.0009,0.007549709000000071,0,0,0,0,0,0,0,0,0,0,14,,,,,,,,,,,,,,,,,,,,,,,,,,,,,,,,,,,
schedule-random,3,19,1000,3,3,0,0,0,optimal,optimal,18,12,c6c5932ab861afbc,4,3,3,constructed fixture v1,6,1,0.038,0.035375,0.038417,4,,4,4,0,6cf386950d7fd58a,78947.36842105263,2113536,0.0008799999999999999,0.000806,0.0073252080000001385,15,11,22,14,0,1,25,49,1,,,,,,,,,,,,,,,,,,,,,,,,,,,,,,,,,,,,,
bounded-schedule-random,3,19,1000,3,3,0,0,0,feasible,feasible,18,12,c6c5932ab861afbc,4,3,3,constructed fixture v1,6,1,0.089875,0.086875,0.101708,4,,4,4,,6cf386950d7fd58a,33379.694019471484,2342912,0.000913,0.0008039999999999999,0.007359292000000295,0,0,0,0,0,0,0,0,0,0,0,,,,,,,,,,,,,,,,,,,,,,,,,,,,,,,,,,,
schedule-random,3,20,1000,3,3,0,0,0,infeasible,infeasible,13,12,2722325421078de1,4,3,5,constructed fixture v1,6,1,0.017209,0.017208,0.021208,,,,,,669b18c6d2d9c95b,174327.3868324714,2031616,0.0008259999999999999,0.000775,0.0073864999999999625,0,0,1,1,0,0,10,16,1,,,,,,,,,,,,,,,,,,,,,,,,,,,,,,,,,,,,,
bounded-schedule-random,3,20,1000,3,3,0,0,0,unresolved,unresolved,13,12,2722325421078de1,4,3,5,constructed fixture v1,6,1,0.05975,0.056375,0.066375,,,,,,669b18c6d2d9c95b,50209.205020920504,2195456,0.000873,0.000825,0.007367499999999971,0,0,0,0,0,0,0,0,0,0,16,,,,,,,,,,,,,,,,,,,,,,,,,,,,,,,,,,,
schedule-random,3,21,1000,3,3,0,0,0,infeasible,infeasible,16,12,c504d51fcf6bdc7d,4,3,3,constructed fixture v1,6,1,0.020125,0.019875,0.02125,,,,,,669b18c6d2d9c95b,149068.32298136645,2048000,0.00089,0.000926,0.007360708000000216,0,0,4,3,0,0,20,27,1,,,,,,,,,,,,,,,,,,,,,,,,,,,,,,,,,,,,,
bounded-schedule-random,3,21,1000,3,3,0,0,0,unresolved,unresolved,16,12,c504d51fcf6bdc7d,4,3,3,constructed fixture v1,6,1,0.059,0.057167,0.06675,,,,,,669b18c6d2d9c95b,50847.457627118645,2195456,0.00089,0.000957,0.007585749999999614,0,0,0,0,0,0,0,0,0,0,8,,,,,,,,,,,,,,,,,,,,,,,,,,,,,,,,,,,
schedule-random,3,22,1000,3,3,0,0,0,infeasible,infeasible,14,12,3612655b12601303,4,3,5,constructed fixture v1,6,1,0.0165,0.015791,0.020167,,,,,,669b18c6d2d9c95b,181818.1818181818,2031616,0.000905,0.00116,0.007878832999999474,0,0,0,0,0,0,0,1,1,,,,,,,,,,,,,,,,,,,,,,,,,,,,,,,,,,,,,
bounded-schedule-random,3,22,1000,3,3,0,0,0,unresolved,unresolved,14,12,3612655b12601303,4,3,5,constructed fixture v1,6,1,0.066375,0.064584,0.068334,,,,,,669b18c6d2d9c95b,45197.74011299435,2244608,0.0008169999999999999,0.000741,0.007308791999999897,0,0,0,0,0,0,0,0,0,0,16,,,,,,,,,,,,,,,,,,,,,,,,,,,,,,,,,,,
schedule-random,3,23,1000,3,3,0,0,0,infeasible,infeasible,14,12,f11d1b2b18be34fe,4,3,5,constructed fixture v1,6,1,0.019,0.018667,0.020208,,,,,,669b18c6d2d9c95b,157894.73684210525,2048000,0.00078,0.0007509999999999999,0.00717791599999984,0,0,7,3,0,0,5,14,1,,,,,,,,,,,,,,,,,,,,,,,,,,,,,,,,,,,,,
bounded-schedule-random,3,23,1000,3,3,0,0,0,unresolved,unresolved,14,12,f11d1b2b18be34fe,4,3,5,constructed fixture v1,6,1,0.066958,0.066709,0.0705,,,,,,669b18c6d2d9c95b,44804.20562143433,2211840,0.000838,0.0007379999999999999,0.007294125000000484,0,0,0,0,0,0,0,0,0,0,7,,,,,,,,,,,,,,,,,,,,,,,,,,,,,,,,,,,
schedule-random,3,24,1000,3,3,0,0,0,infeasible,infeasible,9,12,15dba070628e05d3,4,3,6,constructed fixture v1,6,1,0.013291,0.013208,0.014834,,,,,,669b18c6d2d9c95b,225716.6503649086,2031616,0.000816,0.00081,0.0073745000000000616,0,0,0,0,0,0,0,2,1,,,,,,,,,,,,,,,,,,,,,,,,,,,,,,,,,,,,,
bounded-schedule-random,3,24,1000,3,3,0,0,0,unresolved,unresolved,9,12,15dba070628e05d3,4,3,6,constructed fixture v1,6,1,0.046125,0.042,0.047208,,,,,,669b18c6d2d9c95b,65040.65040650407,2162688,0.000856,0.000939,0.007501666999999657,0,0,0,0,0,0,0,0,0,0,24,,,,,,,,,,,,,,,,,,,,,,,,,,,,,,,,,,,
schedule-random,3,25,1000,3,3,0,0,0,optimal,optimal,13,12,0f3104d27257cc71,4,3,3,constructed fixture v1,6,1,0.030792,0.028708,0.032333,10,,3,3,0,a8293c2adb70db47,97427.90335151988,2097152,0.0008709999999999999,0.000783,0.007358958999999388,9,5,17,10,2,1,6,27,1,,,,,,,,,,,,,,,,,,,,,,,,,,,,,,,,,,,,,
bounded-schedule-random,3,25,1000,3,3,0,0,0,feasible,feasible,13,12,0f3104d27257cc71,4,3,3,constructed fixture v1,6,1,0.086583,0.077083,0.088375,10,,3,3,,a8293c2adb70db47,34648.83406673366,2277376,0.0008719999999999999,0.000815,0.007331458000000346,0,0,0,0,0,0,0,0,0,0,0,,,,,,,,,,,,,,,,,,,,,,,,,,,,,,,,,,,
schedule-random,3,26,1000,3,3,0,0,0,infeasible,infeasible,13,12,5ff78f4f847f1978,4,3,5,constructed fixture v1,6,1,0.013916,0.013417,0.013916,,,,,,669b18c6d2d9c95b,215579.18942224776,2031616,0.0008129999999999999,0.00078,0.007318833000000247,0,0,0,0,0,0,1,2,1,,,,,,,,,,,,,,,,,,,,,,,,,,,,,,,,,,,,,
bounded-schedule-random,3,26,1000,3,3,0,0,0,unresolved,unresolved,13,12,5ff78f4f847f1978,4,3,5,constructed fixture v1,6,1,0.063208,0.059292,0.064584,,,,,,669b18c6d2d9c95b,47462.346538412865,2179072,0.000904,0.0008889999999999999,0.007406041000000307,0,0,0,0,0,0,0,0,0,0,16,,,,,,,,,,,,,,,,,,,,,,,,,,,,,,,,,,,
schedule-random,3,27,1000,3,3,0,0,0,infeasible,infeasible,13,12,641739b44cf142c9,4,3,5,constructed fixture v1,6,1,0.014833,0.013666,0.016,,,,,,669b18c6d2d9c95b,202251.73599406728,2031616,0.000946,0.000908,0.007576499999999875,0,0,0,0,0,0,0,1,1,,,,,,,,,,,,,,,,,,,,,,,,,,,,,,,,,,,,,
bounded-schedule-random,3,27,1000,3,3,0,0,0,unresolved,unresolved,13,12,641739b44cf142c9,4,3,5,constructed fixture v1,6,1,0.066666,0.062084,0.071709,,,,,,669b18c6d2d9c95b,45000.450004500046,2211840,0.000905,0.0008309999999999999,0.007452749999999675,0,0,0,0,0,0,0,0,0,0,16,,,,,,,,,,,,,,,,,,,,,,,,,,,,,,,,,,,
schedule-random,3,28,1000,3,3,0,0,0,infeasible,infeasible,16,12,ee001af71c5f49b4,4,3,4,constructed fixture v1,6,1,0.024083,0.022875,0.029584,,,,,,669b18c6d2d9c95b,124569.19818959432,2064384,0.000888,0.0008179999999999999,0.0072874159999996024,0,0,6,4,0,0,10,24,1,,,,,,,,,,,,,,,,,,,,,,,,,,,,,,,,,,,,,
bounded-schedule-random,3,28,1000,3,3,0,0,0,unresolved,unresolved,16,12,ee001af71c5f49b4,4,3,4,constructed fixture v1,6,1,0.072959,0.069208,0.075792,,,,,,669b18c6d2d9c95b,41118.98463520608,2244608,0.000887,0.0008619999999999999,0.007383374999999859,0,0,0,0,0,0,0,0,0,0,14,,,,,,,,,,,,,,,,,,,,,,,,,,,,,,,,,,,
schedule-random,3,29,1000,3,3,0,0,0,optimal,optimal,16,12,4934778784c6e2a8,4,3,4,constructed fixture v1,6,1,0.027792,0.026667,0.031,18,,5,6,0,29a272cde99e7597,107944.7322970639,2097152,0.000891,0.000879,0.00746787499999968,5,1,8,5,1,1,14,26,1,,,,,,,,,,,,,,,,,,,,,,,,,,,,,,,,,,,,,
bounded-schedule-random,3,29,1000,3,3,0,0,0,feasible,feasible,16,12,4934778784c6e2a8,4,3,4,constructed fixture v1,6,1,0.080167,0.079583,0.088042,18,,5,6,,29a272cde99e7597,37421.88182169721,2293760,0.0009299999999999999,0.0009149999999999999,0.007670207999999512,0,0,0,0,0,0,0,0,0,0,2,,,,,,,,,,,,,,,,,,,,,,,,,,,,,,,,,,,
schedule-random,3,30,1000,3,3,0,0,0,infeasible,infeasible,12,12,4522ca06a78bceb8,4,3,5,constructed fixture v1,6,1,0.01775,0.016958,0.018875,,,,,,669b18c6d2d9c95b,169014.08450704228,2048000,0.000909,0.00086,0.007472166000000335,0,0,2,2,0,0,2,8,1,,,,,,,,,,,,,,,,,,,,,,,,,,,,,,,,,,,,,
bounded-schedule-random,3,30,1000,3,3,0,0,0,unresolved,unresolved,12,12,4522ca06a78bceb8,4,3,5,constructed fixture v1,6,1,0.066541,0.066208,0.073375,,,,,,669b18c6d2d9c95b,45084.985197096525,2228224,0.000959,0.0009299999999999999,0.007492207999999501,0,0,0,0,0,0,0,0,0,0,8,,,,,,,,,,,,,,,,,,,,,,,,,,,,,,,,,,,
schedule-random,3,31,1000,3,3,0,0,0,infeasible,infeasible,17,12,986a3535af5f81fb,4,3,6,constructed fixture v1,6,1,0.013875,0.012584,0.0155,,,,,,669b18c6d2d9c95b,216216.2162162162,2031616,0.0008489999999999999,0.000829,0.007267791000000301,0,0,0,0,0,0,2,5,1,,,,,,,,,,,,,,,,,,,,,,,,,,,,,,,,,,,,,
bounded-schedule-random,3,31,1000,3,3,0,0,0,unresolved,unresolved,17,12,986a3535af5f81fb,4,3,6,constructed fixture v1,6,1,0.066792,0.063917,0.074125,,,,,,669b18c6d2d9c95b,44915.55874955084,2244608,0.0008759999999999999,0.000808,0.00750516700000059,0,0,0,0,0,0,0,0,0,0,7,,,,,,,,,,,,,,,,,,,,,,,,,,,,,,,,,,,
schedule-random,3,32,1000,3,3,0,0,0,infeasible,infeasible,17,12,dae9a33e8ba9aa9b,4,3,5,constructed fixture v1,6,1,0.021375,0.02,0.024417,,,,,,669b18c6d2d9c95b,140350.87719298244,2048000,0.000887,0.0008309999999999999,0.007514458000000168,0,0,9,4,0,0,8,20,1,,,,,,,,,,,,,,,,,,,,,,,,,,,,,,,,,,,,,
bounded-schedule-random,3,32,1000,3,3,0,0,0,unresolved,unresolved,17,12,dae9a33e8ba9aa9b,4,3,5,constructed fixture v1,6,1,0.068834,0.067333,0.074166,,,,,,669b18c6d2d9c95b,43583.11299648429,2244608,0.000966,0.000897,0.007452916000000087,0,0,0,0,0,0,0,0,0,0,7,,,,,,,,,,,,,,,,,,,,,,,,,,,,,,,,,,,
schedule-random,3,33,1000,3,3,0,0,0,infeasible,infeasible,15,12,cc12cf9f58450959,4,3,5,constructed fixture v1,6,1,0.02225,0.02125,0.023,,,,,,669b18c6d2d9c95b,134831.4606741573,2048000,0.0008049999999999999,0.000744,0.007355124999999241,3,0,6,5,3,0,14,26,1,,,,,,,,,,,,,,,,,,,,,,,,,,,,,,,,,,,,,
bounded-schedule-random,3,33,1000,3,3,0,0,0,unresolved,unresolved,15,12,cc12cf9f58450959,4,3,5,constructed fixture v1,6,1,0.059166,0.056459,0.061458,,,,,,669b18c6d2d9c95b,50704.79667376533,2195456,0.000828,0.0008139999999999999,0.007402292000000088,0,0,0,0,0,0,0,0,0,0,7,,,,,,,,,,,,,,,,,,,,,,,,,,,,,,,,,,,
schedule-random,3,34,1000,3,3,0,0,0,infeasible,infeasible,14,12,15cceae3ed9957e5,4,3,5,constructed fixture v1,6,1,0.024584,0.023083,0.026208,,,,,,669b18c6d2d9c95b,122030.58900097624,2064384,0.0009159999999999999,0.000899,0.007556166999999725,0,0,9,7,0,0,2,20,1,,,,,,,,,,,,,,,,,,,,,,,,,,,,,,,,,,,,,
bounded-schedule-random,3,34,1000,3,3,0,0,0,unresolved,unresolved,14,12,15cceae3ed9957e5,4,3,5,constructed fixture v1,6,1,0.085292,0.073916,0.088125,,,,,,669b18c6d2d9c95b,35173.28706092013,2260992,0.000931,0.000841,0.007469750000000275,0,0,0,0,0,0,0,0,0,0,8,,,,,,,,,,,,,,,,,,,,,,,,,,,,,,,,,,,
schedule-random,3,35,1000,3,3,0,0,0,optimal,optimal,17,12,ec0eacb39a5c12aa,4,3,5,constructed fixture v1,6,1,0.037416,0.036708,0.043292,18,,4,3,0,7ad5114a1e8d1603,80179.60230917255,2113536,0.000832,0.000802,0.007321042000000055,19,15,41,19,1,1,15,48,1,,,,,,,,,,,,,,,,,,,,,,,,,,,,,,,,,,,,,
bounded-schedule-random,3,35,1000,3,3,0,0,0,feasible,feasible,17,12,ec0eacb39a5c12aa,4,3,5,constructed fixture v1,6,1,0.096584,0.095417,0.111167,18,,4,3,,7ad5114a1e8d1603,31061.045307711418,2326528,0.0009069999999999999,0.000808,0.0073104999999999976,0,0,0,0,0,0,0,0,0,0,0,,,,,,,,,,,,,,,,,,,,,,,,,,,,,,,,,,,
schedule-random,3,36,1000,3,3,0,0,0,infeasible,infeasible,9,12,24ac7af6550cad39,4,3,4,constructed fixture v1,6,1,0.015625,0.015,0.016667,,,,,,669b18c6d2d9c95b,192000.0,2031616,0.000865,0.001135,0.0075944999999997265,0,0,1,1,0,0,4,9,1,,,,,,,,,,,,,,,,,,,,,,,,,,,,,,,,,,,,,
bounded-schedule-random,3,36,1000,3,3,0,0,0,unresolved,unresolved,9,12,24ac7af6550cad39,4,3,4,constructed fixture v1,6,1,0.054833,0.053667,0.057625,,,,,,669b18c6d2d9c95b,54711.57879379206,2228224,0.000765,0.000726,0.007446374999999783,0,0,0,0,0,0,0,0,0,0,10,,,,,,,,,,,,,,,,,,,,,,,,,,,,,,,,,,,
schedule-random,3,37,1000,3,3,0,0,0,infeasible,infeasible,12,12,32b29fbcddd6818c,4,3,4,constructed fixture v1,6,1,0.016875,0.016458,0.017583,,,,,,669b18c6d2d9c95b,177777.77777777778,2048000,0.000727,0.000721,0.007134166000000164,0,0,5,4,0,0,3,13,1,,,,,,,,,,,,,,,,,,,,,,,,,,,,,,,,,,,,,
bounded-schedule-random,3,37,1000,3,3,0,0,0,unresolved,unresolved,12,12,32b29fbcddd6818c,4,3,4,constructed fixture v1,6,1,0.06175,0.060875,0.068042,,,,,,669b18c6d2d9c95b,48582.995951417004,2211840,0.000825,0.000734,0.007423916999999669,0,0,0,0,0,0,0,0,0,0,8,,,,,,,,,,,,,,,,,,,,,,,,,,,,,,,,,,,
schedule-random,3,38,1000,3,3,0,0,0,infeasible,infeasible,14,12,64bfc4baa8996c74,4,3,5,constructed fixture v1,6,1,0.024667,0.022792,0.024792,,,,,,669b18c6d2d9c95b,121619.97810840393,2064384,0.000803,0.000784,0.007287707999999782,0,0,13,7,0,0,8,29,1,,,,,,,,,,,,,,,,,,,,,,,,,,,,,,,,,,,,,
bounded-schedule-random,3,38,1000,3,3,0,0,0,unresolved,unresolved,14,12,64bfc4baa8996c74,4,3,5,constructed fixture v1,6,1,0.073542,0.065417,0.083208,,,,,,669b18c6d2d9c95b,40793.01623562047,2260992,0.000839,0.000798,0.007370458000000468,0,0,0,0,0,0,0,0,0,0,8,,,,,,,,,,,,,,,,,,,,,,,,,,,,,,,,,,,
schedule-random,3,39,1000,3,3,0,0,0,infeasible,infeasible,17,12,4a7c565f9febf528,4,3,6,constructed fixture v1,6,1,0.016083,0.014333,0.017958,,,,,,669b18c6d2d9c95b,186532.36336504383,2031616,0.000851,0.000949,0.007559334000000639,0,0,0,0,0,0,0,3,1,,,,,,,,,,,,,,,,,,,,,,,,,,,,,,,,,,,,,
bounded-schedule-random,3,39,1000,3,3,0,0,0,unresolved,unresolved,17,12,4a7c565f9febf528,4,3,6,constructed fixture v1,6,1,0.070459,0.06975,0.079792,,,,,,669b18c6d2d9c95b,42577.95313586625,2260992,0.0008749999999999999,0.0009329999999999999,0.007474374999999256,0,0,0,0,0,0,0,0,0,0,24,,,,,,,,,,,,,,,,,,,,,,,,,,,,,,,,,,,
schedule-random,3,40,1000,3,3,0,0,0,optimal,optimal,10,12,de4ba30ab92afc34,4,3,5,constructed fixture v1,6,1,0.031458,0.029583,0.032208,11,,4,3,0,aa6661a9e49ff545,95365.24890329962,2097152,0.0009199999999999999,0.001065,0.007569541999999707,9,5,16,8,0,1,8,26,1,,,,,,,,,,,,,,,,,,,,,,,,,,,,,,,,,,,,,
bounded-schedule-random,3,40,1000,3,3,0,0,0,feasible,feasible,10,12,de4ba30ab92afc34,4,3,5,constructed fixture v1,6,1,0.085666,0.084708,0.100083,11,,4,3,,aa6661a9e49ff545,35019.72777998272,2293760,0.0009939999999999999,0.0011309999999999998,0.0077501670000001965,0,0,0,0,0,0,0,0,0,0,0,,,,,,,,,,,,,,,,,,,,,,,,,,,,,,,,,,,
schedule-random,3,41,1000,3,3,0,0,0,optimal,optimal,15,12,d4cddc1917c654f2,4,3,5,constructed fixture v1,6,1,0.043083,0.042583,0.044458,16,,5,3,0,92f3ea2f66d161e5,69633.03391128751,2113536,0.000865,0.0008709999999999999,0.007577334000000491,37,30,47,21,3,2,5,54,1,,,,,,,,,,,,,,,,,,,,,,,,,,,,,,,,,,,,,
bounded-schedule-random,3,41,1000,3,3,0,0,0,feasible,feasible,15,12,d4cddc1917c654f2,4,3,5,constructed fixture v1,6,1,0.116792,0.114875,0.129042,16,,5,3,,92f3ea2f66d161e5,25686.69086923762,2359296,0.000997,0.0008269999999999999,0.007412207999999865,0,0,0,0,0,0,0,0,0,0,0,,,,,,,,,,,,,,,,,,,,,,,,,,,,,,,,,,,
schedule-random,3,42,1000,3,3,0,0,0,optimal,optimal,15,12,3a88ec1a4aa2425f,4,3,4,constructed fixture v1,6,1,0.024125,0.023084,0.02525,7,,3,3,0,3e65d5476ba163fa,124352.33160621762,2080768,0.0008709999999999999,0.000825,0.0073582499999993445,6,2,5,5,0,1,5,24,1,,,,,,,,,,,,,,,,,,,,,,,,,,,,,,,,,,,,,
bounded-schedule-random,3,42,1000,3,3,0,0,0,feasible,feasible,15,12,3a88ec1a4aa2425f,4,3,4,constructed fixture v1,6,1,0.0865,0.082333,0.088542,7,,3,3,,3e65d5476ba163fa,34682.080924855494,2310144,0.000917,0.0008089999999999999,0.0073441249999994795,0,0,0,0,0,0,0,0,0,0,0,,,,,,,,,,,,,,,,,,,,,,,,,,,,,,,,,,,
schedule-random,3,43,1000,3,3,0,0,0,optimal,optimal,15,12,4ae24d8677819647,4,3,6,constructed fixture v1,6,1,0.034,0.031125,0.034667,15,,4,5,0,69dcf1e68344ed68,88235.29411764706,2113536,0.000927,0.00086,0.007366375000000147,7,3,18,10,4,1,25,49,1,,,,,,,,,,,,,,,,,,,,,,,,,,,,,,,,,,,,,
bounded-schedule-random,3,43,1000,3,3,0,0,0,feasible,feasible,15,12,4ae24d8677819647,4,3,6,constructed fixture v1,6,1,0.099792,0.093708,0.100666,15,,4,5,,69dcf1e68344ed68,30062.53006253006,2293760,0.000962,0.000837,0.007345750000000706,0,0,0,0,0,0,0,0,0,0,2,,,,,,,,,,,,,,,,,,,,,,,,,,,,,,,,,,,
schedule-random,3,44,1000,3,3,0,0,0,infeasible,infeasible,17,12,aa88444e6923a211,4,3,5,constructed fixture v1,6,1,0.032459,0.032458,0.035542,,,,,,669b18c6d2d9c95b,92424.28910317631,2097152,0.000837,0.000833,0.0072834159999999315,10,0,24,11,9,0,14,41,1,,,,,,,,,,,,,,,,,,,,,,,,,,,,,,,,,,,,,
bounded-schedule-random,3,44,1000,3,3,0,0,0,unresolved,unresolved,17,12,aa88444e6923a211,4,3,5,constructed fixture v1,6,1,0.113625,0.105541,0.115292,,,,,,669b18c6d2d9c95b,26402.640264026402,2342912,0.000941,0.00081,0.007344500000000309,0,0,0,0,0,0,0,0,0,0,10,,,,,,,,,,,,,,,,,,,,,,,,,,,,,,,,,,,
schedule-random,3,45,1000,3,3,0,0,0,optimal,optimal,13,12,796f474564b7c596,4,3,4,constructed fixture v1,6,1,0.035292,0.03075,0.035875,20,,5,3,0,f329325184a650bb,85005.10030601836,2097152,0.000861,0.0008269999999999999,0.007549500000000542,8,4,14,7,0,1,17,43,1,,,,,,,,,,,,,,,,,,,,,,,,,,,,,,,,,,,,,
bounded-schedule-random,3,45,1000,3,3,0,0,0,feasible,feasible,13,12,796f474564b7c596,4,3,4,constructed fixture v1,6,1,0.106958,0.105375,0.112584,20,,5,3,,f329325184a650bb,28048.392827091007,2359296,0.000944,0.000837,0.007435749999999963,0,0,0,0,0,0,0,0,0,0,0,,,,,,,,,,,,,,,,,,,,,,,,,,,,,,,,,,,
schedule-random,3,46,1000,3,3,0,0,0,optimal,optimal,13,12,2665402be4634d1a,4,3,4,constructed fixture v1,6,1,0.035916,0.032708,0.0365,8,,4,6,0,29b8ce74cad2e3c9,83528.2325425994,2113536,0.0008849999999999999,0.0009519999999999999,0.007421374999999841,19,13,20,12,0,2,9,38,1,,,,,,,,,,,,,,,,,,,,,,,,,,,,,,,,,,,,,
bounded-schedule-random,3,46,1000,3,3,0,0,0,feasible,feasible,13,12,2665402be4634d1a,4,3,4,constructed fixture v1,6,1,0.109333,0.096833,0.114625,8,,4,6,,29b8ce74cad2e3c9,27439.108046061116,2326528,0.0009289999999999999,0.000855,0.007376791000000438,0,0,0,0,0,0,0,0,0,0,0,,,,,,,,,,,,,,,,,,,,,,,,,,,,,,,,,,,
schedule-random,3,47,1000,3,3,0,0,0,infeasible,infeasible,15,12,17c7be846bbf0519,4,3,4,constructed fixture v1,6,1,0.016583,0.015292,0.017542,,,,,,669b18c6d2d9c95b,180908.158957969,2031616,0.000846,0.0008659999999999999,0.007393375000000368,0,0,0,0,0,0,3,7,1,,,,,,,,,,,,,,,,,,,,,,,,,,,,,,,,,,,,,
bounded-schedule-random,3,47,1000,3,3,0,0,0,unresolved,unresolved,15,12,17c7be846bbf0519,4,3,4,constructed fixture v1,6,1,0.086625,0.078875,0.107333,,,,,,669b18c6d2d9c95b,34632.034632034636,2277376,0.000998,0.001018,0.00762324999999997,0,0,0,0,0,0,0,0,0,0,8,,,,,,,,,,,,,,,,,,,,,,,,,,,,,,,,,,,
window-contended-schedule,4,0,1000,3,3,0,0,0,optimal,optimal,12,2,60515e5a784e07aa,2,7,7,"seed=0; warmup=8; releases=[8,12); timetable=[8,19]; full generated cohort including rejections; isolated from carry-in and background",1,1,0.033209,0.032625,0.036167,7,,7,8,0,36a969387b3c0d65,210786.2326477762,2441216,0.0010069999999999999,0.000811,0.007373000000000296,181,155,56,56,4,3,18,81,1,,,8,True,7,,,,,,,,,,,,,,,,,,,,,,,,,,,,,,,,
bounded-window-contended-schedule,4,0,1000,3,3,0,0,0,feasible,feasible,12,2,60515e5a784e07aa,2,7,7,"seed=0; warmup=8; releases=[8,12); timetable=[8,19]; full generated cohort including rejections; isolated from carry-in and background",1,1,0.041292,0.035666,0.047417,7,,7,8,,36a969387b3c0d65,169524.36307275016,2473984,0.001057,0.000807,0.007386834000000064,0,0,0,0,0,0,0,0,0,0,0,8,True,7,,,,,,,,,,,,,,,,,,,,,,,,,,,,,,,,
window-contended-schedule,4,42,1000,3,3,0,0,0,optimal,optimal,12,2,6bd6abe3732d2ed9,2,11,11,"seed=42; warmup=8; releases=[8,12); timetable=[8,19]; full generated cohort including rejections; isolated from carry-in and background",1,1,4.423542,4.260291,4.441792,11,,11,20,0,77df4a6cad5c253c,2486.69505116036,2572288,0.005442,0.0008659999999999999,0.007339292000000164,176782,148602,88,88,22739,3240,28,127,1,,,20,True,11,,,,,,,,,,,,,,,,,,,,,,,,,,,,,,,,
bounded-window-contended-schedule,4,42,1000,3,3,0,0,0,feasible,feasible,12,2,6bd6abe3732d2ed9,2,11,11,"seed=42; warmup=8; releases=[8,12); timetable=[8,19]; full generated cohort including rejections; isolated from carry-in and background",1,1,0.040083,0.039416,0.0405,11,,11,20,,77df4a6cad5c253c,274430.5565950652,2572288,0.0009239999999999999,0.00071,0.007269583000000246,0,0,0,0,0,0,0,0,0,0,0,20,True,11,,,,,,,,,,,,,,,,,,,,,,,,,,,,,,,,
window-contended-schedule,4,99,1000,3,3,0,0,0,optimal,optimal,12,2,12dfd45e120a79ee,2,11,11,"seed=99; warmup=8; releases=[8,12); timetable=[8,19]; full generated cohort including rejections; isolated from carry-in and background",1,1,1.047292,1.0285,1.052333,11,,11,18,0,9fdd432479e9a773,10503.278932714087,2539520,0.002006,0.000931,0.007651166999999681,42729,36170,88,88,5424,540,26,125,1,,,18,True,11,,,,,,,,,,,,,,,,,,,,,,,,,,,,,,,,
bounded-window-contended-schedule,4,99,1000,3,3,0,0,0,feasible,feasible,12,2,12dfd45e120a79ee,2,11,11,"seed=99; warmup=8; releases=[8,12); timetable=[8,19]; full generated cohort including rejections; isolated from carry-in and background",1,1,0.042208,0.040208,0.043625,11,,11,18,,9fdd432479e9a773,260614.10159211524,2523136,0.0009839999999999998,0.000775,0.007363250000000043,0,0,0,0,0,0,0,0,0,0,0,18,True,11,,,,,,,,,,,,,,,,,,,,,,,,,,,,,,,,
bounded-schedule-ties,128,42,1000,3,3,0,0,0,feasible,feasible,2,4,29681e2de3d0e1d7,2,128,128,constructed fixture v1,2,1,0.165209,0.165167,0.167583,128,128,128,0,,4adcdaff0dfb9ccf,774776.1925803075,2768896,0.001121,0.0007869999999999999,0.007318999999999853,0,0,0,0,0,0,0,0,0,0,0,,,,,,,,,,,,,,,,,,,,,,,,,,,,,,,,,,,
bounded-schedule-contention,128,42,1000,3,3,0,0,0,feasible,feasible,128,2,cebe05ff9d0af13f,2,128,128,constructed fixture v1,1,1,1.865334,1.848792,1.949334,128,128,128,8128,,82eecdef89d071a6,68620.4186488854,3031040,0.00294,0.0008359999999999999,0.007242541000000102,0,0,0,0,0,0,0,0,0,0,0,,,,,,,,,,,,,,,,,,,,,,,,,,,,,,,,,,,
bounded-schedule-reverse-deadline,128,42,1000,3,3,0,0,0,feasible,feasible,128,2,c475011007df7357,2,128,128,constructed fixture v1,1,1,0.674041,0.665791,0.707334,128,128,128,8128,,596a0cd98ba998a8,189899.4274828979,2998272,0.001756,0.00078,0.007315499999999808,0,0,0,0,0,0,0,0,0,0,64,,,,,,,,,,,,,,,,,,,,,,,,,,,,,,,,,,,
bounded-schedule-dense,128,42,1000,3,3,0,0,0,feasible,feasible,1,16256,f658c28d08d3b626,128,1,1,constructed fixture v1,1,1,0.073208,0.072667,0.073792,1,1,1,1,,e0f6c4abd6209805,13659.709321385642,2375680,0.0008259999999999999,0.0007599999999999999,0.0074727920000006165,0,0,0,0,0,0,0,0,0,0,0,,,,,,,,,,,,,,,,,,,,,,,,,,,,,,,,,,,
bounded-schedule-multihop-slots,256,42,1000,3,3,0,0,0,feasible,feasible,768,6,91b84130596e0d3c,4,1,1,constructed fixture v1,3,1,0.810041,0.744667,0.811584,3,3,3,0,,7cf088236923f309,1234.5054139234926,2899968,0.00243,0.00075,0.0071479590000000925,0,0,0,0,0,0,0,0,0,0,0,,,,,,,,,,,,,,,,,,,,,,,,,,,,,,,,,,,
bounded-schedule-knapsack,128,42,1000,3,3,0,0,0,feasible,feasible,2,4,dc33c0d09288cde3,2,128,254,constructed fixture v1,2,1,0.218875,0.201,0.227375,132,132,128,0,,93b5fe6ebeaefb3d,584808.6807538549,2801664,0.001143,0.0007599999999999999,0.007380208999999915,0,0,0,0,0,0,0,0,0,0,0,,,,,,,,,,,,,,,,,,,,,,,,,,,,,,,,,,,
sim-pinned,2,42,1000,3,3,0,0,0,simulated,simulated,,6,6cac184ac5262d11,3,,,,3,1,2.454791,2.449041,2.767458,2263,,,,,4b5f141396f29834,,2621440,0.0034679999999999997,0.000794,0.007303207999999728,0,383,1142,759,0,0,0,2660,759,0,0,,,,64,32,0,1,383,376,0,376,376,759,7178,383,759,0,0,0,0,0,0,32,383,13125,3250,3250,17583,0.376,309191.2916415288,407366.6556541881,0.0,0.5046113306982872,,
bounded-sim-pinned,2,42,1000,3,3,0,0,0,simulated,simulated,,6,1dbc9af1f6cada93,3,,,,3,1,2.040667,1.98675,2.216834,2667,,,,,47998e80a28c7ade,,2768896,0.002934,0.000695,0.007248999999999839,0,0,0,0,0,0,0,0,0,0,0,,,,64,32,0,1,376,759,376,759,759,1135,7547,0,759,0,0,0,0,0,0,32,0,12458,3000,2667,15875,0.759,371937.21464599564,490035.85592357797,0.0,0.0,,
sim-load,13,42,1000,3,3,0,0,0,simulated,simulated,,2,3c6a37ee9fbfd289,2,,,,1,1,16.193875,15.468625,17.142083,9780,,,,,ee76ccd6715b2b18,,2834432,0.0178,0.000909,0.02411399999999997,0,0,9780,9780,0,0,0,22525,12745,0,0,,,,64,32,17,25,12745,9770,12723,9770,9770,9780,49887,0,9787,1,9,15,2965,0,0,32,0,31500,20708,19500,33291,9.77,604364.304405215,61751.74255698528,2.965,0.0,,
bounded-sim-load,13,42,1000,3,3,0,0,0,simulated,simulated,,2,52ce1a41a92f71cb,2,,,,1,1,19.966708,19.9005,20.293583,9780,,,,,3e91bbfee3b7c23c,,3260416,0.020822,0.0008539999999999999,0.026035792000000058,0,0,0,0,0,0,0,0,0,0,0,,,,64,32,17,25,12745,9770,12723,9770,9770,9780,49894,0,9787,1,9,15,2965,0,2,32,0,47125,23500,23833,50584,9.77,490165.9302074233,50083.36877566397,2.965,0.0,,
sim-load,16,42,1000,3,3,0,0,0,simulated,simulated,,2,7a89d8d2675a270e,2,,,,1,1,43.892875,42.733667,46.231959,10000,,,,,7ce01f6ecb37fb64,,2916352,0.046622,0.001031,0.050987665999999265,0,0,10000,10000,0,0,0,73266,63266,0,0,,,,64,32,64,64,63266,9990,63028,9990,9990,10000,54914,0,11994,5,54,54,53266,1940,0,32,1940,75625,53292,49542,75750,9.99,273256.19476965227,22782.74093460499,53.266,0.1617475404368851,,
bounded-sim-load,16,42,1000,3,3,0,0,0,simulated,simulated,,2,eefc86894fcc210c,2,,,,1,1,32.058959,31.769333,32.752583,10000,,,,,fc14269ad51f6783,,3293184,0.033227,0.000966,0.03863600000000034,0,0,0,0,0,0,0,0,0,0,0,,,,64,32,64,64,63266,9990,63028,9990,9990,10000,54968,0,11994,5,54,54,53266,1940,7,32,1940,61416,35750,37208,69958,9.99,374123.189714301,31192.528740562033,53.266,0.1617475404368851,,
sim-outage,8,42,1000,3,3,0,0,0,simulated,simulated,,2,b0c350e1388b9d26,2,,,,1,1,31.0465,30.926,32.625209,1246,,,,,707d606767b903ae,,2818048,0.033153999999999996,0.001018,0.03867200000000004,0,0,1246,1246,0,0,740,53969,51983,0,0,,,,64,32,46,56,47273,1246,9393,1246,1246,1246,21406,4710,6002,7,53,56,46027,0,0,32,4710,54166,39583,38083,56958,1.246,193322.91884753515,32209.749891292093,46.027,0.7847384205264911,,
bounded-sim-outage,8,42,1000,3,3,0,0,0,simulated,simulated,,2,f9a9968fcdb2dd64,2,,,,1,1,36.396791,36.283375,38.909875,1246,,,,,f1a6419ae4f7c577,,3325952,0.039478,0.001101,0.04485024999999965,0,0,0,0,0,0,0,0,0,0,85954,,,,64,32,46,56,47273,1246,9393,1246,1246,1246,21416,4710,6002,7,53,56,46027,0,1,32,4710,62958,45458,45458,70916,1.246,164904.64777512942,27474.949645972913,46.027,0.7847384205264911,,
sim-backlog,256,42,1000,3,3,0,0,0,simulated,simulated,,2,a98d031615b48781,2,,,,1,1,138.9555,137.061459,146.872916,0,,,,,96f93cd4c8cff4d5,,3768320,0.14592,0.0018369999999999999,0.15117949999999958,0,0,0,0,0,0,0,250815,250815,0,0,,,,256,32,256,256,250815,0,0,0,0,0,12748,0,6002,999,256,256,250815,5746,0,32,5746,378666,186500,157000,378666,0.0,43193.684309005395,7196.5485353224585,250.815,0.9573475508163946,,
bounded-sim-backlog,256,42,1000,3,3,0,0,0,simulated,simulated,,2,68ab790aea5897ff,2,,,,1,1,123.72125,116.513125,130.630875,0,,,,,7ba4099b574e5945,,4243456,0.12967499999999998,0.002075,0.13416491699999966,0,0,0,0,0,0,0,0,0,0,752564,,,,256,32,256,256,250815,0,0,0,0,0,12748,0,6002,999,256,256,250815,5746,0,32,5746,168625,139459,139459,401834,0.0,48512.28063085364,8082.685876516767,250.815,0.9573475508163946,,
sim-density,9,42,1000,3,3,0,0,0,simulated,simulated,,72,66136791fbac3451,9,,,,1,1,2147.0835,2140.735542,2167.014042,0,,,,,a39f761d7f00f74f,,2752512,2.150232,0.015847,2.173950208999999,0,0,72788859,10398300,0,0,0,20796600,759,0,0,,,,64,32,0,0,0,759,0,759,759,759,4795,0,759,0,0,0,0,0,0,32,0,3156667,2927042,2939750,3780417,0.759,353.5027864542762,465.7480717447644,0.0,0.0,,
bounded-sim-density,9,42,1000,3,3,0,0,0,simulated,simulated,,72,c08a487ef37a34d3,9,,,,1,1,1.919125,1.814167,2.064,0,,,,,e66e7225134b0cc2,,2752512,0.002823,0.0009609999999999999,0.0075468750000027285,0,0,0,0,0,0,0,0,0,0,0,,,,64,32,0,0,0,759,0,759,759,759,4795,0,759,0,0,0,0,0,0,32,0,14500,2792,2667,17208,0.759,395492.7375757181,521070.80049501726,0.0,0.0,,
bounded-sim-density,32,42,1000,3,3,0,0,0,simulated,simulated,,992,9c4645c591a08782,32,,,,1,1,3.969417,3.87775,4.233917,0,,,,,93c3056ecff87be8,,2768896,0.004954,0.000823,0.012222708999999554,0,0,0,0,0,0,0,0,0,0,0,,,,64,32,0,0,0,759,0,759,759,759,4795,0,759,0,0,0,0,0,0,32,0,20625,6666,6125,20625,0.759,191211.958834257,251926.16447201188,0.0,0.0,,
bounded-sim-density,128,42,1000,3,3,0,0,0,simulated,simulated,,16256,5b9ffed9fb676932,128,,,,1,1,13.128291,12.992167,13.281125,0,,,,,3dfbe9dc61758593,,2949120,0.013968,0.0008709999999999999,0.019772709000001498,0,0,0,0,0,0,0,0,0,0,0,,,,64,32,0,0,0,759,0,759,759,759,4795,0,759,0,0,0,0,0,0,32,0,39084,18459,18958,40958,0.759,57814.07496223233,76171.37676183443,0.0,0.0,,
bounded-sim-density,256,42,1000,3,3,0,0,0,simulated,simulated,,65280,acfde56d78dce8a2,256,,,,1,1,25.61575,25.248166,28.346167,0,,,,,5d46a02fa5bc6106,,3211264,0.029137999999999997,0.000968,0.03243679200000216,0,0,0,0,0,0,0,0,0,0,0,,,,64,32,0,0,0,759,0,759,759,759,4795,0,759,0,0,0,0,0,0,32,0,63292,37542,37542,71250,0.759,29630.207977513834,39038.482183812695,0.0,0.0,,
schedule-mixed,3,0,1000,3,3,0,0,0,optimal,optimal,20,24,9cec41b1e43e911c,4,3,5,constructed fixture v1,7,1,0.176375,0.170208,0.184584,11,,3,4,0,f23f7307048cb797,17009.21332388377,2572288,0.000834,0.000665,0.00723275000000001,295,291,872,330,36,1,121,572,1,,,,,,,,,,,,,,,,,,,,,,,,,,,,,,,,,,,,,
bounded-schedule-mixed,3,0,1000,3,3,0,0,0,feasible,feasible,20,24,9cec41b1e43e911c,4,3,5,constructed fixture v1,7,1,0.115167,0.108208,0.1245,11,,3,4,,f23f7307048cb797,26049.128656646433,2326528,0.000802,0.0006969999999999999,0.007284999999999542,0,0,0,0,0,0,0,0,0,0,0,,,,,,,,,,,,,,,,,,,,,,,,,,,,,,,,,,,
schedule-mixed,3,1,1000,3,3,0,0,0,optimal,optimal,18,24,9eca8073db0a81d1,4,3,4,constructed fixture v1,7,1,0.185875,0.183667,0.189625,107,,4,3,0,04f8481d9140666d,16139.878950907867,2555904,0.000879,0.000762,0.007404083000000838,321,317,867,328,8,1,101,553,1,,,,,,,,,,,,,,,,,,,,,,,,,,,,,,,,,,,,,
bounded-schedule-mixed,3,1,1000,3,3,0,0,0,feasible,feasible,18,24,9eca8073db0a81d1,4,3,4,constructed fixture v1,7,1,0.131083,0.129042,0.132125,107,,4,3,,04f8481d9140666d,22886.26290213071,2375680,0.0008939999999999999,0.000745,0.007224499999999523,0,0,0,0,0,0,0,0,0,0,0,,,,,,,,,,,,,,,,,,,,,,,,,,,,,,,,,,,
schedule-mixed,3,2,1000,3,3,0,0,0,optimal,optimal,18,24,db19a742ba255800,4,3,4,constructed fixture v1,7,1,0.137333,0.134209,0.140209,29,,6,4,0,e78ff15b54f1db1a,21844.713215323336,2359296,0.00089,0.00073,0.007246166999998138,148,144,380,147,0,1,238,454,1,,,,,,,,,,,,,,,,,,,,,,,,,,,,,,,,,,,,,
bounded-schedule-mixed,3,2,1000,3,3,0,0,0,feasible,feasible,18,24,db19a742ba255800,4,3,4,constructed fixture v1,7,1,0.128958,0.127125,0.129833,29,,6,4,,e78ff15b54f1db1a,23263.38807983995,2359296,0.000906,0.000783,0.007311999999998875,0,0,0,0,0,0,0,0,0,0,0,,,,,,,,,,,,,,,,,,,,,,,,,,,,,,,,,,,
schedule-mixed,3,3,1000,3,3,0,0,0,optimal,optimal,17,24,916a8fcdaed7fc65,4,3,4,constructed fixture v1,7,1,0.166167,0.156042,0.172333,104,,3,3,0,7c3203f0f3f297f5,18054.126270559136,2392064,0.0009699999999999999,0.0007769999999999999,0.007351041999999808,495,485,472,185,20,1,143,407,1,,,,,,,,,,,,,,,,,,,,,,,,,,,,,,,,,,,,,
bounded-schedule-mixed,3,3,1000,3,3,0,0,0,feasible,feasible,17,24,916a8fcdaed7fc65,4,3,4,constructed fixture v1,7,1,0.107667,0.105542,0.119125,104,,3,3,,7c3203f0f3f297f5,27863.690824486614,2310144,0.0009329999999999999,0.000848,0.007401583000000045,0,0,0,0,0,0,0,0,0,0,0,,,,,,,,,,,,,,,,,,,,,,,,,,,,,,,,,,,
schedule-mixed,3,4,1000,3,3,0,0,0,optimal,optimal,18,24,f7cc9714fe189894,4,3,3,constructed fixture v1,7,1,0.183792,0.1785,0.193916,112,,3,3,0,e4c88b4035fbd025,16322.799686602246,2424832,0.0011229999999999999,0.001037,0.00751070799999809,194,190,497,193,0,1,253,523,1,,,,,,,,,,,,,,,,,,,,,,,,,,,,,,,,,,,,,
bounded-schedule-mixed,3,4,1000,3,3,0,0,0,feasible,feasible,18,24,f7cc9714fe189894,4,3,3,constructed fixture v1,7,1,0.184041,0.181166,0.191917,112,,3,3,,e4c88b4035fbd025,16300.7156014149,2375680,0.001064,0.000948,0.007550957999999497,0,0,0,0,0,0,0,0,0,0,0,,,,,,,,,,,,,,,,,,,,,,,,,,,,,,,,,,,
schedule-mixed,3,5,1000,3,3,0,0,0,optimal,optimal,20,24,15fe19fadcd60da4,4,3,6,constructed fixture v1,7,1,0.13375,0.127709,0.140458,8,,4,5,0,0ae55011cb6febe2,22429.906542056076,2359296,0.001,0.0008049999999999999,0.007387624999999787,142,138,367,145,4,1,95,306,1,,,,,,,,,,,,,,,,,,,,,,,,,,,,,,,,,,,,,
bounded-schedule-mixed,3,5,1000,3,3,0,0,0,feasible,feasible,20,24,15fe19fadcd60da4,4,3,6,constructed fixture v1,7,1,0.108416,0.103709,0.142291,8,,4,5,,0ae55011cb6febe2,27671.192443919717,2342912,0.0009299999999999999,0.0008219999999999999,0.0072947499999997945,0,0,0,0,0,0,0,0,0,0,0,,,,,,,,,,,,,,,,,,,,,,,,,,,,,,,,,,,
schedule-mixed,3,6,1000,3,3,0,0,0,optimal,optimal,17,24,8538eb4eb908e64c,4,3,6,constructed fixture v1,7,1,0.1635,0.162042,0.169333,300,,3,0,0,3f86e455e18a917c,18348.623853211007,2424832,0.00098,0.000797,0.007403958000001154,221,217,566,220,0,1,114,438,1,,,,,,,,,,,,,,,,,,,,,,,,,,,,,,,,,,,,,
bounded-schedule-mixed,3,6,1000,3,3,0,0,0,feasible,feasible,17,24,8538eb4eb908e64c,4,3,6,constructed fixture v1,7,1,0.068125,0.059167,0.071042,300,,3,0,,3f86e455e18a917c,44036.69724770642,2211840,0.000922,0.00087,0.007391500000000661,0,0,0,0,0,0,0,0,0,0,0,,,,,,,,,,,,,,,,,,,,,,,,,,,,,,,,,,,
schedule-mixed,3,7,1000,3,3,0,0,0,optimal,optimal,20,24,592aa3b01280cfb1,4,3,3,constructed fixture v1,7,1,0.201542,0.183583,0.202875,7,,3,3,0,7f1c4e7f27f190f2,14885.234839388317,2441216,0.00104,0.000901,0.007448375000002727,251,245,565,221,3,2,323,632,1,,,,,,,,,,,,,,,,,,,,,,,,,,,,,,,,,,,,,
bounded-schedule-mixed,3,7,1000,3,3,0,0,0,feasible,feasible,20,24,592aa3b01280cfb1,4,3,3,constructed fixture v1,7,1,0.104958,0.104125,0.114833,7,,3,3,,7f1c4e7f27f190f2,28582.861716115018,2277376,0.0009419999999999999,0.0007959999999999999,0.00728979199999813,0,0,0,0,0,0,0,0,0,0,0,,,,,,,,,,,,,,,,,,,,,,,,,,,,,,,,,,,
schedule-mixed,3,8,1000,3,3,0,0,0,optimal,optimal,20,24,363aaa897897f3e9,4,3,5,constructed fixture v1,7,1,0.207208,0.202709,0.213083,203,,3,0,0,1705b07d8251cd38,14478.205474692097,2506752,0.001027,0.000816,0.007399959000000678,260,256,688,259,0,1,177,536,1,,,,,,,,,,,,,,,,,,,,,,,,,,,,,,,,,,,,,
bounded-schedule-mixed,3,8,1000,3,3,0,0,0,feasible,feasible,20,24,363aaa897897f3e9,4,3,5,constructed fixture v1,7,1,0.163666,0.152125,0.164125,203,,3,0,,1705b07d8251cd38,18330.013564210036,2359296,0.001042,0.000856,0.007326875000000399,0,0,0,0,0,0,0,0,0,0,0,,,,,,,,,,,,,,,,,,,,,,,,,,,,,,,,,,,
schedule-mixed,3,9,1000,3,3,0,0,0,optimal,optimal,19,24,cf34db0e033fde4c,4,3,6,constructed fixture v1,7,1,0.12925,0.121917,0.131708,103,,3,4,0,0726f2154caecd2b,23210.83172147002,2277376,0.00098,0.0008759999999999999,0.007499709000001076,113,109,276,112,0,1,187,356,1,,,,,,,,,,,,,,,,,,,,,,,,,,,,,,,,,,,,,
bounded-schedule-mixed,3,9,1000,3,3,0,0,0,feasible,feasible,19,24,cf34db0e033fde4c,4,3,6,constructed fixture v1,7,1,0.08325,0.081834,0.086666,103,,3,4,,0726f2154caecd2b,36036.036036036036,2244608,0.000926,0.000842,0.007290000000001129,0,0,0,0,0,0,0,0,0,0,0,,,,,,,,,,,,,,,,,,,,,,,,,,,,,,,,,,,
schedule-mixed,3,10,1000,3,3,0,0,0,optimal,optimal,16,24,7b1db8e80e013cd6,4,3,4,constructed fixture v1,7,1,0.141875,0.134958,0.148458,205,,3,1,0,58f7bda43b3ab35b,21145.374449339208,2359296,0.000957,0.0008089999999999999,0.007346833999999802,339,328,431,169,11,2,84,336,1,,,,,,,,,,,,,,,,,,,,,,,,,,,,,,,,,,,,,
bounded-schedule-mixed,3,10,1000,3,3,0,0,0,feasible,feasible,16,24,7b1db8e80e013cd6,4,3,4,constructed fixture v1,7,1,0.134917,0.133792,0.141125,205,,3,1,,58f7bda43b3ab35b,22235.89317876917,2342912,0.000995,0.0008719999999999999,0.007380125000000959,0,0,0,0,0,0,0,0,0,0,0,,,,,,,,,,,,,,,,,,,,,,,,,,,,,,,,,,,
schedule-mixed,3,11,1000,3,3,0,0,0,optimal,optimal,19,24,1379d8852ecc1de1,4,3,6,constructed fixture v1,7,1,0.13375,0.131333,0.14125,300,,3,0,0,3e83fbdf8f35d2c7,22429.906542056076,2375680,0.000954,0.000882,0.0074031659999995725,144,140,365,143,0,1,121,336,1,,,,,,,,,,,,,,,,,,,,,,,,,,,,,,,,,,,,,
bounded-schedule-mixed,3,11,1000,3,3,0,0,0,feasible,feasible,19,24,1379d8852ecc1de1,4,3,6,constructed fixture v1,7,1,0.067917,0.062417,0.0745,300,,3,0,,3e83fbdf8f35d2c7,44171.56234816025,2211840,0.0009689999999999999,0.00112,0.007892417000000762,0,0,0,0,0,0,0,0,0,0,0,,,,,,,,,,,,,,,,,,,,,,,,,,,,,,,,,,,
schedule-mixed,3,12,1000,3,3,0,0,0,optimal,optimal,20,24,f79562ec6ed442cb,4,3,4,constructed fixture v1,7,1,0.1485,0.132791,0.157708,104,,4,2,0,7f1368e1dc559f1f,20202.0202020202,2392064,0.0010659999999999999,0.0011359999999999999,0.007707832999997777,147,143,399,157,11,1,191,421,1,,,,,,,,,,,,,,,,,,,,,,,,,,,,,,,,,,,,,
bounded-schedule-mixed,3,12,1000,3,3,0,0,0,feasible,feasible,20,24,f79562ec6ed442cb,4,3,4,constructed fixture v1,7,1,0.10225,0.098,0.111334,104,,4,2,,7f1368e1dc559f1f,29339.8533007335,2326528,0.000857,0.000734,0.0074004579999993325,0,0,0,0,0,0,0,0,0,0,0,,,,,,,,,,,,,,,,,,,,,,,,,,,,,,,,,,,
schedule-mixed,3,13,1000,3,3,0,0,0,optimal,optimal,22,24,b43d38171c6f7cb8,4,3,4,constructed fixture v1,7,1,0.174959,0.169333,0.179375,3,,3,4,0,20e51bbb4aadb0db,17146.87441057619,2457600,0.000988,0.000798,0.00731479199999896,202,198,553,217,16,1,301,601,1,,,,,,,,,,,,,,,,,,,,,,,,,,,,,,,,,,,,,
bounded-schedule-mixed,3,13,1000,3,3,0,0,0,feasible,feasible,22,24,b43d38171c6f7cb8,4,3,4,constructed fixture v1,7,1,0.072375,0.064208,0.078916,3,,3,4,,20e51bbb4aadb0db,41450.77720207254,2244608,0.000839,0.000741,0.007319458000001333,0,0,0,0,0,0,0,0,0,0,0,,,,,,,,,,,,,,,,,,,,,,,,,,,,,,,,,,,
schedule-mixed,3,14,1000,3,3,0,0,0,optimal,optimal,21,24,c4e221e4cfe823f0,4,3,5,constructed fixture v1,7,1,0.108625,0.100667,0.111667,116,,5,1,0,9fd47ab865f3eb41,27617.95166858458,2260992,0.000958,0.000856,0.007372167000003316,137,129,174,71,2,2,239,349,1,,,,,,,,,,,,,,,,,,,,,,,,,,,,,,,,,,,,,
bounded-schedule-mixed,3,14,1000,3,3,0,0,0,feasible,feasible,21,24,c4e221e4cfe823f0,4,3,5,constructed fixture v1,7,1,0.116083,0.1075,0.116458,116,,5,1,,9fd47ab865f3eb41,25843.577440279798,2392064,0.000971,0.00085,0.00743366700000081,0,0,0,0,0,0,0,0,0,0,0,,,,,,,,,,,,,,,,,,,,,,,,,,,,,,,,,,,
schedule-mixed,3,15,1000,3,3,0,0,0,optimal,optimal,18,24,476fd698db4c901a,4,3,6,constructed fixture v1,7,1,0.143708,0.141417,0.159667,102,,3,2,0,a6a99890dd829853,20875.664541987917,2375680,0.0009509999999999999,0.0008049999999999999,0.007295124999998848,164,160,414,165,2,1,93,325,1,,,,,,,,,,,,,,,,,,,,,,,,,,,,,,,,,,,,,
bounded-schedule-mixed,3,15,1000,3,3,0,0,0,feasible,feasible,18,24,476fd698db4c901a,4,3,6,constructed fixture v1,7,1,0.084208,0.078208,0.086958,102,,3,2,,a6a99890dd829853,35626.06878206346,2211840,0.000919,0.0008049999999999999,0.007365583999998648,0,0,0,0,0,0,0,0,0,0,0,,,,,,,,,,,,,,,,,,,,,,,,,,,,,,,,,,,
schedule-mixed,3,16,1000,3,3,0,0,0,optimal,optimal,17,24,6852e77f7088d429,4,3,5,constructed fixture v1,7,1,0.252708,0.24775,0.253625,201,,3,3,0,6c508e1c3d638eaf,11871.408898808111,2523136,0.001075,0.0009109999999999999,0.007531791999998205,341,337,903,340,0,1,128,599,1,,,,,,,,,,,,,,,,,,,,,,,,,,,,,,,,,,,,,
bounded-schedule-mixed,3,16,1000,3,3,0,0,0,feasible,feasible,17,24,6852e77f7088d429,4,3,5,constructed fixture v1,7,1,0.117458,0.114375,0.129667,201,,3,3,,6c508e1c3d638eaf,25541.044458444718,2342912,0.001001,0.00086,0.0074741250000016635,0,0,0,0,0,0,0,0,0,0,0,,,,,,,,,,,,,,,,,,,,,,,,,,,,,,,,,,,
schedule-mixed,3,17,1000,3,3,0,0,0,optimal,optimal,19,24,863ab72d76d1f860,4,3,6,constructed fixture v1,7,1,0.134209,0.127375,0.136708,110,,3,4,0,7d63df0f539351d5,22353.1953892809,2359296,0.0009729999999999999,0.000859,0.0074528339999986315,198,190,373,148,2,2,124,335,1,,,,,,,,,,,,,,,,,,,,,,,,,,,,,,,,,,,,,
bounded-schedule-mixed,3,17,1000,3,3,0,0,0,feasible,feasible,19,24,863ab72d76d1f860,4,3,6,constructed fixture v1,7,1,0.078834,0.076416,0.083541,110,,3,4,,7d63df0f539351d5,38054.64647233427,2260992,0.0008349999999999999,0.0007149999999999999,0.0073352500000005705,0,0,0,0,0,0,0,0,0,0,0,,,,,,,,,,,,,,,,,,,,,,,,,,,,,,,,,,,
schedule-mixed,3,18,1000,3,3,0,0,0,optimal,optimal,18,24,2e983c8d55b5928a,4,3,5,constructed fixture v1,7,1,0.118125,0.118,0.125125,202,,3,1,0,d38cccf3a56921ad,25396.825396825396,2277376,0.000979,0.000798,0.007299417000002251,112,108,278,111,0,1,189,364,1,,,,,,,,,,,,,,,,,,,,,,,,,,,,,,,,,,,,,
bounded-schedule-mixed,3,18,1000,3,3,0,0,0,feasible,feasible,18,24,2e983c8d55b5928a,4,3,5,constructed fixture v1,7,1,0.107875,0.098167,0.110916,202,,3,1,,d38cccf3a56921ad,27809.965237543456,2310144,0.001,0.000864,0.007284832999999935,0,0,0,0,0,0,0,0,0,0,0,,,,,,,,,,,,,,,,,,,,,,,,,,,,,,,,,,,
schedule-mixed,3,19,1000,3,3,0,0,0,optimal,optimal,23,24,d6abceca535a7cc2,4,3,3,constructed fixture v1,7,1,0.158541,0.1555,0.196083,4,,4,4,0,eb4a78632ea65201,18922.550002838383,2408448,0.0009599999999999999,0.000803,0.007205417000001546,181,177,458,182,2,1,276,521,1,,,,,,,,,,,,,,,,,,,,,,,,,,,,,,,,,,,,,
bounded-schedule-mixed,3,19,1000,3,3,0,0,0,feasible,feasible,23,24,d6abceca535a7cc2,4,3,3,constructed fixture v1,7,1,0.125708,0.120458,0.132625,4,,4,4,,eb4a78632ea65201,23864.82960511662,2359296,0.000995,0.0008259999999999999,0.007339541999996868,0,0,0,0,0,0,0,0,0,0,0,,,,,,,,,,,,,,,,,,,,,,,,,,,,,,,,,,,
schedule-mixed,3,20,1000,3,3,0,0,0,optimal,optimal,18,24,377cff865ba0b171,4,3,5,constructed fixture v1,7,1,0.097791,0.097208,0.103375,200,,3,1,0,4230b9f6ae77d0f6,30677.66972420775,2211840,0.0009939999999999999,0.00089,0.007480666999999386,133,125,158,66,30,1,192,300,1,,,,,,,,,,,,,,,,,,,,,,,,,,,,,,,,,,,,,
bounded-schedule-mixed,3,20,1000,3,3,0,0,0,feasible,feasible,18,24,377cff865ba0b171,4,3,5,constructed fixture v1,7,1,0.117875,0.113625,0.122208,200,,3,1,,4230b9f6ae77d0f6,25450.68928950159,2310144,0.0009609999999999999,0.0009159999999999999,0.007474000000001979,0,0,0,0,0,0,0,0,0,0,0,,,,,,,,,,,,,,,,,,,,,,,,,,,,,,,,,,,
schedule-mixed,3,21,1000,3,3,0,0,0,optimal,optimal,21,24,2c597db7635f09c5,4,3,3,constructed fixture v1,7,1,0.115167,0.110416,0.119292,105,,4,3,0,3c60169402c09087,26049.128656646433,2260992,0.000978,0.0009199999999999999,0.007511083000000696,91,87,224,92,2,1,207,345,1,,,,,,,,,,,,,,,,,,,,,,,,,,,,,,,,,,,,,
bounded-schedule-mixed,3,21,1000,3,3,0,0,0,feasible,feasible,21,24,2c597db7635f09c5,4,3,3,constructed fixture v1,7,1,0.111125,0.110958,0.124542,105,,4,3,,3c60169402c09087,26996.62542182227,2310144,0.001037,0.001042,0.007790791000001462,0,0,0,0,0,0,0,0,0,0,0,,,,,,,,,,,,,,,,,,,,,,,,,,,,,,,,,,,
schedule-mixed,3,22,1000,3,3,0,0,0,optimal,optimal,19,24,9ce3f3cbdcc1ecd3,4,3,5,constructed fixture v1,7,1,0.233458,0.228583,0.2415,202,,3,3,0,16be99400eb056fd,12850.277137643601,2621440,0.000972,0.0007859999999999999,0.007301500000000516,352,348,949,351,0,1,79,547,1,,,,,,,,,,,,,,,,,,,,,,,,,,,,,,,,,,,,,
bounded-schedule-mixed,3,22,1000,3,3,0,0,0,feasible,feasible,19,24,9ce3f3cbdcc1ecd3,4,3,5,constructed fixture v1,7,1,0.125833,0.116667,0.128875,202,,3,3,,16be99400eb056fd,23841.12275794108,2342912,0.0009109999999999999,0.000739,0.007275209000003002,0,0,0,0,0,0,0,0,0,0,0,,,,,,,,,,,,,,,,,,,,,,,,,,,,,,,,,,,
schedule-mixed,3,23,1000,3,3,0,0,0,optimal,optimal,19,24,b78760b6f69cc9a8,4,3,5,constructed fixture v1,7,1,0.127916,0.118375,0.129041,104,,4,2,0,9adcec1729074b0e,23452.890959692297,2293760,0.000949,0.00082,0.0074222910000010245,143,138,282,112,9,1,180,350,1,,,,,,,,,,,,,,,,,,,,,,,,,,,,,,,,,,,,,
bounded-schedule-mixed,3,23,1000,3,3,0,0,0,feasible,feasible,19,24,b78760b6f69cc9a8,4,3,5,constructed fixture v1,7,1,0.10725,0.104708,0.121542,104,,4,2,,9adcec1729074b0e,27972.027972027972,2310144,0.000987,0.000936,0.007557709000000301,0,0,0,0,0,0,0,0,0,0,0,,,,,,,,,,,,,,,,,,,,,,,,,,,,,,,,,,,
schedule-mixed,3,24,1000,3,3,0,0,0,optimal,optimal,14,24,5cab0149550ca9df,4,3,6,constructed fixture v1,7,1,0.129459,0.117625,0.13125,300,,3,0,0,d6ff11d00adc86f2,23173.359905452697,2310144,0.0009649999999999999,0.000833,0.007408333000000766,131,127,328,130,0,1,150,341,1,,,,,,,,,,,,,,,,,,,,,,,,,,,,,,,,,,,,,
bounded-schedule-mixed,3,24,1000,3,3,0,0,0,feasible,feasible,14,24,5cab0149550ca9df,4,3,6,constructed fixture v1,7,1,0.053041,0.050666,0.053458,300,,3,0,,d6ff11d00adc86f2,56560.01960747347,2179072,0.000842,0.0007549999999999999,0.007269374999999911,0,0,0,0,0,0,0,0,0,0,0,,,,,,,,,,,,,,,,,,,,,,,,,,,,,,,,,,,
schedule-mixed,3,25,1000,3,3,0,0,0,optimal,optimal,18,24,04dfc67a65a0fbb1,4,3,3,constructed fixture v1,7,1,0.195792,0.194042,0.233667,10,,3,3,0,21924cacc992a946,15322.382936994361,2506752,0.0012309999999999999,0.001421,0.010637499999997857,242,238,684,264,23,1,143,503,1,,,,,,,,,,,,,,,,,,,,,,,,,,,,,,,,,,,,,
bounded-schedule-mixed,3,25,1000,3,3,0,0,0,feasible,feasible,18,24,04dfc67a65a0fbb1,4,3,3,constructed fixture v1,7,1,0.094833,0.089834,0.102792,10,,3,3,,21924cacc992a946,31634.55759071209,2342912,0.001055,0.001248,0.00772887499999797,0,0,0,0,0,0,0,0,0,0,0,,,,,,,,,,,,,,,,,,,,,,,,,,,,,,,,,,,
schedule-mixed,3,26,1000,3,3,0,0,0,optimal,optimal,18,24,5885f1ae04e597aa,4,3,5,constructed fixture v1,7,1,0.089791,0.087417,0.095375,202,,4,0,0,de6ae93050f30b6e,33410.920916350195,2277376,0.0008359999999999999,0.000856,0.00731204200000235,110,106,273,109,0,1,122,278,1,,,,,,,,,,,,,,,,,,,,,,,,,,,,,,,,,,,,,
bounded-schedule-mixed,3,26,1000,3,3,0,0,0,feasible,feasible,18,24,5885f1ae04e597aa,4,3,5,constructed fixture v1,7,1,0.0875,0.087042,0.08975,202,,4,0,,de6ae93050f30b6e,34285.71428571428,2326528,0.0007949999999999999,0.000714,0.007347040999999166,0,0,0,0,0,0,0,0,0,0,0,,,,,,,,,,,,,,,,,,,,,,,,,,,,,,,,,,,
schedule-mixed,3,27,1000,3,3,0,0,0,optimal,optimal,18,24,79d5a341bd063119,4,3,5,constructed fixture v1,7,1,0.158458,0.154125,0.160416,202,,3,0,0,82625122b1805df2,18932.461598657057,2424832,0.000941,0.0007819999999999999,0.007334290999999382,201,197,514,200,0,1,199,483,1,,,,,,,,,,,,,,,,,,,,,,,,,,,,,,,,,,,,,
bounded-schedule-mixed,3,27,1000,3,3,0,0,0,feasible,feasible,18,24,79d5a341bd063119,4,3,5,constructed fixture v1,7,1,0.111083,0.109542,0.115792,202,,3,0,,82625122b1805df2,27006.832728680354,2310144,0.000953,0.0008929999999999999,0.007537333000001922,0,0,0,0,0,0,0,0,0,0,0,,,,,,,,,,,,,,,,,,,,,,,,,,,,,,,,,,,
schedule-mixed,3,28,1000,3,3,0,0,0,optimal,optimal,21,24,ef8afb3d7f39c18a,4,3,4,constructed fixture v1,7,1,0.134,0.132459,0.135709,200,,3,1,0,3a85ccb07b5b0b65,22388.059701492537,2375680,0.0009609999999999999,0.0008259999999999999,0.007296582999998691,274,266,361,143,6,2,131,345,1,,,,,,,,,,,,,,,,,,,,,,,,,,,,,,,,,,,,,
bounded-schedule-mixed,3,28,1000,3,3,0,0,0,feasible,feasible,21,24,ef8afb3d7f39c18a,4,3,4,constructed fixture v1,7,1,0.122125,0.117667,0.131167,200,,3,1,,3a85ccb07b5b0b65,24564.994882292733,2326528,0.0010119999999999999,0.0007819999999999999,0.007344833999997746,0,0,0,0,0,0,0,0,0,0,0,,,,,,,,,,,,,,,,,,,,,,,,,,,,,,,,,,,
schedule-mixed,3,29,1000,3,3,0,0,0,optimal,optimal,21,24,5acb4f06ec1de49e,4,3,4,constructed fixture v1,7,1,0.153417,0.143166,0.167834,18,,5,6,0,a26debf1371a3144,19554.547410000196,2392064,0.000976,0.000834,0.007319041999998888,169,165,432,169,1,1,152,399,1,,,,,,,,,,,,,,,,,,,,,,,,,,,,,,,,,,,,,
bounded-schedule-mixed,3,29,1000,3,3,0,0,0,feasible,feasible,21,24,5acb4f06ec1de49e,4,3,4,constructed fixture v1,7,1,0.126333,0.119417,0.134,18,,5,6,,a26debf1371a3144,23746.764503336417,2375680,0.0009199999999999999,0.000807,0.007379583000002299,0,0,0,0,0,0,0,0,0,0,0,,,,,,,,,,,,,,,,,,,,,,,,,,,,,,,,,,,
schedule-mixed,3,30,1000,3,3,0,0,0,optimal,optimal,17,24,983143106b28d972,4,3,5,constructed fixture v1,7,1,0.115792,0.110625,0.1305,117,,4,2,0,60899f2a7fcd52fb,25908.525632168024,2277376,0.001029,0.0010479999999999999,0.007787416999999408,107,103,279,113,7,1,175,346,1,,,,,,,,,,,,,,,,,,,,,,,,,,,,,,,,,,,,,
bounded-schedule-mixed,3,30,1000,3,3,0,0,0,feasible,feasible,17,24,983143106b28d972,4,3,5,constructed fixture v1,7,1,0.124042,0.119625,0.124958,117,,4,2,,60899f2a7fcd52fb,24185.35657277374,2310144,0.0010299999999999999,0.0008579999999999999,0.007443541999997194,0,0,0,0,0,0,0,0,0,0,0,,,,,,,,,,,,,,,,,,,,,,,,,,,,,,,,,,,
schedule-mixed,3,31,1000,3,3,0,0,0,optimal,optimal,22,24,4ee587f919fd4f27,4,3,6,constructed fixture v1,7,1,0.145708,0.134208,0.15475,110,,3,0,0,6c351912620494d7,20589.123452384218,2310144,0.0010199999999999999,0.000855,0.007410582999998638,119,115,292,118,0,1,283,470,1,,,,,,,,,,,,,,,,,,,,,,,,,,,,,,,,,,,,,
bounded-schedule-mixed,3,31,1000,3,3,0,0,0,feasible,feasible,22,24,4ee587f919fd4f27,4,3,6,constructed fixture v1,7,1,0.128542,0.121958,0.129709,110,,3,0,,6c351912620494d7,23338.675296790156,2326528,0.0009249999999999999,0.0007999999999999999,0.007357833000000369,0,0,0,0,0,0,0,0,0,0,0,,,,,,,,,,,,,,,,,,,,,,,,,,,,,,,,,,,
schedule-mixed,5,32,1000,3,3,0,0,0,optimal,optimal,22,24,e30cb2420d4f8654,4,5,7,constructed fixture v1,7,1,0.3275,0.321875,0.329291,106,,7,6,0,3b336af2b8dd5793,15267.175572519085,2686976,0.001148,0.00079,0.00732066700000189,775,765,1105,417,45,1,454,1029,1,,,,,,,,,,,,,,,,,,,,,,,,,,,,,,,,,,,,,
bounded-schedule-mixed,5,32,1000,3,3,0,0,0,feasible,feasible,22,24,e30cb2420d4f8654,4,5,7,constructed fixture v1,7,1,0.331917,0.330625,0.349166,106,,7,6,,3b336af2b8dd5793,15064.006965596818,2555904,0.001153,0.000812,0.007327583999998666,0,0,0,0,0,0,0,0,0,0,0,,,,,,,,,,,,,,,,,,,,,,,,,,,,,,,,,,,
schedule-mixed,5,33,1000,3,3,0,0,0,optimal,optimal,20,24,b02a03e89a2a0a78,4,5,7,constructed fixture v1,7,1,0.280458,0.278875,0.294292,210,,5,5,0,d5fbae4777b5ecb1,17827.981373325063,2588672,0.00113,0.000792,0.007414416999999673,850,836,854,336,56,2,290,758,1,,,,,,,,,,,,,,,,,,,,,,,,,,,,,,,,,,,,,
bounded-schedule-mixed,5,33,1000,3,3,0,0,0,feasible,feasible,20,24,b02a03e89a2a0a78,4,5,7,constructed fixture v1,7,1,0.227334,0.215209,0.235875,210,,5,5,,d5fbae4777b5ecb1,21994.07039862053,2473984,0.0010609999999999999,0.000801,0.007342125000000976,0,0,0,0,0,0,0,0,0,0,0,,,,,,,,,,,,,,,,,,,,,,,,,,,,,,,,,,,
schedule-mixed,5,34,1000,3,3,0,0,0,optimal,optimal,19,24,2842ab86e6196a95,4,5,8,constructed fixture v1,7,1,0.3285,0.325792,0.332833,207,,6,7,0,c230916ce0b59f6f,15220.700152207,2736128,0.001135,0.0007599999999999999,0.0073489999999978295,456,450,1329,507,52,1,264,960,1,,,,,,,,,,,,,,,,,,,,,,,,,,,,,,,,,,,,,
bounded-schedule-mixed,5,34,1000,3,3,0,0,0,feasible,feasible,19,24,2842ab86e6196a95,4,5,8,constructed fixture v1,7,1,0.333666,0.309792,0.335083,207,,6,7,,c230916ce0b59f6f,14985.044925164684,2506752,0.001126,0.00081,0.00729679199999822,0,0,0,0,0,0,0,0,0,0,0,,,,,,,,,,,,,,,,,,,,,,,,,,,,,,,,,,,
schedule-mixed,5,35,1000,3,3,0,0,0,optimal,optimal,22,24,7dc85de77e1dc572,4,5,9,constructed fixture v1,7,1,1.027041,1.0175,1.044625,209,,5,3,0,fa802478f748ce60,4868.354817383142,2670592,0.001823,0.0008669999999999999,0.007557583000000534,18899,18449,1068,411,6008,4,397,962,1,,,,,,,,,,,,,,,,,,,,,,,,,,,,,,,,,,,,,
bounded-schedule-mixed,5,35,1000,3,3,0,0,0,feasible,feasible,22,24,7dc85de77e1dc572,4,5,9,constructed fixture v1,7,1,0.273708,0.262375,0.27725,209,,5,3,,fa802478f748ce60,18267.64288950268,2490368,0.001116,0.001143,0.007613499999997941,0,0,0,0,0,0,0,0,0,0,0,,,,,,,,,,,,,,,,,,,,,,,,,,,,,,,,,,,
schedule-mixed,5,36,1000,3,3,0,0,0,optimal,optimal,14,24,932683ea1c3a42a8,4,5,7,constructed fixture v1,7,1,0.206208,0.198083,0.207833,309,,5,3,0,b4f860444f284faf,24247.36188702669,2441216,0.000958,0.000767,0.007330207999999061,934,908,610,240,141,1,206,572,1,,,,,,,,,,,,,,,,,,,,,,,,,,,,,,,,,,,,,
bounded-schedule-mixed,5,36,1000,3,3,0,0,0,feasible,feasible,14,24,932683ea1c3a42a8,4,5,7,constructed fixture v1,7,1,0.229667,0.217792,0.233208,309,,5,3,,b4f860444f284faf,21770.65055057975,2424832,0.000983,0.000725,0.007395375000001536,0,0,0,0,0,0,0,0,0,0,0,,,,,,,,,,,,,,,,,,,,,,,,,,,,,,,,,,,
schedule-mixed,5,37,1000,3,3,0,0,0,optimal,optimal,17,24,39b668f35be66df7,4,5,8,constructed fixture v1,7,1,0.21175,0.205209,0.220125,206,,5,4,0,98de1f5eae08969e,23612.75088547816,2457600,0.0009639999999999999,0.000713,0.007407499999999345,251,245,635,250,0,1,346,707,1,,,,,,,,,,,,,,,,,,,,,,,,,,,,,,,,,,,,,
bounded-schedule-mixed,5,37,1000,3,3,0,0,0,feasible,feasible,17,24,39b668f35be66df7,4,5,8,constructed fixture v1,7,1,0.218042,0.200208,0.22525,206,,5,4,,98de1f5eae08969e,22931.36184771741,2424832,0.00104,0.0008529999999999999,0.007431416999999385,0,0,0,0,0,0,0,0,0,0,0,,,,,,,,,,,,,,,,,,,,,,,,,,,,,,,,,,,
schedule-mixed,5,38,1000,3,3,0,0,0,optimal,optimal,19,24,da1abe7775cd70a2,4,5,9,constructed fixture v1,7,1,0.278833,0.249708,0.282166,203,,5,3,0,e1da7da6ab667e4e,17931.88037283966,2588672,0.001057,0.000759,0.007308709000000135,330,324,895,347,18,1,275,766,1,,,,,,,,,,,,,,,,,,,,,,,,,,,,,,,,,,,,,
bounded-schedule-mixed,5,38,1000,3,3,0,0,0,feasible,feasible,19,24,da1abe7775cd70a2,4,5,9,constructed fixture v1,7,1,0.199292,0.193875,0.202334,203,,5,3,,e1da7da6ab667e4e,25088.814402986573,2441216,0.001001,0.000744,0.007265166999999906,0,0,0,0,0,0,0,0,0,0,0,,,,,,,,,,,,,,,,,,,,,,,,,,,,,,,,,,,
schedule-mixed,5,39,1000,3,3,0,0,0,optimal,optimal,22,24,7ec61bc4a535a460,4,5,8,constructed fixture v1,7,1,0.2345,0.227958,0.234625,307,,5,0,0,5796ad60e8dcad32,21321.961620469086,2539520,0.001124,0.0008219999999999999,0.007298458000001062,276,270,724,278,3,1,258,672,1,,,,,,,,,,,,,,,,,,,,,,,,,,,,,,,,,,,,,
bounded-schedule-mixed,5,39,1000,3,3,0,0,0,feasible,feasible,22,24,7ec61bc4a535a460,4,5,8,constructed fixture v1,7,1,0.288834,0.27075,0.303542,307,,5,0,,5796ad60e8dcad32,17310.9813941572,2506752,0.001165,0.000824,0.0075432079999977475,0,0,0,0,0,0,0,0,0,0,0,,,,,,,,,,,,,,,,,,,,,,,,,,,,,,,,,,,
schedule-mixed,5,40,1000,3,3,0,0,0,optimal,optimal,15,24,f890c9142d82a749,4,5,7,constructed fixture v1,7,1,0.290292,0.270958,0.306875,111,,8,5,0,e01abf49d55c2511,17224.036487398895,2490368,0.001135,0.000811,0.007517249999999365,2080,2028,746,289,317,3,368,771,1,,,,,,,,,,,,,,,,,,,,,,,,,,,,,,,,,,,,,
bounded-schedule-mixed,5,40,1000,3,3,0,0,0,feasible,feasible,15,24,f890c9142d82a749,4,5,7,constructed fixture v1,7,1,0.253458,0.2505,0.256625,111,,8,5,,e01abf49d55c2511,19727.134278657606,2506752,0.001063,0.000859,0.007397167000000593,0,0,0,0,0,0,0,0,0,0,0,,,,,,,,,,,,,,,,,,,,,,,,,,,,,,,,,,,
schedule-mixed,5,41,1000,3,3,0,0,0,optimal,optimal,20,24,6f679a194b3db6b4,4,5,9,constructed fixture v1,7,1,0.380542,0.367542,0.385625,26,,7,6,0,3433767d9f335db4,13139.154153812195,2588672,0.001218,0.0009239999999999999,0.007611457999999516,2654,2568,907,349,2157,3,427,929,1,,,,,,,,,,,,,,,,,,,,,,,,,,,,,,,,,,,,,
bounded-schedule-mixed,5,41,1000,3,3,0,0,0,feasible,feasible,20,24,6f679a194b3db6b4,4,5,9,constructed fixture v1,7,1,0.281,0.267167,0.282708,26,,7,6,,3433767d9f335db4,17793.594306049818,2473984,0.0011149999999999999,0.000953,0.00763729200000185,0,0,0,0,0,0,0,0,0,0,0,,,,,,,,,,,,,,,,,,,,,,,,,,,,,,,,,,,
schedule-mixed,5,42,1000,3,3,0,0,0,optimal,optimal,20,24,24925befe934da5b,4,5,7,constructed fixture v1,7,1,0.297625,0.297,0.311708,110,,5,3,0,0e08a6ab3f2a11b0,16799.664006719868,2605056,0.001116,0.000789,0.007347500000001617,1814,1777,896,350,158,1,172,682,1,,,,,,,,,,,,,,,,,,,,,,,,,,,,,,,,,,,,,
bounded-schedule-mixed,5,42,1000,3,3,0,0,0,feasible,feasible,20,24,24925befe934da5b,4,5,7,constructed fixture v1,7,1,0.26175,0.245125,0.271958,110,,5,3,,0e08a6ab3f2a11b0,19102.196752626554,2424832,0.001014,0.000723,0.007347709000001146,0,0,0,0,0,0,0,0,0,0,0,,,,,,,,,,,,,,,,,,,,,,,,,,,,,,,,,,,
schedule-mixed,5,43,1000,3,3,0,0,0,optimal,optimal,20,24,c0a3d805c4c7da60,4,5,9,constructed fixture v1,7,1,0.383458,0.355458,0.385459,113,,6,7,0,8ee8962934a394f6,13039.237674008626,2605056,0.0013,0.00086,0.007592749999997039,2284,2246,971,374,412,4,465,988,1,,,,,,,,,,,,,,,,,,,,,,,,,,,,,,,,,,,,,
bounded-schedule-mixed,5,43,1000,3,3,0,0,0,feasible,feasible,20,24,c0a3d805c4c7da60,4,5,9,constructed fixture v1,7,1,0.316959,0.297875,0.333917,113,,6,7,,8ee8962934a394f6,15774.910950627684,2506752,0.0011229999999999999,0.0007779999999999999,0.007296665999998453,0,0,0,0,0,0,0,0,0,0,0,,,,,,,,,,,,,,,,,,,,,,,,,,,,,,,,,,,
schedule-mixed,5,44,1000,3,3,0,0,0,optimal,optimal,22,24,8a8b8304e78c0e58,4,5,8,constructed fixture v1,7,1,0.74975,0.749041,0.751125,210,,8,6,0,d284fe0c2d056a18,6668.889629876626,2572288,0.0015639999999999999,0.000824,0.0073341669999997805,13185,12879,833,325,938,1,383,854,1,,,,,,,,,,,,,,,,,,,,,,,,,,,,,,,,,,,,,
bounded-schedule-mixed,5,44,1000,3,3,0,0,0,feasible,feasible,22,24,8a8b8304e78c0e58,4,5,8,constructed fixture v1,7,1,0.324583,0.3085,0.336584,210,,8,6,,d284fe0c2d056a18,15404.380389607588,2572288,0.001111,0.0007469999999999999,0.007186291000000011,0,0,0,0,0,0,0,0,0,0,0,,,,,,,,,,,,,,,,,,,,,,,,,,,,,,,,,,,
schedule-mixed,5,45,1000,3,3,0,0,0,optimal,optimal,18,24,63aa752014959279,4,5,8,constructed fixture v1,7,1,0.345958,0.345375,0.352875,213,,7,3,0,3568bdb0d6e83511,14452.62141647252,2670592,0.0011359999999999999,0.000792,0.007247875000000903,1410,1390,1191,453,111,2,369,1019,1,,,,,,,,,,,,,,,,,,,,,,,,,,,,,,,,,,,,,
bounded-schedule-mixed,5,45,1000,3,3,0,0,0,feasible,feasible,18,24,63aa752014959279,4,5,8,constructed fixture v1,7,1,0.362292,0.35775,0.3695,213,,7,3,,3568bdb0d6e83511,13801.022379737891,2523136,0.001199,0.0009509999999999999,0.007400499999999255,0,0,0,0,0,0,0,0,0,0,0,,,,,,,,,,,,,,,,,,,,,,,,,,,,,,,,,,,
schedule-mixed,5,46,1000,3,3,0,0,0,optimal,optimal,18,24,8b2d808eb9fd7276,4,5,7,constructed fixture v1,7,1,0.291375,0.281084,0.331375,208,,6,6,0,c6b9c69792dd3983,17160.01716001716,2621440,0.0011049999999999999,0.00091,0.007389833000001289,564,554,980,379,10,2,419,956,1,,,,,,,,,,,,,,,,,,,,,,,,,,,,,,,,,,,,,
bounded-schedule-mixed,5,46,1000,3,3,0,0,0,feasible,feasible,18,24,8b2d808eb9fd7276,4,5,7,constructed fixture v1,7,1,0.277833,0.254417,0.298042,208,,6,6,,c6b9c69792dd3983,17996.422311244525,2473984,0.001037,0.000785,0.007174208000002125,0,0,0,0,0,0,0,0,0,0,0,,,,,,,,,,,,,,,,,,,,,,,,,,,,,,,,,,,
schedule-mixed,5,47,1000,3,3,0,0,0,optimal,optimal,20,24,a5b1212488c09231,4,5,8,constructed fixture v1,7,1,0.297166,0.283166,0.31775,216,,6,5,0,670e3680fd0e896e,16825.612620555516,2506752,0.001107,0.000797,0.007383791999998834,2156,2114,692,268,88,3,378,799,1,,,,,,,,,,,,,,,,,,,,,,,,,,,,,,,,,,,,,
bounded-schedule-mixed,5,47,1000,3,3,0,0,0,feasible,feasible,20,24,a5b1212488c09231,4,5,8,constructed fixture v1,7,1,0.329417,0.327542,0.3455,216,,6,5,,670e3680fd0e896e,15178.330201537867,2572288,0.001214,0.00087,0.007436374999997497,0,0,0,0,0,0,0,0,0,0,0,,,,,,,,,,,,,,,,,,,,,,,,,,,,,,,,,,,
schedule-mixed,5,48,1000,3,3,0,0,0,optimal,optimal,18,24,c6a804dad007e743,4,5,9,constructed fixture v1,7,1,0.260292,0.25675,0.287375,306,,5,1,0,c326f68971110a87,19209.19582622593,2506752,0.001094,0.000797,0.007386999999997812,1625,1572,722,284,82,2,249,661,1,,,,,,,,,,,,,,,,,,,,,,,,,,,,,,,,,,,,,
bounded-schedule-mixed,5,48,1000,3,3,0,0,0,feasible,feasible,18,24,c6a804dad007e743,4,5,9,constructed fixture v1,7,1,0.166459,0.164833,0.183125,306,,5,1,,c326f68971110a87,30037.426633585448,2392064,0.000966,0.0007329999999999999,0.007413790999997616,0,0,0,0,0,0,0,0,0,0,0,,,,,,,,,,,,,,,,,,,,,,,,,,,,,,,,,,,
schedule-mixed,5,49,1000,3,3,0,0,0,optimal,optimal,17,24,28b598bfeb6f89e2,4,5,5,constructed fixture v1,7,1,0.334292,0.324334,0.340917,107,,5,4,0,b3dbcf038a48bc64,14956.983714836133,2555904,0.001152,0.000841,0.007368540999998174,1790,1763,859,332,18,2,383,867,1,,,,,,,,,,,,,,,,,,,,,,,,,,,,,,,,,,,,,
bounded-schedule-mixed,5,49,1000,3,3,0,0,0,feasible,feasible,17,24,28b598bfeb6f89e2,4,5,5,constructed fixture v1,7,1,0.216917,0.213875,0.220709,107,,5,4,,b3dbcf038a48bc64,23050.29112517691,2441216,0.001073,0.0008489999999999999,0.007457291999998006,0,0,0,0,0,0,0,0,0,0,0,,,,,,,,,,,,,,,,,,,,,,,,,,,,,,,,,,,
schedule-mixed,5,50,1000,3,3,0,0,0,optimal,optimal,17,24,b4b633eff76f326b,4,5,7,constructed fixture v1,7,1,0.702875,0.689459,0.702917,205,,5,5,0,84c94ed38bd48820,7113.640405477503,2670592,0.001537,0.0009069999999999999,0.007421958999998424,10625,10500,1234,473,174,2,230,890,1,,,,,,,,,,,,,,,,,,,,,,,,,,,,,,,,,,,,,
bounded-schedule-mixed,5,50,1000,3,3,0,0,0,feasible,feasible,17,24,b4b633eff76f326b,4,5,7,constructed fixture v1,7,1,0.213375,0.207083,0.240167,205,,5,5,,84c94ed38bd48820,23432.92325717633,2441216,0.0010429999999999999,0.000843,0.007299542000001935,0,0,0,0,0,0,0,0,0,0,0,,,,,,,,,,,,,,,,,,,,,,,,,,,,,,,,,,,
schedule-mixed,5,51,1000,3,3,0,0,0,optimal,optimal,19,24,beed6055e8be2ea5,4,5,7,constructed fixture v1,7,1,0.225625,0.224167,0.230625,104,,5,4,0,01cdde7abb47ba50,22160.6648199446,2506752,0.001024,0.000819,0.0074359170000022345,363,355,695,269,39,1,344,741,1,,,,,,,,,,,,,,,,,,,,,,,,,,,,,,,,,,,,,
bounded-schedule-mixed,5,51,1000,3,3,0,0,0,feasible,feasible,19,24,beed6055e8be2ea5,4,5,7,constructed fixture v1,7,1,0.217708,0.21725,0.234209,104,,5,4,,01cdde7abb47ba50,22966.542341117456,2457600,0.001013,0.000774,0.0073730420000011065,0,0,0,0,0,0,0,0,0,0,0,,,,,,,,,,,,,,,,,,,,,,,,,,,,,,,,,,,
schedule-mixed,5,52,1000,3,3,0,0,0,optimal,optimal,16,24,d4874bf595197bc8,4,5,9,constructed fixture v1,7,1,0.208417,0.204916,0.218791,115,,5,3,0,f222110bd803d413,23990.36546922756,2473984,0.001064,0.000918,0.007562916999997782,584,566,639,253,14,2,215,571,1,,,,,,,,,,,,,,,,,,,,,,,,,,,,,,,,,,,,,
bounded-schedule-mixed,5,52,1000,3,3,0,0,0,feasible,feasible,16,24,d4874bf595197bc8,4,5,9,constructed fixture v1,7,1,0.152833,0.149792,0.154166,115,,5,3,,f222110bd803d413,32715.44758003834,2424832,0.001017,0.000847,0.007448374999999174,0,0,0,0,0,0,0,0,0,0,0,,,,,,,,,,,,,,,,,,,,,,,,,,,,,,,,,,,
schedule-mixed,5,53,1000,3,3,0,0,0,optimal,optimal,19,24,ed677d950ae702f9,4,5,7,constructed fixture v1,7,1,0.253833,0.246166,0.263,210,,6,6,0,31549bbd1dca7582,19697.99041101827,2506752,0.001008,0.000798,0.007449041999997519,697,683,699,272,38,2,412,815,1,,,,,,,,,,,,,,,,,,,,,,,,,,,,,,,,,,,,,
bounded-schedule-mixed,5,53,1000,3,3,0,0,0,feasible,feasible,19,24,ed677d950ae702f9,4,5,7,constructed fixture v1,7,1,0.273541,0.269625,0.279042,210,,6,6,,31549bbd1dca7582,18278.795500491702,2523136,0.00106,0.0008049999999999999,0.007423667000001188,0,0,0,0,0,0,0,0,0,0,0,,,,,,,,,,,,,,,,,,,,,,,,,,,,,,,,,,,
schedule-mixed,5,54,1000,3,3,0,0,0,optimal,optimal,20,24,86e14b687404bfc1,4,5,8,constructed fixture v1,7,1,0.233834,0.22875,0.240875,208,,5,3,0,40060769d1a6118b,21382.690284560842,2457600,0.001046,0.0008799999999999999,0.007502833000000209,260,254,657,259,0,1,434,808,1,,,,,,,,,,,,,,,,,,,,,,,,,,,,,,,,,,,,,
bounded-schedule-mixed,5,54,1000,3,3,0,0,0,feasible,feasible,20,24,86e14b687404bfc1,4,5,8,constructed fixture v1,7,1,0.228375,0.22775,0.239084,208,,5,3,,40060769d1a6118b,21893.81499726327,2408448,0.001052,0.0008259999999999999,0.007390957999998449,0,0,0,0,0,0,0,0,0,0,0,,,,,,,,,,,,,,,,,,,,,,,,,,,,,,,,,,,
schedule-mixed,5,55,1000,3,3,0,0,0,optimal,optimal,20,24,0b4ca1d55939034a,4,5,7,constructed fixture v1,7,1,0.329583,0.320209,0.335584,108,,6,8,0,72f7a6128e7ed9ce,15170.685381224153,2768896,0.00113,0.0008259999999999999,0.007386832999998205,485,479,1300,489,5,1,220,888,1,,,,,,,,,,,,,,,,,,,,,,,,,,,,,,,,,,,,,
bounded-schedule-mixed,5,55,1000,3,3,0,0,0,feasible,feasible,20,24,0b4ca1d55939034a,4,5,7,constructed fixture v1,7,1,0.314667,0.2925,0.337042,108,,6,8,,72f7a6128e7ed9ce,15889.813676044836,2572288,0.001098,0.000797,0.007321416999999997,0,0,0,0,0,0,0,0,0,0,0,,,,,,,,,,,,,,,,,,,,,,,,,,,,,,,,,,,
schedule-mixed,5,56,1000,3,3,0,0,0,optimal,optimal,19,24,10d1656e06f2efdc,4,5,6,constructed fixture v1,7,1,0.242625,0.23475,0.246083,116,,7,8,0,2fb6f6af3fa4c151,20607.934054611025,2539520,0.001046,0.0008579999999999999,0.007501209000000841,449,437,764,298,40,2,324,753,1,,,,,,,,,,,,,,,,,,,,,,,,,,,,,,,,,,,,,
bounded-schedule-mixed,5,56,1000,3,3,0,0,0,feasible,feasible,19,24,10d1656e06f2efdc,4,5,6,constructed fixture v1,7,1,0.238167,0.23175,0.246625,116,,7,8,,2fb6f6af3fa4c151,20993.67250710636,2457600,0.0010329999999999998,0.0008169999999999999,0.007423165999998815,0,0,0,0,0,0,0,0,0,0,0,,,,,,,,,,,,,,,,,,,,,,,,,,,,,,,,,,,
schedule-mixed,5,57,1000,3,3,0,0,0,optimal,optimal,18,24,b1d09c77404bfea5,4,5,6,constructed fixture v1,7,1,0.330125,0.328583,0.35275,20,,6,9,0,0d3d4697168f51d9,15145.778114350624,2637824,0.001121,0.00083,0.007404792000002658,942,925,1010,391,156,4,534,1107,1,,,,,,,,,,,,,,,,,,,,,,,,,,,,,,,,,,,,,
bounded-schedule-mixed,5,57,1000,3,3,0,0,0,feasible,feasible,18,24,b1d09c77404bfea5,4,5,6,constructed fixture v1,7,1,0.284292,0.267834,0.290958,20,,6,9,,0d3d4697168f51d9,17587.550828021893,2457600,0.0011409999999999999,0.0008749999999999999,0.007416375000001807,0,0,0,0,0,0,0,0,0,0,0,,,,,,,,,,,,,,,,,,,,,,,,,,,,,,,,,,,
schedule-mixed,5,58,1000,3,3,0,0,0,optimal,optimal,16,24,f70d70987b62e106,4,5,6,constructed fixture v1,7,1,0.233709,0.231834,0.246542,25,,6,5,0,27b6e62f6e257a2f,21394.126884287725,2539520,0.0010299999999999999,0.0008179999999999999,0.007374124999998344,308,302,797,307,0,1,292,730,1,,,,,,,,,,,,,,,,,,,,,,,,,,,,,,,,,,,,,
bounded-schedule-mixed,5,58,1000,3,3,0,0,0,feasible,feasible,16,24,f70d70987b62e106,4,5,6,constructed fixture v1,7,1,0.257666,0.248208,0.260041,25,,6,5,,27b6e62f6e257a2f,19404.96611892916,2457600,0.001046,0.000767,0.007307791999998869,0,0,0,0,0,0,0,0,0,0,0,,,,,,,,,,,,,,,,,,,,,,,,,,,,,,,,,,,
schedule-mixed,5,59,1000,3,3,0,0,0,optimal,optimal,16,24,93db1bbbba54f854,4,5,9,constructed fixture v1,7,1,0.170125,0.168959,0.170708,311,,5,3,0,80a7b537a19725ec,29390.154298310066,2424832,0.00109,0.001144,0.0077429579999979126,191,185,478,190,0,1,210,499,1,,,,,,,,,,,,,,,,,,,,,,,,,,,,,,,,,,,,,
bounded-schedule-mixed,5,59,1000,3,3,0,0,0,feasible,feasible,16,24,93db1bbbba54f854,4,5,9,constructed fixture v1,7,1,0.16175,0.16,0.174209,311,,5,3,,80a7b537a19725ec,30911.901081916538,2408448,0.001046,0.000959,0.007594667000002886,0,0,0,0,0,0,0,0,0,0,0,,,,,,,,,,,,,,,,,,,,,,,,,,,,,,,,,,,
schedule-mixed,5,60,1000,3,3,0,0,0,optimal,optimal,21,24,b64035588ef02cc8,4,5,8,constructed fixture v1,7,1,0.22075,0.217833,0.221625,127,,6,5,0,80ad2a3ab141957b,22650.056625141562,2523136,0.00112,0.000905,0.007415417000000701,707,691,700,276,42,2,142,542,1,,,,,,,,,,,,,,,,,,,,,,,,,,,,,,,,,,,,,
bounded-schedule-mixed,5,60,1000,3,3,0,0,0,feasible,feasible,21,24,b64035588ef02cc8,4,5,8,constructed fixture v1,7,1,0.212375,0.210875,0.258666,127,,6,5,,80ad2a3ab141957b,23543.260741612714,2457600,0.001028,0.0008259999999999999,0.007362624999998957,0,0,0,0,0,0,0,0,0,0,0,,,,,,,,,,,,,,,,,,,,,,,,,,,,,,,,,,,
schedule-mixed,5,61,1000,3,3,0,0,0,optimal,optimal,18,24,1d48793f92c039b3,4,5,6,constructed fixture v1,7,1,0.219042,0.214208,0.219875,115,,6,6,0,513ccfbda8ead612,22826.67251029483,2473984,0.001021,0.000797,0.0073755840000018225,243,237,646,251,9,1,417,786,1,,,,,,,,,,,,,,,,,,,,,,,,,,,,,,,,,,,,,
bounded-schedule-mixed,5,61,1000,3,3,0,0,0,feasible,feasible,18,24,1d48793f92c039b3,4,5,6,constructed fixture v1,7,1,0.270583,0.25275,0.277042,115,,6,6,,513ccfbda8ead612,18478.618390660165,2555904,0.0010969999999999999,0.001049,0.007424708000002056,0,0,0,0,0,0,0,0,0,0,0,,,,,,,,,,,,,,,,,,,,,,,,,,,,,,,,,,,
schedule-mixed,5,62,1000,3,3,0,0,0,optimal,optimal,16,24,fa2a36bad410eab5,4,5,9,constructed fixture v1,7,1,0.253667,0.244708,0.2555,206,,5,7,0,d258a1790e8018b6,19710.88080041945,2572288,0.0011149999999999999,0.000788,0.00736854200000181,297,291,813,316,20,1,283,723,1,,,,,,,,,,,,,,,,,,,,,,,,,,,,,,,,,,,,,
bounded-schedule-mixed,5,62,1000,3,3,0,0,0,feasible,feasible,16,24,fa2a36bad410eab5,4,5,9,constructed fixture v1,7,1,0.17225,0.163333,0.174875,206,,5,7,,d258a1790e8018b6,29027.57619738752,2392064,0.0010199999999999999,0.000816,0.00734283299999916,0,0,0,0,0,0,0,0,0,0,0,,,,,,,,,,,,,,,,,,,,,,,,,,,,,,,,,,,
schedule-mixed,5,63,1000,3,3,0,0,0,optimal,optimal,22,24,86c13ca954b91d21,4,5,6,constructed fixture v1,7,1,0.305083,0.299458,0.305834,216,,7,2,0,7b8a54ca4244cb59,16388.982670289726,2572288,0.0010789999999999999,0.00073,0.007265541000002429,568,557,926,350,35,2,559,1108,1,,,,,,,,,,,,,,,,,,,,,,,,,,,,,,,,,,,,,
bounded-schedule-mixed,5,63,1000,3,3,0,0,0,feasible,feasible,22,24,86c13ca954b91d21,4,5,6,constructed fixture v1,7,1,0.520875,0.507083,0.54575,216,,7,2,,7b8a54ca4244cb59,9599.232061435087,2572288,0.001426,0.0008929999999999999,0.0074746670000003235,0,0,0,0,0,0,0,0,0,0,0,,,,,,,,,,,,,,,,,,,,,,,,,,,,,,,,,,,
sim-quality,3,0,3,3,3,0,0,0,simulated,simulated,,6,10a77d9d42a59fa9,2,,,,3,1,0.051917,0.04925,0.058375,407,407,,,0,67734fbf673d094c,,2293760,0.001015,0.000837,0.007494957999998775,0,4,7,7,0,0,0,18,7,0,0,,,,64,32,0,0,0,7,0,7,16,7,44,0,7,0,0,0,0,0,0,32,0,23916,23916,21708,23916,2.3333333333333335,134830.5949881542,57784.54070920893,0.0,0.0,19167,identical complete generated cohort; zero SLA; no carry-in or background; exact full schedule
bounded-sim-quality,3,0,3,3,3,0,0,0,simulated,simulated,,6,9682fd352e063807,2,,,,3,1,0.086542,0.083167,0.092375,407,407,,,0,a8fbc551bbdeae41,,2441216,0.000995,0.000823,0.007297499999999957,0,0,0,0,0,0,0,0,0,0,0,,,,64,32,0,0,0,7,0,7,16,7,44,0,7,0,0,0,0,0,1,32,0,43750,43750,40083,43750,2.3333333333333335,80885.58156733146,34665.24924314206,0.0,0.0,19000,identical complete generated cohort; zero SLA; no carry-in or background; exact full schedule
sim-quality,3,1,3,3,3,0,0,0,simulated,simulated,,6,a765b196725a0257,2,,,,3,1,0.033375,0.030167,0.037959,102,102,,,0,cfe3703e501cb6ec,,2228224,0.0009809999999999999,0.0008489999999999999,0.007366207999996988,0,4,3,3,0,0,0,10,3,0,0,,,,64,32,0,0,0,3,0,3,6,3,24,0,3,0,0,0,0,0,0,24,0,14125,14125,12334,14125,1.0,89887.64044943819,89887.64044943819,0.0,0.0,11459,identical complete generated cohort; zero SLA; no carry-in or background; exact full schedule
bounded-sim-quality,3,1,3,3,3,0,0,0,simulated,simulated,,6,a3292538c4fca51d,2,,,,3,1,0.043833,0.041333,0.045417,102,102,,,0,1fa5db9abfcc075e,,2260992,0.001001,0.000869,0.0074469580000027236,0,0,0,0,0,0,0,0,0,0,0,,,,64,32,0,0,0,3,0,3,6,3,24,0,3,0,0,0,0,0,0,24,0,19750,19750,19375,19750,1.0,68441.58510711108,68441.58510711108,0.0,0.0,12000,identical complete generated cohort; zero SLA; no carry-in or background; exact full schedule
sim-quality,3,2,3,3,3,0,0,0,simulated,simulated,,6,4a1d7d0318ae10b1,2,,,,3,1,0.051667,0.050625,0.058666,205,108,,,89.81481481481481,09c88418cb86b125,,2293760,0.000997,0.0008619999999999999,0.007319791000000464,0,9,7,7,0,0,0,23,7,0,0,,,,64,32,0,0,0,7,0,7,14,7,44,0,7,0,0,0,0,0,0,32,0,23500,23500,20667,23500,2.3333333333333335,135482.9968838911,58064.1415216676,0.0,0.0,21459,identical complete generated cohort; zero SLA; no carry-in or background; exact full schedule
bounded-sim-quality,3,2,3,3,3,0,0,0,simulated,simulated,,6,e5d694c485e100c7,2,,,,3,1,0.090166,0.08675,0.093709,108,108,,,0,b6b9ddee3331779a,,2506752,0.000983,0.0007999999999999999,0.007367083000001884,0,0,0,0,0,0,0,0,0,0,0,,,,64,32,0,0,0,7,0,7,14,7,44,0,7,0,0,0,0,0,1,32,0,44750,44750,39750,44750,2.3333333333333335,77634.58509859593,33271.9650422554,0.0,0.0,24417,identical complete generated cohort; zero SLA; no carry-in or background; exact full schedule
sim-quality,3,3,3,3,3,0,0,0,simulated,simulated,,6,a1bcacecd4c73e07,2,,,,3,1,0.049583,0.04325,0.049875,15,15,,,0,d356496a78bc1529,,2260992,0.000941,0.000807,0.007273249999997233,0,9,7,7,0,0,0,23,7,0,0,,,,64,32,0,0,0,7,0,7,12,7,44,0,7,0,0,0,0,0,0,32,0,16000,16000,16000,16000,2.3333333333333335,141177.4196801323,60504.608434342415,0.0,0.0,18500,identical complete generated cohort; zero SLA; no carry-in or background; exact full schedule
bounded-sim-quality,3,3,3,3,3,0,0,0,simulated,simulated,,6,6e78d025e2fba5cd,2,,,,3,1,0.093125,0.092125,0.099875,15,15,,,0,359f3faf01094ef6,,2523136,0.001138,0.001024,0.007452416999999656,0,0,0,0,0,0,0,0,0,0,0,,,,64,32,0,0,0,7,0,7,12,7,44,0,7,0,0,0,0,0,2,32,0,34875,34875,35375,36417,2.3333333333333335,75167.78523489933,32214.765100671142,0.0,0.0,19125,identical complete generated cohort; zero SLA; no carry-in or background; exact full schedule
sim-quality,3,4,3,3,3,0,0,0,simulated,simulated,,6,2ff6f1b9217686b3,2,,,,3,1,0.035417,0.033291,0.037666,103,103,,,0,3a671174a40cc80f,,2228224,0.0009329999999999999,0.000878,0.007491500000000428,0,6,4,4,0,0,0,14,4,0,0,,,,64,32,0,0,0,4,0,4,7,4,29,0,4,0,0,0,0,0,0,29,0,16917,16917,15458,16917,1.3333333333333333,112940.11350481409,84705.08512861056,0.0,0.0,13875,identical complete generated cohort; zero SLA; no carry-in or background; exact full schedule
bounded-sim-quality,3,4,3,3,3,0,0,0,simulated,simulated,,6,220f0a6fb0eeab5d,2,,,,3,1,0.047333,0.045875,0.048,103,103,,,0,eeb4111f20142f9b,,2277376,0.0009249999999999999,0.000819,0.007339083000001523,0,0,0,0,0,0,0,0,0,0,0,,,,64,32,0,0,0,4,0,4,7,4,29,0,4,0,0,0,0,0,0,29,0,20667,20667,20667,20750,1.3333333333333333,84507.63737772801,63380.72803329601,0.0,0.0,13375,identical complete generated cohort; zero SLA; no carry-in or background; exact full schedule
sim-quality,3,5,3,3,3,0,0,0,simulated,simulated,,6,4ff7f2e0e36c516b,2,,,,3,1,0.04225,0.040875,0.053125,9,7,,,28.571428571428573,d5f6be002e39cc7c,,2244608,0.0009199999999999999,0.0009,0.007410750000001798,0,8,5,5,0,0,0,18,5,0,0,,,,64,32,0,0,0,5,0,5,10,5,34,0,5,0,0,0,0,0,0,32,0,15500,15500,15750,17500,1.6666666666666667,118343.19526627217,71005.91715976331,0.0,0.0,16292,identical complete generated cohort; zero SLA; no carry-in or background; exact full schedule
bounded-sim-quality,3,5,3,3,3,0,0,0,simulated,simulated,,6,49f7ceb64ef8c521,2,,,,3,1,0.0645,0.059917,0.065458,7,7,,,0,6c2a17d484762f02,,2359296,0.0009299999999999999,0.000775,0.0073473749999983795,0,0,0,0,0,0,0,0,0,0,0,,,,64,32,0,0,0,5,0,5,10,5,34,0,5,0,0,0,0,0,1,32,0,34750,34750,34750,37500,1.6666666666666667,77519.37984496125,46511.62790697675,0.0,0.0,15875,identical complete generated cohort; zero SLA; no carry-in or background; exact full schedule
sim-quality,3,6,3,3,3,0,0,0,simulated,simulated,,6,fd99d81eb4a09a3b,2,,,,3,1,0.0405,0.04025,0.046208,210,210,,,0,b1af0d993eac0292,,2244608,0.0008939999999999999,0.000765,0.0073839579999983584,0,5,6,6,0,0,0,17,6,0,0,,,,64,32,0,0,0,6,0,6,13,6,39,0,6,0,0,0,0,0,0,32,0,15416,15416,13792,15416,2.0,148148.14814814815,74074.07407407407,0.0,0.0,16458,identical complete generated cohort; zero SLA; no carry-in or background; exact full schedule
bounded-sim-quality,3,6,3,3,3,0,0,0,simulated,simulated,,6,5f6ed8e3f1aea43d,2,,,,3,1,0.070125,0.068084,0.074584,210,210,,,0,e4080bff0e827c80,,2408448,0.001032,0.0008749999999999999,0.007358624999998398,0,0,0,0,0,0,0,0,0,0,0,,,,64,32,0,0,0,6,0,6,13,6,39,0,6,0,0,0,0,0,1,32,0,27958,27958,26417,27958,2.0,85561.4973262032,42780.7486631016,0.0,0.0,16708,identical complete generated cohort; zero SLA; no carry-in or background; exact full schedule
sim-quality,3,7,3,3,3,0,0,0,simulated,simulated,,6,1e413f8e5ef2a33d,2,,,,3,1,0.05475,0.053,0.059042,206,206,,,0,6746ddf6107eca28,,2310144,0.000983,0.0009509999999999999,0.007481458000000885,0,12,8,8,0,0,0,28,8,0,0,,,,64,32,0,0,0,8,0,8,14,8,49,0,8,0,0,0,0,0,0,32,0,20583,20583,20791,22250,2.6666666666666665,146118.7214611872,54794.520547945205,0.0,0.0,19375,identical complete generated cohort; zero SLA; no carry-in or background; exact full schedule
bounded-sim-quality,3,7,3,3,3,0,0,0,simulated,simulated,,6,6bea8d52ecb1fd67,2,,,,3,1,0.07625,0.075084,0.08325,206,206,,,0,dfc1cedb89f02364,,2424832,0.000979,0.0009729999999999999,0.0073215839999996035,0,0,0,0,0,0,0,0,0,0,0,,,,64,32,0,0,0,8,0,8,14,8,49,0,8,0,0,0,0,0,1,32,0,30000,30000,28334,30000,2.6666666666666665,104918.03278688525,39344.26229508197,0.0,0.0,21458,identical complete generated cohort; zero SLA; no carry-in or background; exact full schedule
sim-quality,3,8,3,3,3,0,0,0,simulated,simulated,,6,8a3f5174be606567,2,,,,3,1,0.049667,0.04775,0.051125,209,209,,,0,fd8d1fd0264b0786,,2277376,0.0009379999999999999,0.000802,0.007440459000001454,0,8,7,7,0,0,0,22,7,0,0,,,,64,32,0,0,0,7,0,7,13,7,44,0,7,0,0,0,0,0,0,32,0,17250,17250,15791,17250,2.3333333333333335,140938.65141844685,60402.279179334364,0.0,0.0,20500,identical complete generated cohort; zero SLA; no carry-in or background; exact full schedule
bounded-sim-quality,3,8,3,3,3,0,0,0,simulated,simulated,,6,302e1a80cedc6f39,2,,,,3,1,0.079917,0.0795,0.088167,209,209,,,0,26a8ddf3354ca4f5,,2457600,0.0009559999999999999,0.000811,0.007452624999999102,0,0,0,0,0,0,0,0,0,0,0,,,,64,32,0,0,0,7,0,7,13,7,44,0,7,0,0,0,0,0,1,32,0,30250,30250,30250,30333,2.3333333333333335,87590.87553336586,37538.9466571568,0.0,0.0,21792,identical complete generated cohort; zero SLA; no carry-in or background; exact full schedule
sim-quality,3,9,3,3,3,0,0,0,simulated,simulated,,6,b684dfff9be97ce9,2,,,,3,1,0.051209,0.049667,0.056375,212,212,,,0,355245faee352dd7,,2310144,0.000931,0.0008889999999999999,0.00734141699999924,0,9,8,8,0,0,0,25,8,0,0,,,,64,32,0,0,0,8,0,8,15,8,49,0,8,0,0,0,0,0,0,32,0,20375,20375,20375,23459,2.6666666666666665,156222.5390068152,58583.452127555705,0.0,0.0,25709,identical complete generated cohort; zero SLA; no carry-in or background; exact full schedule
bounded-sim-quality,3,9,3,3,3,0,0,0,simulated,simulated,,6,fc08815680d55e23,2,,,,3,1,0.101583,0.094709,0.109958,212,212,,,0,63e42d6f97927c29,,2490368,0.000968,0.0008359999999999999,0.007496499999998463,0,0,0,0,0,0,0,0,0,0,0,,,,64,32,0,0,0,8,0,8,15,8,49,0,8,0,0,0,0,0,2,32,0,44625,44625,44625,44625,2.6666666666666665,78753.33471151668,29532.500516818756,0.0,0.0,23292,identical complete generated cohort; zero SLA; no carry-in or background; exact full schedule
sim-quality,3,10,3,3,3,0,0,0,simulated,simulated,,6,efb6d9b32a6b685e,2,,,,3,1,0.053375,0.051792,0.057042,12,12,,,0,337a73823a6f3095,,2293760,0.000962,0.0009249999999999999,0.00732829100000032,0,14,8,8,0,0,0,30,8,0,0,,,,64,32,0,0,0,8,0,8,13,8,49,0,8,0,0,0,0,0,0,32,0,17250,17250,15917,17250,2.6666666666666665,149882.90398126465,56206.08899297424,0.0,0.0,21792,identical complete generated cohort; zero SLA; no carry-in or background; exact full schedule
bounded-sim-quality,3,10,3,3,3,0,0,0,simulated,simulated,,6,2d545973ad1c527c,2,,,,3,1,0.096584,0.087792,0.098333,12,12,,,0,eea4f47fe901c140,,2490368,0.001037,0.0010069999999999999,0.007532874999998995,0,0,0,0,0,0,0,0,0,0,0,,,,64,32,0,0,0,8,0,8,13,8,49,0,8,0,0,0,0,0,2,32,0,32584,32584,32459,32584,2.6666666666666665,82829.45415389712,31061.045307711418,0.0,0.0,23333,identical complete generated cohort; zero SLA; no carry-in or background; exact full schedule
sim-quality,3,11,3,3,3,0,0,0,simulated,simulated,,6,822d984a160f03fc,2,,,,3,1,0.040834,0.038375,0.043958,5,5,,,0,7846642634bad65a,,2244608,0.001026,0.001047,0.007702292000001165,0,10,5,5,0,0,0,20,5,0,0,,,,64,32,0,0,0,5,0,5,8,5,34,0,5,0,0,0,0,0,0,32,0,22833,22833,21792,22833,1.6666666666666667,122446.9804574619,73468.18827447714,0.0,0.0,15958,identical complete generated cohort; zero SLA; no carry-in or background; exact full schedule
bounded-sim-quality,3,11,3,3,3,0,0,0,simulated,simulated,,6,d9737a83564c1efe,2,,,,3,1,0.039875,0.039416,0.04425,5,5,,,0,cd793406b4a70ad9,,2293760,0.0008539999999999999,0.00073,0.007379750000001906,0,0,0,0,0,0,0,0,0,0,0,,,,64,32,0,0,0,5,0,5,8,5,34,0,5,0,0,0,0,0,1,32,0,25792,25792,22833,25792,1.6666666666666667,125391.84952978056,75235.10971786834,0.0,0.0,15167,identical complete generated cohort; zero SLA; no carry-in or background; exact full schedule
sim-quality,3,12,3,3,3,0,0,0,simulated,simulated,,6,a3d56dcd1f6ab236,2,,,,3,1,0.03875,0.038625,0.042375,305,305,,,0,1c78da95f1eb071f,,2244608,0.000839,0.0007379999999999999,0.007272666999998734,0,5,6,6,0,0,0,17,6,0,0,,,,64,32,0,0,0,6,0,6,13,6,39,0,6,0,0,0,0,0,0,32,0,15208,15208,13834,15208,2.0,154838.70967741936,77419.35483870968,0.0,0.0,14042,identical complete generated cohort; zero SLA; no carry-in or background; exact full schedule
bounded-sim-quality,3,12,3,3,3,0,0,0,simulated,simulated,,6,085dd2a9e22c661c,2,,,,3,1,0.063208,0.059375,0.06375,305,305,,,0,0046b0d175c03d0b,,2392064,0.000908,0.00074,0.007296041000000031,0,0,0,0,0,0,0,0,0,0,0,,,,64,32,0,0,0,6,0,6,13,6,39,0,6,0,0,0,0,0,1,32,0,25958,25958,23916,25958,2.0,94924.69307682573,47462.346538412865,0.0,0.0,14000,identical complete generated cohort; zero SLA; no carry-in or background; exact full schedule
sim-quality,3,13,3,3,3,0,0,0,simulated,simulated,,6,9555438a48d7d44e,2,,,,3,1,0.048,0.047666,0.0545,109,109,,,0,fa81890209a58648,,2310144,0.0008979999999999999,0.0007769999999999999,0.007346874999999642,0,13,8,8,0,0,0,29,8,0,0,,,,64,32,0,0,0,8,0,8,12,8,49,0,8,0,0,0,0,0,0,32,0,24333,24333,18500,24333,2.6666666666666665,166666.66666666666,62500.0,0.0,0.0,20833,identical complete generated cohort; zero SLA; no carry-in or background; exact full schedule
bounded-sim-quality,3,13,3,3,3,0,0,0,simulated,simulated,,6,07267976e05993a4,2,,,,3,1,0.093542,0.087125,0.095792,109,109,,,0,ed57dfa88655fd4a,,2473984,0.001032,0.000892,0.0074807500000027005,0,0,0,0,0,0,0,0,0,0,0,,,,64,32,0,0,0,8,0,8,12,8,49,0,8,0,0,0,0,0,2,32,0,39167,39167,39167,45333,2.6666666666666665,85523.0805413611,32071.15520301041,0.0,0.0,22250,identical complete generated cohort; zero SLA; no carry-in or background; exact full schedule
sim-quality,3,14,3,3,3,0,0,0,simulated,simulated,,6,25ebd6b1c51b4bea,2,,,,3,1,0.041667,0.040792,0.042166,8,8,,,0,5f7fcf4a858a628e,,2277376,0.000887,0.00077,0.007377957999999296,0,9,6,6,0,0,0,21,6,0,0,,,,64,32,0,0,0,6,0,6,10,6,39,0,6,0,0,0,0,0,0,32,0,10625,10625,10625,11666,2.0,143998.84800921593,71999.42400460796,0.0,0.0,16833,identical complete generated cohort; zero SLA; no carry-in or background; exact full schedule
bounded-sim-quality,3,14,3,3,3,0,0,0,simulated,simulated,,6,2557934ba1ca0d20,2,,,,3,1,0.065542,0.064084,0.065834,8,8,,,0,38a3d49e97ccf452,,2375680,0.000881,0.0007469999999999999,0.007302000000002806,0,0,0,0,0,0,0,0,0,0,0,,,,64,32,0,0,0,6,0,6,10,6,39,0,6,0,0,0,0,0,2,32,0,28709,28709,29041,30375,2.0,91544.35323914436,45772.17661957218,0.0,0.0,17750,identical complete generated cohort; zero SLA; no carry-in or background; exact full schedule
sim-quality,3,15,3,3,3,0,0,0,simulated,simulated,,6,7800c379fe79975e,2,,,,3,1,0.04625,0.0435,0.0465,16,16,,,0,9fa676b0d1a22d1c,,2244608,0.0009299999999999999,0.0008719999999999999,0.007293332999999791,0,7,6,6,0,0,0,19,6,0,0,,,,64,32,0,0,0,6,0,6,12,6,39,0,6,0,0,0,0,0,0,32,0,17500,17500,16500,17500,2.0,129729.72972972973,64864.86486486487,0.0,0.0,16750,identical complete generated cohort; zero SLA; no carry-in or background; exact full schedule
bounded-sim-quality,3,15,3,3,3,0,0,0,simulated,simulated,,6,0284ee72bf853534,2,,,,3,1,0.054917,0.054625,0.059667,16,16,,,0,d26d595bdc7350ed,,2392064,0.000945,0.0007949999999999999,0.007577540999999854,0,0,0,0,0,0,0,0,0,0,0,,,,64,32,0,0,0,6,0,6,12,6,39,0,6,0,0,0,0,0,1,32,0,21250,21250,19709,21250,2.0,109255.7860043338,54627.8930021669,0.0,0.0,17583,identical complete generated cohort; zero SLA; no carry-in or background; exact full schedule
bounded-schedule-ties,2048,42,1000,3,3,0,0,0,feasible,feasible,2,4,1f7320c898a5200a,2,2048,2048,constructed fixture v1,2,1,2.133917,1.954458,2.6095,2048,2048,2048,0,,57d951bce6d57c36,959737.4218397436,6291456,0.011347999999999999,0.001016,0.01882370899999941,0,0,0,0,0,0,0,0,0,0,0,,,,,,,,,,,,,,,,,,,,,,,,,,,,,,,,,,,
bounded-schedule-contention,512,42,1000,3,3,0,0,0,feasible,feasible,512,2,1abce411ad462840,2,512,512,constructed fixture v1,1,1,24.782959,23.588584,24.864875,512,512,512,130816,,91f84c5cd66c6c98,20659.35710098217,4096000,0.026883999999999998,0.00109,0.03246491600000212,0,0,0,0,0,0,0,0,0,0,0,,,,,,,,,,,,,,,,,,,,,,,,,,,,,,,,,,,
bounded-schedule-reverse-deadline,512,42,1000,3,3,0,0,0,feasible,feasible,512,2,ca4a49773e3e0b18,2,512,512,constructed fixture v1,1,1,7.539334,7.325167,8.180084,512,512,512,130816,,03deb2d31a615de6,67910.50774511382,4014080,0.010269,0.0009469999999999999,0.013636874999999549,0,0,0,0,0,0,0,0,0,0,256,,,,,,,,,,,,,,,,,,,,,,,,,,,,,,,,,,,
bounded-schedule-multihop-slots,1024,42,1000,3,3,0,0,0,feasible,feasible,3072,6,b973954145e6b1f2,4,1,1,constructed fixture v1,3,1,7.587,7.057167,7.687,3,3,3,0,,45ca6455695d556b,131.80440226703573,3899392,0.017179,0.000897,0.019845042000000035,0,0,0,0,0,0,0,0,0,0,0,,,,,,,,,,,,,,,,,,,,,,,,,,,,,,,,,,,
bounded-sim-density,512,42,1000,3,3,0,0,0,simulated,simulated,,261632,72bbe8c4a02b0793,512,,,,1,1,52.0815,51.779417,52.264625,0,,,,,c99e2ae36f3d3a07,,3538944,0.052954999999999995,0.001173,0.057425750000000164,0,0,0,0,0,0,0,0,0,0,0,,,,64,32,0,0,0,759,0,759,759,759,4795,0,759,0,0,0,0,0,0,32,0,95750,75000,75625,99209,0.759,14573.312980616918,19200.675863790406,0.0,0.0,,
bounded-sim-mesh,16,42,100,3,3,0,0,0,simulated,simulated,,304,080827481c7a8b18,16,,,,33,1,146.228,144.741334,149.733833,299,,,,,1e90f7bc47953276,,3653632,0.149536,0.002062,0.15356762500000087,0,0,0,0,0,0,0,0,0,0,0,,,,64,32,36,44,3636,579,3510,579,579,2498,10105,0,615,6,36,38,1138,0,51,32,0,2538250,2034000,1990000,2646500,5.79,4205.760866591898,683.863555543398,11.38,0.0,,
bounded-sim-mesh,32,42,100,3,3,0,0,0,simulated,simulated,,1120,23cbd36cee485b4f,32,,,,65,1,387.330834,386.250542,390.940708,1439,,,,,59567295f3ccbea9,,3981312,0.38866599999999996,0.004306,0.39919658300000194,0,0,0,0,0,0,0,0,0,2,0,,,,64,32,43,55,4597,572,4426,572,572,3542,15386,0,615,6,45,48,1055,0,91,32,0,11127708,8917333,8917333,11127708,5.72,1587.7899356703424,258.1772253122508,10.55,0.0,,
bounded-sim-mesh,64,42,100,3,3,0,0,0,simulated,simulated,,4288,0e8f0235806d5720,64,,,,129,1,123.684542,122.667875,124.697833,30750,,,,,e1c204caee39b958,,3948544,0.12497699999999999,0.0018809999999999999,0.12827033299999968,0,0,0,0,0,0,0,0,0,242,0,,,,64,32,8,8,615,607,607,607,607,615,15959,0,615,0,0,0,0,0,1,32,0,2666667,1905625,1905625,2666667,6.07,4972.327099695288,808.5084714951688,0.0,0.0,,
bounded-sim-mesh,128,42,100,3,3,0,0,0,simulated,simulated,,16768,82716c6becd6a0f8,128,,,,257,1,211.362,211.182417,216.639833,30750,,,,,8c3f7bda3ca99d97,,4882432,0.215248,0.002987,0.22068858300000116,0,0,0,0,0,0,0,0,0,251,0,,,,64,32,8,8,615,607,607,607,607,615,28759,0,615,0,0,0,0,0,1,32,0,4323000,3488458,3540792,4889000,6.07,2909.6999460640986,473.1219424494469,0.0,0.0,,
schedule-mixed,5,64,1000,3,3,0,0,0,optimal,optimal,18,24,8c6af3aceb9f93ca,4,5,9,constructed fixture v1,7,1,0.169792,0.168041,0.18075,406,,5,4,0,efdaa32ff03391f3,29447.794949114214,2555904,0.000897,0.000721,0.0072702080000013325,320,314,826,319,0,1,169,614,1,,,,,,,,,,,,,,,,,,,,,,,,,,,,,,,,,,,,,
bounded-schedule-mixed,5,64,1000,3,3,0,0,0,feasible,feasible,18,24,8c6af3aceb9f93ca,4,5,9,constructed fixture v1,7,1,0.17925,0.177375,0.20225,406,,5,4,,efdaa32ff03391f3,27894.00278940028,2457600,0.00087,0.0006929999999999999,0.007263542000000456,0,0,0,0,0,0,0,0,0,0,0,,,,,,,,,,,,,,,,,,,,,,,,,,,,,,,,,,,
schedule-mixed,5,65,1000,3,3,0,0,0,optimal,optimal,20,24,a36cfc0cf79d1c98,4,5,8,constructed fixture v1,7,1,0.308334,0.307791,0.313416,112,,7,8,0,5e734c7473524d16,16216.18115420291,2703360,0.0010689999999999999,0.000779,0.0073040830000010715,1434,1414,1170,453,38,2,280,933,1,,,,,,,,,,,,,,,,,,,,,,,,,,,,,,,,,,,,,
bounded-schedule-mixed,5,65,1000,3,3,0,0,0,feasible,feasible,20,24,a36cfc0cf79d1c98,4,5,8,constructed fixture v1,7,1,0.334,0.323125,0.39775,116,,5,7,,4917ce5d562395be,14970.05988023952,2441216,0.0010609999999999999,0.00078,0.00721008400000045,0,0,0,0,0,0,0,0,0,0,0,,,,,,,,,,,,,,,,,,,,,,,,,,,,,,,,,,,
schedule-mixed,5,66,1000,3,3,0,0,0,optimal,optimal,19,24,7875947ca52ecb20,4,5,8,constructed fixture v1,7,1,0.279958,0.273958,0.283959,113,,5,4,0,3bb19d8c2e47e1ff,17859.821830417422,2588672,0.0010249999999999999,0.000736,0.007248541999999247,1551,1521,892,347,48,2,304,795,1,,,,,,,,,,,,,,,,,,,,,,,,,,,,,,,,,,,,,
bounded-schedule-mixed,5,66,1000,3,3,0,0,0,feasible,feasible,19,24,7875947ca52ecb20,4,5,8,constructed fixture v1,7,1,0.224792,0.210125,0.237625,113,,5,4,,3bb19d8c2e47e1ff,22242.784440727428,2441216,0.0009839999999999998,0.000743,0.007354792000000998,0,0,0,0,0,0,0,0,0,0,0,,,,,,,,,,,,,,,,,,,,,,,,,,,,,,,,,,,
schedule-mixed,5,67,1000,3,3,0,0,0,optimal,optimal,19,24,21623e7b644184dc,4,5,8,constructed fixture v1,7,1,0.153,0.15025,0.163333,308,,5,0,0,6dc8c40ea83cdd58,32679.7385620915,2359296,0.000967,0.0007869999999999999,0.0073893339999990815,168,162,414,167,0,1,226,481,1,,,,,,,,,,,,,,,,,,,,,,,,,,,,,,,,,,,,,
bounded-schedule-mixed,5,67,1000,3,3,0,0,0,feasible,feasible,19,24,21623e7b644184dc,4,5,8,constructed fixture v1,7,1,0.191375,0.188333,0.192291,308,,5,0,,6dc8c40ea83cdd58,26126.714565643375,2408448,0.0009939999999999999,0.000816,0.0073308340000011185,0,0,0,0,0,0,0,0,0,0,0,,,,,,,,,,,,,,,,,,,,,,,,,,,,,,,,,,,
schedule-mixed,5,68,1000,3,3,0,0,0,optimal,optimal,17,24,53ea6ece77e38be3,4,5,8,constructed fixture v1,7,1,1.10725,1.097791,1.1215,123,,6,6,0,a0161327d12c7a3a,4515.692029803567,2703360,0.001903,0.000793,0.007396541000002088,24992,24733,1237,477,1792,10,337,1010,1,,,,,,,,,,,,,,,,,,,,,,,,,,,,,,,,,,,,,
bounded-schedule-mixed,5,68,1000,3,3,0,0,0,feasible,feasible,17,24,53ea6ece77e38be3,4,5,8,constructed fixture v1,7,1,0.274792,0.272708,0.287,123,,6,6,,a0161327d12c7a3a,18195.580657369937,2490368,0.001132,0.000948,0.007621083000000084,0,0,0,0,0,0,0,0,0,0,0,,,,,,,,,,,,,,,,,,,,,,,,,,,,,,,,,,,
schedule-mixed,5,69,1000,3,3,0,0,0,optimal,optimal,17,24,4cad511067298b2a,4,5,8,constructed fixture v1,7,1,0.179792,0.17825,0.191542,205,,6,4,0,04cb8b72a10bba20,27809.91367802794,2473984,0.000948,0.000776,0.007345582999999323,271,265,696,270,0,1,231,613,1,,,,,,,,,,,,,,,,,,,,,,,,,,,,,,,,,,,,,
bounded-schedule-mixed,5,69,1000,3,3,0,0,0,feasible,feasible,17,24,4cad511067298b2a,4,5,8,constructed fixture v1,7,1,0.183916,0.178708,0.185125,205,,6,4,,04cb8b72a10bba20,27186.324191478718,2441216,0.0009689999999999999,0.000772,0.007381583000000802,0,0,0,0,0,0,0,0,0,0,0,,,,,,,,,,,,,,,,,,,,,,,,,,,,,,,,,,,
schedule-mixed,5,70,1000,3,3,0,0,0,optimal,optimal,20,24,a59be469364b0c4d,4,5,8,constructed fixture v1,7,1,0.219667,0.217583,0.2275,106,,5,4,0,ff7b1f549d458763,22761.7257029959,2457600,0.0010249999999999999,0.000767,0.007236000000002463,880,862,610,244,38,2,343,707,1,,,,,,,,,,,,,,,,,,,,,,,,,,,,,,,,,,,,,
bounded-schedule-mixed,5,70,1000,3,3,0,0,0,feasible,feasible,20,24,a59be469364b0c4d,4,5,8,constructed fixture v1,7,1,0.201583,0.195458,0.202334,106,,5,4,,ff7b1f549d458763,24803.678881651722,2441216,0.000988,0.00077,0.007304125000000994,0,0,0,0,0,0,0,0,0,0,0,,,,,,,,,,,,,,,,,,,,,,,,,,,,,,,,,,,
schedule-mixed,5,71,1000,3,3,0,0,0,optimal,optimal,17,24,c2708cd05d307cf1,4,5,10,constructed fixture v1,7,1,0.145417,0.144667,0.158,209,,5,1,0,145424730a5b7b36,34383.87533782158,2359296,0.0009379999999999999,0.0007859999999999999,0.007293374999999713,251,240,394,161,25,2,260,492,1,,,,,,,,,,,,,,,,,,,,,,,,,,,,,,,,,,,,,
bounded-schedule-mixed,5,71,1000,3,3,0,0,0,feasible,feasible,17,24,c2708cd05d307cf1,4,5,10,constructed fixture v1,7,1,0.134792,0.132833,0.136167,209,,5,1,,145424730a5b7b36,37094.18956614636,2408448,0.000944,0.000789,0.007404499999999814,0,0,0,0,0,0,0,0,0,0,0,,,,,,,,,,,,,,,,,,,,,,,,,,,,,,,,,,,
schedule-mixed,5,72,1000,3,3,0,0,0,optimal,optimal,18,24,e44f4223aa8067de,4,5,9,constructed fixture v1,7,1,0.159583,0.152625,0.163584,206,,5,3,0,bc261a2e9615bf9e,31331.658134011766,2359296,0.0009549999999999999,0.000763,0.007408333000000766,520,493,351,145,21,3,301,531,1,,,,,,,,,,,,,,,,,,,,,,,,,,,,,,,,,,,,,
bounded-schedule-mixed,5,72,1000,3,3,0,0,0,feasible,feasible,18,24,e44f4223aa8067de,4,5,9,constructed fixture v1,7,1,0.181917,0.155125,0.182208,206,,5,3,,bc261a2e9615bf9e,27485.061868874265,2457600,0.000986,0.000891,0.007454500000001474,0,0,0,0,0,0,0,0,0,0,0,,,,,,,,,,,,,,,,,,,,,,,,,,,,,,,,,,,
schedule-mixed,5,73,1000,3,3,0,0,0,optimal,optimal,18,24,90a601892e89a7ae,4,5,8,constructed fixture v1,7,1,0.185167,0.182,0.187792,303,,5,2,0,07ae52aadc2b933d,27002.65166039305,2523136,0.000919,0.000683,0.007359541999999664,276,270,713,277,2,1,151,555,1,,,,,,,,,,,,,,,,,,,,,,,,,,,,,,,,,,,,,
bounded-schedule-mixed,5,73,1000,3,3,0,0,0,feasible,feasible,18,24,90a601892e89a7ae,4,5,8,constructed fixture v1,7,1,0.210666,0.202166,0.223958,303,,5,2,,07ae52aadc2b933d,23734.252323583303,2457600,0.0009209999999999999,0.000695,0.007210916999998318,0,0,0,0,0,0,0,0,0,0,0,,,,,,,,,,,,,,,,,,,,,,,,,,,,,,,,,,,
schedule-mixed,5,74,1000,3,3,0,0,0,optimal,optimal,18,24,7f67d53bfc42eefb,4,5,10,constructed fixture v1,7,1,0.451166,0.442084,0.465333,314,,6,4,0,d0d2b126e3df017f,11082.395393269882,2523136,0.001156,0.000713,0.007271458000001729,7078,6871,802,309,1343,1,274,733,1,,,,,,,,,,,,,,,,,,,,,,,,,,,,,,,,,,,,,
bounded-schedule-mixed,5,74,1000,3,3,0,0,0,feasible,feasible,18,24,7f67d53bfc42eefb,4,5,10,constructed fixture v1,7,1,0.290708,0.27225,0.305583,314,,6,4,,d0d2b126e3df017f,17199.389077699958,2523136,0.001053,0.000723,0.007299708000001459,0,0,0,0,0,0,0,0,0,0,0,,,,,,,,,,,,,,,,,,,,,,,,,,,,,,,,,,,
schedule-mixed,5,75,1000,3,3,0,0,0,optimal,optimal,19,24,1aeb637f04651dc5,4,5,8,constructed fixture v1,7,1,0.309708,0.306709,0.323666,311,,5,3,0,fa4249d6a40e1c49,16144.239089723224,2703360,0.001098,0.000741,0.0072962909999994,443,437,1179,449,7,1,233,883,1,,,,,,,,,,,,,,,,,,,,,,,,,,,,,,,,,,,,,
bounded-schedule-mixed,5,75,1000,3,3,0,0,0,feasible,feasible,19,24,1aeb637f04651dc5,4,5,8,constructed fixture v1,7,1,0.297834,0.28525,0.31075,311,,5,3,,fa4249d6a40e1c49,16787.875125069673,2490368,0.001064,0.000811,0.0074069170000008455,0,0,0,0,0,0,0,0,0,0,0,,,,,,,,,,,,,,,,,,,,,,,,,,,,,,,,,,,
schedule-mixed,5,76,1000,3,3,0,0,0,optimal,optimal,15,24,34ee124d65c354d0,4,5,9,constructed fixture v1,7,1,0.206792,0.206209,0.209209,401,,5,1,0,faa2ae1203a8651d,24178.885063251964,2424832,0.0010329999999999998,0.0008089999999999999,0.007439790999999474,211,205,533,210,0,1,327,661,1,,,,,,,,,,,,,,,,,,,,,,,,,,,,,,,,,,,,,
bounded-schedule-mixed,5,76,1000,3,3,0,0,0,feasible,feasible,15,24,34ee124d65c354d0,4,5,9,constructed fixture v1,7,1,0.210667,0.206667,0.227208,401,,5,1,,faa2ae1203a8651d,23734.139661171423,2424832,0.001004,0.000799,0.007305250000001706,0,0,0,0,0,0,0,0,0,0,0,,,,,,,,,,,,,,,,,,,,,,,,,,,,,,,,,,,
schedule-mixed,5,77,1000,3,3,0,0,0,optimal,optimal,17,24,83e5df9f3cc04fb0,4,5,7,constructed fixture v1,7,1,0.207875,0.207292,0.208083,205,,5,4,0,4e0f914347e0f1a2,24052.916416115455,2473984,0.001032,0.000808,0.0073472089999988555,262,256,661,261,0,1,306,694,1,,,,,,,,,,,,,,,,,,,,,,,,,,,,,,,,,,,,,
bounded-schedule-mixed,5,77,1000,3,3,0,0,0,feasible,feasible,17,24,83e5df9f3cc04fb0,4,5,7,constructed fixture v1,7,1,0.230458,0.221459,0.236,205,,5,4,,4e0f914347e0f1a2,21695.927240538404,2473984,0.0010509999999999999,0.000839,0.007427624999998272,0,0,0,0,0,0,0,0,0,0,0,,,,,,,,,,,,,,,,,,,,,,,,,,,,,,,,,,,
schedule-mixed,5,78,1000,3,3,0,0,0,optimal,optimal,18,24,2139a779ad9446c7,4,5,8,constructed fixture v1,7,1,0.422459,0.411416,0.437917,110,,6,5,0,421583d15a4c7c3b,11835.46805725526,2686976,0.001366,0.001052,0.007787792000002014,3270,3232,1194,467,378,2,249,899,1,,,,,,,,,,,,,,,,,,,,,,,,,,,,,,,,,,,,,
bounded-schedule-mixed,5,78,1000,3,3,0,0,0,feasible,feasible,18,24,2139a779ad9446c7,4,5,8,constructed fixture v1,7,1,0.246375,0.23425,0.256334,110,,6,5,,421583d15a4c7c3b,20294.266869609335,2473984,0.001095,0.00095,0.0076152500000006285,0,0,0,0,0,0,0,0,0,0,0,,,,,,,,,,,,,,,,,,,,,,,,,,,,,,,,,,,
schedule-mixed,5,79,1000,3,3,0,0,0,optimal,optimal,18,24,ea0ccf79bb505617,4,5,6,constructed fixture v1,7,1,0.226041,0.2185,0.227958,121,,5,3,0,3373c0fb87383b1e,22119.8809065612,2457600,0.001063,0.0007729999999999999,0.007439833000002949,243,237,624,248,6,1,417,771,1,,,,,,,,,,,,,,,,,,,,,,,,,,,,,,,,,,,,,
bounded-schedule-mixed,5,79,1000,3,3,0,0,0,feasible,feasible,18,24,ea0ccf79bb505617,4,5,6,constructed fixture v1,7,1,0.190083,0.189125,0.191459,121,,5,3,,3373c0fb87383b1e,26304.298648485135,2424832,0.0010019999999999999,0.000803,0.007402458000001388,0,0,0,0,0,0,0,0,0,0,0,,,,,,,,,,,,,,,,,,,,,,,,,,,,,,,,,,,
schedule-mixed,5,80,1000,3,3,0,0,0,optimal,optimal,17,24,75f2239d5a3bd2bc,4,5,6,constructed fixture v1,7,1,0.259,0.252083,0.274583,125,,6,7,0,d6d7e5bed114d9d1,19305.019305019305,2572288,0.001062,0.0007559999999999999,0.007241833999998448,352,346,924,357,6,1,277,784,1,,,,,,,,,,,,,,,,,,,,,,,,,,,,,,,,,,,,,
bounded-schedule-mixed,5,80,1000,3,3,0,0,0,feasible,feasible,17,24,75f2239d5a3bd2bc,4,5,6,constructed fixture v1,7,1,0.278708,0.270208,0.283625,125,,6,7,,d6d7e5bed114d9d1,17939.922786572326,2523136,0.001119,0.000788,0.00731583300000338,0,0,0,0,0,0,0,0,0,0,0,,,,,,,,,,,,,,,,,,,,,,,,,,,,,,,,,,,
schedule-mixed,5,81,1000,3,3,0,0,0,optimal,optimal,20,24,faa2849eecb3c44e,4,5,8,constructed fixture v1,7,1,0.255875,0.250666,0.258292,307,,5,2,0,47d25b4a1b8b0141,19540.791402051782,2588672,0.0010789999999999999,0.00086,0.007355916000001628,342,336,883,341,0,1,275,770,1,,,,,,,,,,,,,,,,,,,,,,,,,,,,,,,,,,,,,
bounded-schedule-mixed,5,81,1000,3,3,0,0,0,feasible,feasible,20,24,faa2849eecb3c44e,4,5,8,constructed fixture v1,7,1,0.248208,0.245,0.261958,307,,5,2,,47d25b4a1b8b0141,20144.39502352865,2457600,0.001098,0.000829,0.007363125000001247,0,0,0,0,0,0,0,0,0,0,0,,,,,,,,,,,,,,,,,,,,,,,,,,,,,,,,,,,
schedule-mixed,5,82,1000,3,3,0,0,0,optimal,optimal,19,24,ac1b657c628f3aa1,4,5,8,constructed fixture v1,7,1,0.166791,0.164166,0.171583,11,,5,6,0,5dec0b915d2f5866,29977.63668303446,2375680,0.000992,0.0007909999999999999,0.007344957999997348,130,124,387,158,29,1,318,558,1,,,,,,,,,,,,,,,,,,,,,,,,,,,,,,,,,,,,,
bounded-schedule-mixed,5,82,1000,3,3,0,0,0,feasible,feasible,19,24,ac1b657c628f3aa1,4,5,8,constructed fixture v1,7,1,0.188291,0.176792,0.189958,11,,5,6,,5dec0b915d2f5866,26554.6414857853,2424832,0.001005,0.000803,0.00748620799999955,0,0,0,0,0,0,0,0,0,0,0,,,,,,,,,,,,,,,,,,,,,,,,,,,,,,,,,,,
schedule-mixed,5,83,1000,3,3,0,0,0,optimal,optimal,19,24,43d7a467de1db672,4,5,8,constructed fixture v1,7,1,0.22725,0.224167,0.229416,306,,5,2,0,49d3071a9bf74098,22002.200220022,2408448,0.0010559999999999999,0.000842,0.007393249999999796,556,544,548,220,25,1,429,768,1,,,,,,,,,,,,,,,,,,,,,,,,,,,,,,,,,,,,,
bounded-schedule-mixed,5,83,1000,3,3,0,0,0,feasible,feasible,19,24,43d7a467de1db672,4,5,8,constructed fixture v1,7,1,0.310916,0.300542,0.317041,306,,5,2,,49d3071a9bf74098,16081.51397805195,2457600,0.0012519999999999999,0.000843,0.007428915999998509,0,0,0,0,0,0,0,0,0,0,0,,,,,,,,,,,,,,,,,,,,,,,,,,,,,,,,,,,
schedule-mixed,5,84,1000,3,3,0,0,0,optimal,optimal,17,24,7f2852c21a015771,4,5,7,constructed fixture v1,7,1,0.26725,0.260167,0.2675,212,,5,5,0,5d2a3a480afdd192,18709.07390084191,2506752,0.001116,0.0008659999999999999,0.007507750000002034,984,964,689,269,45,2,361,757,1,,,,,,,,,,,,,,,,,,,,,,,,,,,,,,,,,,,,,
bounded-schedule-mixed,5,84,1000,3,3,0,0,0,feasible,feasible,17,24,7f2852c21a015771,4,5,7,constructed fixture v1,7,1,0.233916,0.231,0.250709,212,,5,5,,5d2a3a480afdd192,21375.19451427008,2473984,0.001256,0.00123,0.007865041000002293,0,0,0,0,0,0,0,0,0,0,0,,,,,,,,,,,,,,,,,,,,,,,,,,,,,,,,,,,
schedule-mixed,5,85,1000,3,3,0,0,0,optimal,optimal,20,24,02605ba3dc57eeaa,4,5,8,constructed fixture v1,7,1,0.1325,0.123292,0.140167,308,,5,2,0,084ce47a690da4fa,37735.84905660377,2244608,0.001018,0.000888,0.007450625000000599,112,106,269,111,0,1,305,484,1,,,,,,,,,,,,,,,,,,,,,,,,,,,,,,,,,,,,,
bounded-schedule-mixed,5,85,1000,3,3,0,0,0,feasible,feasible,20,24,02605ba3dc57eeaa,4,5,8,constructed fixture v1,7,1,0.172459,0.169667,0.173042,308,,5,2,,084ce47a690da4fa,28992.398193193745,2473984,0.000963,0.000789,0.0074738329999988196,0,0,0,0,0,0,0,0,0,0,0,,,,,,,,,,,,,,,,,,,,,,,,,,,,,,,,,,,
schedule-mixed,5,86,1000,3,3,0,0,0,optimal,optimal,17,24,c705d2bbaa736715,4,5,9,constructed fixture v1,7,1,0.209584,0.194333,0.21,403,,5,1,0,f7bbd510b384995b,23856.782960531338,2424832,0.000968,0.00075,0.007335667000003099,240,234,612,239,0,1,318,675,1,,,,,,,,,,,,,,,,,,,,,,,,,,,,,,,,,,,,,
bounded-schedule-mixed,5,86,1000,3,3,0,0,0,feasible,feasible,17,24,c705d2bbaa736715,4,5,9,constructed fixture v1,7,1,0.246458,0.235833,0.264,403,,5,1,,f7bbd510b384995b,20287.43234141314,2523136,0.0009739999999999999,0.0007729999999999999,0.007281375000001589,0,0,0,0,0,0,0,0,0,0,0,,,,,,,,,,,,,,,,,,,,,,,,,,,,,,,,,,,
schedule-mixed,5,87,1000,3,3,0,0,0,optimal,optimal,21,24,e842802dc7644a18,4,5,8,constructed fixture v1,7,1,0.339,0.334625,0.366333,5,,7,7,0,148050652aa664f4,14749.262536873157,2703360,0.001224,0.0008449999999999999,0.007331209000000172,1320,1303,1221,470,86,2,233,872,1,,,,,,,,,,,,,,,,,,,,,,,,,,,,,,,,,,,,,
bounded-schedule-mixed,5,87,1000,3,3,0,0,0,feasible,feasible,21,24,e842802dc7644a18,4,5,8,constructed fixture v1,7,1,0.294584,0.28775,0.2965,5,,7,7,,148050652aa664f4,16973.087472503597,2506752,0.001133,0.000801,0.007435291000000177,0,0,0,0,0,0,0,0,0,0,0,,,,,,,,,,,,,,,,,,,,,,,,,,,,,,,,,,,
schedule-mixed,5,88,1000,3,3,0,0,0,optimal,optimal,20,24,dc6e129ce28b7b53,4,5,9,constructed fixture v1,7,1,0.214708,0.210208,0.222125,126,,6,5,0,99f3b3657079fea7,23287.441548521714,2392064,0.001109,0.000997,0.007561125000002278,836,811,465,190,81,2,266,552,1,,,,,,,,,,,,,,,,,,,,,,,,,,,,,,,,,,,,,
bounded-schedule-mixed,5,88,1000,3,3,0,0,0,feasible,feasible,20,24,dc6e129ce28b7b53,4,5,9,constructed fixture v1,7,1,0.21125,0.201083,0.227667,126,,6,5,,99f3b3657079fea7,23668.63905325444,2473984,0.001045,0.000784,0.0073110000000014,0,0,0,0,0,0,0,0,0,0,0,,,,,,,,,,,,,,,,,,,,,,,,,,,,,,,,,,,
schedule-mixed,5,89,1000,3,3,0,0,0,optimal,optimal,20,24,2588899e94941cef,4,5,7,constructed fixture v1,7,1,0.198708,0.192333,0.208625,20,,5,6,0,4be2b0d6e7847fa7,25162.550073474646,2441216,0.000987,0.000765,0.007251666000001933,235,227,541,218,1,2,373,692,1,,,,,,,,,,,,,,,,,,,,,,,,,,,,,,,,,,,,,
bounded-schedule-mixed,5,89,1000,3,3,0,0,0,feasible,feasible,20,24,2588899e94941cef,4,5,7,constructed fixture v1,7,1,0.186667,0.184041,0.196458,20,,5,6,,4be2b0d6e7847fa7,26785.666454167043,2408448,0.000997,0.000789,0.007357040999998787,0,0,0,0,0,0,0,0,0,0,0,,,,,,,,,,,,,,,,,,,,,,,,,,,,,,,,,,,
schedule-mixed,5,90,1000,3,3,0,0,0,optimal,optimal,18,24,c9be57046faa44d9,4,5,7,constructed fixture v1,7,1,0.276083,0.275208,0.276084,202,,6,5,0,964c3477c6e82aa8,18110.49575671084,2605056,0.001083,0.0008049999999999999,0.007366125000000778,320,314,881,341,22,1,295,784,1,,,,,,,,,,,,,,,,,,,,,,,,,,,,,,,,,,,,,
bounded-schedule-mixed,5,90,1000,3,3,0,0,0,feasible,feasible,18,24,c9be57046faa44d9,4,5,7,constructed fixture v1,7,1,0.245833,0.237958,0.25925,202,,6,5,,964c3477c6e82aa8,20339.010629166954,2441216,0.001137,0.0009109999999999999,0.007570042000001109,0,0,0,0,0,0,0,0,0,0,0,,,,,,,,,,,,,,,,,,,,,,,,,,,,,,,,,,,
schedule-mixed,5,91,1000,3,3,0,0,0,optimal,optimal,20,24,923ef381b8888251,4,5,9,constructed fixture v1,7,1,0.171375,0.169375,0.174042,306,,6,4,0,a9ea89ccb4935730,29175.784099197666,2408448,0.0010119999999999999,0.000794,0.007391375000000977,173,167,475,189,17,1,299,579,1,,,,,,,,,,,,,,,,,,,,,,,,,,,,,,,,,,,,,
bounded-schedule-mixed,5,91,1000,3,3,0,0,0,feasible,feasible,20,24,923ef381b8888251,4,5,9,constructed fixture v1,7,1,0.217209,0.215333,0.229416,306,,6,4,,a9ea89ccb4935730,23019.30398832461,2539520,0.001004,0.000776,0.007289457999998916,0,0,0,0,0,0,0,0,0,0,0,,,,,,,,,,,,,,,,,,,,,,,,,,,,,,,,,,,
schedule-mixed,5,92,1000,3,3,0,0,0,optimal,optimal,19,24,42d0309ab01ef159,4,5,8,constructed fixture v1,7,1,0.175583,0.169625,0.190333,313,,5,3,0,429eff8ab90aeed9,28476.560942688076,2359296,0.0010069999999999999,0.00085,0.007459707999998955,272,262,390,155,15,1,371,618,1,,,,,,,,,,,,,,,,,,,,,,,,,,,,,,,,,,,,,
bounded-schedule-mixed,5,92,1000,3,3,0,0,0,feasible,feasible,19,24,42d0309ab01ef159,4,5,8,constructed fixture v1,7,1,0.249917,0.24675,0.253042,313,,5,3,,429eff8ab90aeed9,20006.64220521213,2539520,0.001151,0.0009069999999999999,0.007549333000000047,0,0,0,0,0,0,0,0,0,0,0,,,,,,,,,,,,,,,,,,,,,,,,,,,,,,,,,,,
schedule-mixed,5,93,1000,3,3,0,0,0,optimal,optimal,15,24,5fd8dbacf7a99aa8,4,5,9,constructed fixture v1,7,1,0.241917,0.239875,0.245167,307,,5,3,0,d40e4392a9852dec,20668.245720639723,2506752,0.0010379999999999999,0.000839,0.007305875000000128,506,498,751,293,10,1,247,672,1,,,,,,,,,,,,,,,,,,,,,,,,,,,,,,,,,,,,,
bounded-schedule-mixed,5,93,1000,3,3,0,0,0,feasible,feasible,15,24,5fd8dbacf7a99aa8,4,5,9,constructed fixture v1,7,1,0.208,0.206209,0.221958,307,,5,3,,d40e4392a9852dec,24038.46153846154,2424832,0.0010559999999999999,0.000869,0.007503207999999262,0,0,0,0,0,0,0,0,0,0,0,,,,,,,,,,,,,,,,,,,,,,,,,,,,,,,,,,,
schedule-mixed,5,94,1000,3,3,0,0,0,optimal,optimal,21,24,8b37f535962cfc9b,4,5,5,constructed fixture v1,7,1,0.479542,0.469042,0.503041,6,,6,3,0,2233e96daf6578d0,10426.615395523228,2965504,0.001271,0.0007959999999999999,0.007302165999998778,691,685,1845,693,3,1,356,1280,1,,,,,,,,,,,,,,,,,,,,,,,,,,,,,,,,,,,,,
bounded-schedule-mixed,5,94,1000,3,3,0,0,0,feasible,feasible,21,24,8b37f535962cfc9b,4,5,5,constructed fixture v1,7,1,0.304041,0.292167,0.313625,6,,6,3,,2233e96daf6578d0,16445.15048957213,2490368,0.001129,0.000758,0.007327666000001898,0,0,0,0,0,0,0,0,0,0,0,,,,,,,,,,,,,,,,,,,,,,,,,,,,,,,,,,,
schedule-mixed,5,95,1000,3,3,0,0,0,optimal,optimal,22,24,7cbd0f2f5dd544c7,4,5,7,constructed fixture v1,7,1,0.284208,0.27575,0.292917,113,,6,6,0,2c80f0135af40213,17592.748972583457,2637824,0.0011639999999999999,0.0008889999999999999,0.007270791999999915,353,347,929,357,5,1,306,808,1,,,,,,,,,,,,,,,,,,,,,,,,,,,,,,,,,,,,,
bounded-schedule-mixed,5,95,1000,3,3,0,0,0,feasible,feasible,22,24,7cbd0f2f5dd544c7,4,5,7,constructed fixture v1,7,1,0.282166,0.267375,0.293334,113,,6,6,,2c80f0135af40213,17720.065493362064,2490368,0.001151,0.0009339999999999999,0.007499708999997523,0,0,0,0,0,0,0,0,0,0,0,,,,,,,,,,,,,,,,,,,,,,,,,,,,,,,,,,,
schedule-mixed,5,96,1000,3,3,0,0,0,optimal,optimal,19,24,20dd9371214cfde7,4,5,9,constructed fixture v1,7,1,0.299541,0.295042,0.311292,115,,5,9,0,82aa8adee8583a22,16692.205741451085,2621440,0.001124,0.000856,0.007381833000000171,744,731,948,372,57,2,183,708,1,,,,,,,,,,,,,,,,,,,,,,,,,,,,,,,,,,,,,
bounded-schedule-mixed,5,96,1000,3,3,0,0,0,feasible,feasible,19,24,20dd9371214cfde7,4,5,9,constructed fixture v1,7,1,0.252667,0.248583,0.253917,115,,5,9,,82aa8adee8583a22,19788.89209908694,2457600,0.001254,0.000978,0.007554333000001634,0,0,0,0,0,0,0,0,0,0,0,,,,,,,,,,,,,,,,,,,,,,,,,,,,,,,,,,,
schedule-mixed,5,97,1000,3,3,0,0,0,optimal,optimal,18,24,7136d5eea03cfe8a,4,5,7,constructed fixture v1,7,1,0.276333,0.274583,0.290958,211,,5,0,0,480f53328750a9fd,18094.111090604452,2555904,0.0011539999999999999,0.0009649999999999999,0.007611958000001806,673,660,844,326,28,2,333,794,1,,,,,,,,,,,,,,,,,,,,,,,,,,,,,,,,,,,,,
bounded-schedule-mixed,5,97,1000,3,3,0,0,0,feasible,feasible,18,24,7136d5eea03cfe8a,4,5,7,constructed fixture v1,7,1,0.298,0.287417,0.307333,211,,5,0,,480f53328750a9fd,16778.523489932886,2506752,0.001145,0.000901,0.007558207999998956,0,0,0,0,0,0,0,0,0,0,0,,,,,,,,,,,,,,,,,,,,,,,,,,,,,,,,,,,
schedule-mixed,5,98,1000,3,3,0,0,0,optimal,optimal,20,24,175e27a9ed4a737b,4,5,7,constructed fixture v1,7,1,0.425791,0.411875,0.431125,111,,7,5,0,ad42515baca6152d,11742.850365554932,2637824,0.001217,0.0008259999999999999,0.007454457999997999,3124,3060,1030,397,931,2,334,904,1,,,,,,,,,,,,,,,,,,,,,,,,,,,,,,,,,,,,,
bounded-schedule-mixed,5,98,1000,3,3,0,0,0,feasible,feasible,20,24,175e27a9ed4a737b,4,5,7,constructed fixture v1,7,1,0.33325,0.312666,0.340375,111,,7,5,,ad42515baca6152d,15003.750937734434,2506752,0.001153,0.000857,0.00749825000000115,0,0,0,0,0,0,0,0,0,0,0,,,,,,,,,,,,,,,,,,,,,,,,,,,,,,,,,,,
schedule-mixed,5,99,1000,3,3,0,0,0,optimal,optimal,18,24,12e57b0e772e6cf1,4,5,9,constructed fixture v1,7,1,0.196167,0.195958,0.197875,210,,6,4,0,cc5fa4b59b49d8df,25488.48685048963,2441216,0.000963,0.000803,0.007295082999998925,440,428,535,214,24,1,319,639,1,,,,,,,,,,,,,,,,,,,,,,,,,,,,,,,,,,,,,
bounded-schedule-mixed,5,99,1000,3,3,0,0,0,feasible,feasible,18,24,12e57b0e772e6cf1,4,5,9,constructed fixture v1,7,1,0.1815,0.181,0.185667,210,,6,4,,cc5fa4b59b49d8df,27548.209366391187,2457600,0.0009339999999999999,0.0007419999999999999,0.007296084000000036,0,0,0,0,0,0,0,0,0,0,0,,,,,,,,,,,,,,,,,,,,,,,,,,,,,,,,,,,
schedule-mixed,5,100,1000,3,3,0,0,0,optimal,optimal,21,24,600cdc0134d848d2,4,5,7,constructed fixture v1,7,1,0.380583,0.370208,0.393667,133,,8,5,0,b44bf6c4a437dcbd,13137.738679867467,2457600,0.001205,0.0008359999999999999,0.007493291999999485,4732,4643,641,254,934,3,342,719,1,,,,,,,,,,,,,,,,,,,,,,,,,,,,,,,,,,,,,
bounded-schedule-mixed,5,100,1000,3,3,0,0,0,feasible,feasible,21,24,600cdc0134d848d2,4,5,7,constructed fixture v1,7,1,0.265041,0.258791,0.275042,133,,8,5,,b44bf6c4a437dcbd,18865.005791556774,2506752,0.001144,0.0008489999999999999,0.0074047909999990225,0,0,0,0,0,0,0,0,0,0,0,,,,,,,,,,,,,,,,,,,,,,,,,,,,,,,,,,,
schedule-mixed,5,101,1000,3,3,0,0,0,optimal,optimal,21,24,9b95701035edc247,4,5,6,constructed fixture v1,7,1,0.232209,0.225959,0.232916,303,,5,4,0,929fea539fb92135,21532.326481747048,2523136,0.001139,0.0009299999999999999,0.0075502089999979205,292,286,743,291,0,1,208,632,1,,,,,,,,,,,,,,,,,,,,,,,,,,,,,,,,,,,,,
bounded-schedule-mixed,5,101,1000,3,3,0,0,0,feasible,feasible,21,24,9b95701035edc247,4,5,6,constructed fixture v1,7,1,0.201041,0.198458,0.203583,303,,5,4,,929fea539fb92135,24870.548793529677,2441216,0.001039,0.0008439999999999999,0.007489291999998926,0,0,0,0,0,0,0,0,0,0,0,,,,,,,,,,,,,,,,,,,,,,,,,,,,,,,,,,,
schedule-mixed,5,102,1000,3,3,0,0,0,optimal,optimal,17,24,919cbb4a125a4c03,4,5,9,constructed fixture v1,7,1,0.195333,0.190417,0.224958,304,,5,4,0,1b3749eaab2014a5,25597.3133059954,2457600,0.000968,0.0008259999999999999,0.007403374999999102,236,230,598,235,0,1,336,684,1,,,,,,,,,,,,,,,,,,,,,,,,,,,,,,,,,,,,,
bounded-schedule-mixed,5,102,1000,3,3,0,0,0,feasible,feasible,17,24,919cbb4a125a4c03,4,5,9,constructed fixture v1,7,1,0.2395,0.228209,0.250084,304,,5,4,,1b3749eaab2014a5,20876.826722338206,2490368,0.0010119999999999999,0.000762,0.007362374999999588,0,0,0,0,0,0,0,0,0,0,0,,,,,,,,,,,,,,,,,,,,,,,,,,,,,,,,,,,
schedule-mixed,5,103,1000,3,3,0,0,0,optimal,optimal,18,24,56c98aca059d8a7e,4,5,8,constructed fixture v1,7,1,0.264292,0.252958,0.273167,110,,5,3,0,952e4afee018dabf,18918.468966143508,2457600,0.001052,0.00082,0.007440124999998687,1891,1846,600,238,117,9,359,706,1,,,,,,,,,,,,,,,,,,,,,,,,,,,,,,,,,,,,,
bounded-schedule-mixed,5,103,1000,3,3,0,0,0,feasible,feasible,18,24,56c98aca059d8a7e,4,5,8,constructed fixture v1,7,1,0.170959,0.170958,0.182875,110,,5,3,,952e4afee018dabf,29246.77846735182,2441216,0.001047,0.000932,0.007598500000000286,0,0,0,0,0,0,0,0,0,0,0,,,,,,,,,,,,,,,,,,,,,,,,,,,,,,,,,,,
schedule-mixed,5,104,1000,3,3,0,0,0,optimal,optimal,16,24,bc49de8f019124a5,4,5,6,constructed fixture v1,7,1,0.247083,0.245791,0.25825,21,,5,8,0,a67671704435620d,20236.114989699818,2572288,0.001137,0.000917,0.007539707999999479,318,312,852,331,14,1,288,753,1,,,,,,,,,,,,,,,,,,,,,,,,,,,,,,,,,,,,,
bounded-schedule-mixed,5,104,1000,3,3,0,0,0,feasible,feasible,16,24,bc49de8f019124a5,4,5,6,constructed fixture v1,7,1,0.224458,0.211792,0.235041,21,,5,8,,a67671704435620d,22275.882347699793,2424832,0.001107,0.000861,0.007401208000000992,0,0,0,0,0,0,0,0,0,0,0,,,,,,,,,,,,,,,,,,,,,,,,,,,,,,,,,,,
schedule-mixed,5,105,1000,3,3,0,0,0,optimal,optimal,20,24,41cb637bc11c2af0,4,5,8,constructed fixture v1,7,1,0.2525,0.244208,0.257042,206,,5,6,0,124f869214510926,19801.980198019803,2605056,0.001063,0.0008049999999999999,0.007329916999999853,351,345,910,350,0,1,179,674,1,,,,,,,,,,,,,,,,,,,,,,,,,,,,,,,,,,,,,
bounded-schedule-mixed,5,105,1000,3,3,0,0,0,feasible,feasible,20,24,41cb637bc11c2af0,4,5,8,constructed fixture v1,7,1,0.204875,0.20075,0.210083,206,,5,6,,124f869214510926,24405.125076266017,2457600,0.000983,0.000784,0.007331333999999856,0,0,0,0,0,0,0,0,0,0,0,,,,,,,,,,,,,,,,,,,,,,,,,,,,,,,,,,,
schedule-mixed,5,106,1000,3,3,0,0,0,optimal,optimal,19,24,e8ac8f2bf43bc767,4,5,9,constructed fixture v1,7,1,0.285334,0.281167,0.301875,217,,6,6,0,68d8db14d1737a75,17523.32354363658,2555904,0.001106,0.000877,0.00757687499999804,1738,1695,851,327,267,2,220,686,1,,,,,,,,,,,,,,,,,,,,,,,,,,,,,,,,,,,,,
bounded-schedule-mixed,5,106,1000,3,3,0,0,0,feasible,feasible,19,24,e8ac8f2bf43bc767,4,5,9,constructed fixture v1,7,1,0.215166,0.214625,0.228041,217,,6,6,,68d8db14d1737a75,23237.872154522553,2473984,0.001053,0.000752,0.007319041999998888,0,0,0,0,0,0,0,0,0,0,0,,,,,,,,,,,,,,,,,,,,,,,,,,,,,,,,,,,
schedule-mixed,5,107,1000,3,3,0,0,0,optimal,optimal,17,24,748961f0031e12c3,4,5,8,constructed fixture v1,7,1,0.280583,0.275167,0.286625,306,,5,4,0,a0af8724b93777f0,17820.038990245306,2523136,0.001071,0.000762,0.007308916999999582,1826,1803,793,306,8,1,320,755,1,,,,,,,,,,,,,,,,,,,,,,,,,,,,,,,,,,,,,
bounded-schedule-mixed,5,107,1000,3,3,0,0,0,feasible,feasible,17,24,748961f0031e12c3,4,5,8,constructed fixture v1,7,1,0.228333,0.2265,0.235584,306,,5,4,,a0af8724b93777f0,21897.84218663093,2490368,0.0010689999999999999,0.0007869999999999999,0.007312917000000141,0,0,0,0,0,0,0,0,0,0,0,,,,,,,,,,,,,,,,,,,,,,,,,,,,,,,,,,,
schedule-mixed,5,108,1000,3,3,0,0,0,optimal,optimal,21,24,ac7ba4df9e46c116,4,5,7,constructed fixture v1,7,1,0.202542,0.201,0.216916,200,,5,4,0,bc1a56a8a087a9ff,24686.23791608654,2457600,0.001031,0.000857,0.007423082999999053,259,252,594,237,6,1,235,574,1,,,,,,,,,,,,,,,,,,,,,,,,,,,,,,,,,,,,,
bounded-schedule-mixed,5,108,1000,3,3,0,0,0,feasible,feasible,21,24,ac7ba4df9e46c116,4,5,7,constructed fixture v1,7,1,0.180583,0.177542,0.181459,200,,5,4,,bc1a56a8a087a9ff,27688.099101244305,2424832,0.00106,0.0008709999999999999,0.007421874999998579,0,0,0,0,0,0,0,0,0,0,0,,,,,,,,,,,,,,,,,,,,,,,,,,,,,,,,,,,
schedule-mixed,5,109,1000,3,3,0,0,0,optimal,optimal,17,24,858b50124ab3b028,4,5,6,constructed fixture v1,7,1,0.70275,0.687625,0.708917,211,,6,4,0,82664f05f1f352ab,7114.90572749911,2473984,0.0015539999999999998,0.000881,0.007524083999999931,12412,12098,676,265,3845,2,301,696,1,,,,,,,,,,,,,,,,,,,,,,,,,,,,,,,,,,,,,
bounded-schedule-mixed,5,109,1000,3,3,0,0,0,feasible,feasible,17,24,858b50124ab3b028,4,5,6,constructed fixture v1,7,1,0.212708,0.209458,0.2205,211,,6,4,,82664f05f1f352ab,23506.403144216485,2457600,0.001047,0.0008089999999999999,0.007340166999998843,0,0,0,0,0,0,0,0,0,0,0,,,,,,,,,,,,,,,,,,,,,,,,,,,,,,,,,,,
schedule-mixed,5,110,1000,3,3,0,0,0,optimal,optimal,19,24,abd6f00a7b247acd,4,5,9,constructed fixture v1,7,1,0.163458,0.162041,0.166875,211,,5,3,0,48c145e4e16ae9da,30588.89745378018,2408448,0.000967,0.0007779999999999999,0.007389957999997421,179,173,460,185,7,1,236,516,1,,,,,,,,,,,,,,,,,,,,,,,,,,,,,,,,,,,,,
bounded-schedule-mixed,5,110,1000,3,3,0,0,0,feasible,feasible,19,24,abd6f00a7b247acd,4,5,9,constructed fixture v1,7,1,0.187209,0.179125,0.189208,211,,5,3,,48c145e4e16ae9da,26708.11766528319,2457600,0.001011,0.0008089999999999999,0.007376749999998822,0,0,0,0,0,0,0,0,0,0,0,,,,,,,,,,,,,,,,,,,,,,,,,,,,,,,,,,,
schedule-mixed,5,111,1000,3,3,0,0,0,optimal,optimal,16,24,0b8b4bfe64c1e5cd,4,5,6,constructed fixture v1,7,1,0.240083,0.233916,0.254458,217,,6,5,0,9a9eefb0d5ff094e,20826.13096304195,2457600,0.0010689999999999999,0.000799,0.007319916000000148,456,445,684,266,49,2,446,841,1,,,,,,,,,,,,,,,,,,,,,,,,,,,,,,,,,,,,,
bounded-schedule-mixed,5,111,1000,3,3,0,0,0,feasible,feasible,16,24,0b8b4bfe64c1e5cd,4,5,6,constructed fixture v1,7,1,0.297583,0.284625,0.300792,217,,6,5,,9a9eefb0d5ff094e,16802.03506248677,2555904,0.001152,0.000811,0.007330249999998983,0,0,0,0,0,0,0,0,0,0,0,,,,,,,,,,,,,,,,,,,,,,,,,,,,,,,,,,,
schedule-mixed,5,112,1000,3,3,0,0,0,optimal,optimal,16,24,56c137f183b34700,4,5,6,constructed fixture v1,7,1,0.251458,0.247917,0.251583,212,,5,6,0,a93aa7c1fa768d3e,19884.036300296666,2572288,0.0010819999999999998,0.000829,0.007382291999999069,354,348,914,353,0,1,329,842,1,,,,,,,,,,,,,,,,,,,,,,,,,,,,,,,,,,,,,
bounded-schedule-mixed,5,112,1000,3,3,0,0,0,feasible,feasible,16,24,56c137f183b34700,4,5,6,constructed fixture v1,7,1,0.365041,0.345291,0.373083,212,,5,6,,a93aa7c1fa768d3e,13697.091559578237,2539520,0.001121,0.000799,0.007310332999999503,0,0,0,0,0,0,0,0,0,0,0,,,,,,,,,,,,,,,,,,,,,,,,,,,,,,,,,,,
schedule-mixed,5,113,1000,3,3,0,0,0,optimal,optimal,21,24,7ca9132b98ba795c,4,5,8,constructed fixture v1,7,1,0.273,0.258709,0.29275,209,,5,5,0,50eaa8b73bbdd560,18315.018315018315,2555904,0.001145,0.0007959999999999999,0.007428042000000801,977,956,774,305,6,2,319,758,1,,,,,,,,,,,,,,,,,,,,,,,,,,,,,,,,,,,,,
bounded-schedule-mixed,5,113,1000,3,3,0,0,0,feasible,feasible,21,24,7ca9132b98ba795c,4,5,8,constructed fixture v1,7,1,0.2305,0.197375,0.236458,209,,5,5,,50eaa8b73bbdd560,21691.973969631235,2473984,0.0010869999999999999,0.0008399999999999999,0.007298500000000985,0,0,0,0,0,0,0,0,0,0,0,,,,,,,,,,,,,,,,,,,,,,,,,,,,,,,,,,,
schedule-mixed,5,114,1000,3,3,0,0,0,optimal,optimal,19,24,17cb1912fefebf8f,4,5,10,constructed fixture v1,7,1,0.297,0.292875,0.304583,208,,5,2,0,e3e9c748fac06310,16835.016835016835,2605056,0.001052,0.0007729999999999999,0.007320124999999678,1392,1372,1005,393,164,1,146,706,1,,,,,,,,,,,,,,,,,,,,,,,,,,,,,,,,,,,,,
bounded-schedule-mixed,5,114,1000,3,3,0,0,0,feasible,feasible,19,24,17cb1912fefebf8f,4,5,10,constructed fixture v1,7,1,0.206834,0.1915,0.218917,208,,5,2,,e3e9c748fac06310,24173.97526518851,2408448,0.0009939999999999999,0.0007689999999999999,0.007446125000001302,0,0,0,0,0,0,0,0,0,0,0,,,,,,,,,,,,,,,,,,,,,,,,,,,,,,,,,,,
schedule-mixed,5,115,1000,3,3,0,0,0,optimal,optimal,22,24,5e19c6532e7e5481,4,5,7,constructed fixture v1,7,1,0.545042,0.544166,0.584041,106,,6,4,0,66b4ca6c909b0ccd,9173.604969892229,3112960,0.00139,0.000874,0.0073047909999992555,2233,2219,2061,772,75,2,174,1221,1,,,,,,,,,,,,,,,,,,,,,,,,,,,,,,,,,,,,,
bounded-schedule-mixed,5,115,1000,3,3,0,0,0,feasible,feasible,22,24,5e19c6532e7e5481,4,5,7,constructed fixture v1,7,1,0.431375,0.395333,0.468541,106,,6,4,,66b4ca6c909b0ccd,11590.843233845262,2555904,0.0012829999999999999,0.000781,0.007316374999998487,0,0,0,0,0,0,0,0,0,0,0,,,,,,,,,,,,,,,,,,,,,,,,,,,,,,,,,,,
schedule-mixed,5,116,1000,3,3,0,0,0,optimal,optimal,18,24,cf550cfd0b28ba97,4,5,7,constructed fixture v1,7,1,0.236083,0.232666,0.239541,203,,6,2,0,b328ebdc6c6aeb9e,21178.992134122323,2473984,0.000996,0.000722,0.007249208000001062,1237,1207,604,238,252,1,398,753,1,,,,,,,,,,,,,,,,,,,,,,,,,,,,,,,,,,,,,
bounded-schedule-mixed,5,116,1000,3,3,0,0,0,feasible,feasible,18,24,cf550cfd0b28ba97,4,5,7,constructed fixture v1,7,1,0.19675,0.191417,0.199292,203,,6,2,,b328ebdc6c6aeb9e,25412.960609911053,2441216,0.001,0.000767,0.007296124999999876,0,0,0,0,0,0,0,0,0,0,0,,,,,,,,,,,,,,,,,,,,,,,,,,,,,,,,,,,
schedule-mixed,5,117,1000,3,3,0,0,0,optimal,optimal,16,24,816a5d26662eb0cb,4,5,7,constructed fixture v1,7,1,0.222,0.209417,0.2315,117,,6,2,0,38b8cf005765c485,22522.522522522522,2523136,0.0009699999999999999,0.0007329999999999999,0.007384041999998203,287,281,749,293,7,1,231,651,1,,,,,,,,,,,,,,,,,,,,,,,,,,,,,,,,,,,,,
bounded-schedule-mixed,5,117,1000,3,3,0,0,0,feasible,feasible,16,24,816a5d26662eb0cb,4,5,7,constructed fixture v1,7,1,0.216584,0.197541,0.221084,117,,6,2,,38b8cf005765c485,23085.731171277657,2490368,0.000948,0.0006929999999999999,0.0072619580000008455,0,0,0,0,0,0,0,0,0,0,0,,,,,,,,,,,,,,,,,,,,,,,,,,,,,,,,,,,
schedule-mixed,5,118,1000,3,3,0,0,0,optimal,optimal,20,24,b4f2011a1994a0f5,4,5,6,constructed fixture v1,7,1,0.481625,0.469417,0.491167,17,,8,6,0,bbbccd170de0fda1,10381.520892810797,2834432,0.0013189999999999999,0.000794,0.0072794589999993775,2637,2614,1575,595,41,4,211,1026,1,,,,,,,,,,,,,,,,,,,,,,,,,,,,,,,,,,,,,
bounded-schedule-mixed,5,118,1000,3,3,0,0,0,feasible,feasible,20,24,b4f2011a1994a0f5,4,5,6,constructed fixture v1,7,1,0.405083,0.4025,0.40875,17,,8,6,,bbbccd170de0fda1,12343.149428635612,2555904,0.001238,0.000799,0.007471458999997793,0,0,0,0,0,0,0,0,0,0,0,,,,,,,,,,,,,,,,,,,,,,,,,,,,,,,,,,,
schedule-mixed,5,119,1000,3,3,0,0,0,optimal,optimal,18,24,31c5c066f3a2ca27,4,5,7,constructed fixture v1,7,1,0.27375,0.26875,0.289458,16,,8,8,0,9b084375b94f8a17,18264.8401826484,2605056,0.001071,0.000861,0.007475083000002769,549,537,912,353,76,2,340,846,1,,,,,,,,,,,,,,,,,,,,,,,,,,,,,,,,,,,,,
bounded-schedule-mixed,5,119,1000,3,3,0,0,0,feasible,feasible,18,24,31c5c066f3a2ca27,4,5,7,constructed fixture v1,7,1,0.2995,0.293625,0.301625,16,,8,8,,9b084375b94f8a17,16694.49081803005,2555904,0.001081,0.0008129999999999999,0.007352415999999806,0,0,0,0,0,0,0,0,0,0,0,,,,,,,,,,,,,,,,,,,,,,,,,,,,,,,,,,,
schedule-mixed,5,120,1000,3,3,0,0,0,optimal,optimal,17,24,00ded03e3c5ebc7c,4,5,7,constructed fixture v1,7,1,0.476,0.457292,0.492916,111,,6,9,0,e64b9c166b18f342,10504.20168067227,2801664,0.001291,0.0008129999999999999,0.0073211250000007055,3091,3065,1604,606,104,3,371,1214,1,,,,,,,,,,,,,,,,,,,,,,,,,,,,,,,,,,,,,
bounded-schedule-mixed,5,120,1000,3,3,0,0,0,feasible,feasible,17,24,00ded03e3c5ebc7c,4,5,7,constructed fixture v1,7,1,0.302833,0.29425,0.308292,111,,6,9,,e64b9c166b18f342,16510.75014942229,2555904,0.001068,0.0008489999999999999,0.007348000000000354,0,0,0,0,0,0,0,0,0,0,0,,,,,,,,,,,,,,,,,,,,,,,,,,,,,,,,,,,
schedule-mixed,5,121,1000,3,3,0,0,0,optimal,optimal,18,24,9a85fd871251d39d,4,5,9,constructed fixture v1,7,1,0.195875,0.18825,0.204,401,,5,1,0,90d0d1d8c5601bcc,25526.483726866623,2457600,0.000967,0.0007959999999999999,0.007379874999998037,234,228,582,233,0,1,281,617,1,,,,,,,,,,,,,,,,,,,,,,,,,,,,,,,,,,,,,
bounded-schedule-mixed,5,121,1000,3,3,0,0,0,feasible,feasible,18,24,9a85fd871251d39d,4,5,9,constructed fixture v1,7,1,0.171375,0.16625,0.172625,401,,5,1,,90d0d1d8c5601bcc,29175.784099197666,2424832,0.000932,0.000745,0.007372207999999603,0,0,0,0,0,0,0,0,0,0,0,,,,,,,,,,,,,,,,,,,,,,,,,,,,,,,,,,,
schedule-mixed,5,122,1000,3,3,0,0,0,optimal,optimal,21,24,597fbf6195231728,4,5,9,constructed fixture v1,7,1,0.432,0.421333,0.437459,206,,5,4,0,8666ea5302f617e2,11574.074074074075,2457600,0.001192,0.000803,0.0073445000000020855,6616,6494,604,242,447,2,265,607,1,,,,,,,,,,,,,,,,,,,,,,,,,,,,,,,,,,,,,
bounded-schedule-mixed,5,122,1000,3,3,0,0,0,feasible,feasible,21,24,597fbf6195231728,4,5,9,constructed fixture v1,7,1,0.191875,0.19125,0.199792,206,,5,4,,8666ea5302f617e2,26058.631921824104,2473984,0.000963,0.000774,0.007394707999999639,0,0,0,0,0,0,0,0,0,0,0,,,,,,,,,,,,,,,,,,,,,,,,,,,,,,,,,,,
schedule-mixed,5,123,1000,3,3,0,0,0,optimal,optimal,16,24,991ce2e09b82abc0,4,5,9,constructed fixture v1,7,1,0.439042,0.434958,0.442209,213,,6,6,0,af357be67a0cb4fe,11388.432086224097,2539520,0.0012129999999999999,0.000806,0.007305999999999813,6458,6310,780,303,1298,6,314,744,1,,,,,,,,,,,,,,,,,,,,,,,,,,,,,,,,,,,,,
bounded-schedule-mixed,5,123,1000,3,3,0,0,0,feasible,feasible,16,24,991ce2e09b82abc0,4,5,9,constructed fixture v1,7,1,0.2005,0.1975,0.208333,215,,6,5,,637d9529bb898eca,24937.655860349125,2457600,0.0009739999999999999,0.000757,0.007322207999997943,0,0,0,0,0,0,0,0,0,0,0,,,,,,,,,,,,,,,,,,,,,,,,,,,,,,,,,,,
schedule-mixed,5,124,1000,3,3,0,0,0,optimal,optimal,18,24,e06c8ece8762c496,4,5,9,constructed fixture v1,7,1,0.235625,0.233209,0.242625,222,,6,5,0,05118f6817647c39,21220.159151193635,2523136,0.001042,0.0007819999999999999,0.007402375000001626,655,641,705,276,16,2,333,732,1,,,,,,,,,,,,,,,,,,,,,,,,,,,,,,,,,,,,,
bounded-schedule-mixed,5,124,1000,3,3,0,0,0,feasible,feasible,18,24,e06c8ece8762c496,4,5,9,constructed fixture v1,7,1,0.204375,0.199958,0.20925,222,,6,5,,05118f6817647c39,24464.831804281348,2457600,0.001003,0.0008579999999999999,0.007550499999997129,0,0,0,0,0,0,0,0,0,0,0,,,,,,,,,,,,,,,,,,,,,,,,,,,,,,,,,,,
schedule-mixed,5,125,1000,3,3,0,0,0,optimal,optimal,17,24,838d2790a18b415c,4,5,8,constructed fixture v1,7,1,0.1845,0.184,0.18675,25,,7,6,0,048fc2198b76feab,27100.27100271003,2392064,0.001058,0.000828,0.007390791000002395,194,188,482,195,2,1,355,650,1,,,,,,,,,,,,,,,,,,,,,,,,,,,,,,,,,,,,,
bounded-schedule-mixed,5,125,1000,3,3,0,0,0,feasible,feasible,17,24,838d2790a18b415c,4,5,8,constructed fixture v1,7,1,0.257875,0.239834,0.278625,25,,7,6,,048fc2198b76feab,19389.238972370335,2490368,0.00108,0.000801,0.007350750000000517,0,0,0,0,0,0,0,0,0,0,0,,,,,,,,,,,,,,,,,,,,,,,,,,,,,,,,,,,
schedule-mixed,5,126,1000,3,3,0,0,0,optimal,optimal,23,24,2f8a6f4995969bff,4,5,5,constructed fixture v1,7,1,0.78925,0.785084,0.79625,24,,7,7,0,9133f2e914d51871,6335.128286347798,2719744,0.001616,0.0008219999999999999,0.007329750000000246,9737,9599,1240,481,2743,2,458,1111,1,,,,,,,,,,,,,,,,,,,,,,,,,,,,,,,,,,,,,
bounded-schedule-mixed,5,126,1000,3,3,0,0,0,feasible,feasible,23,24,2f8a6f4995969bff,4,5,5,constructed fixture v1,7,1,0.340667,0.32975,0.36875,24,,7,7,,9133f2e914d51871,14677.089357055424,2506752,0.001175,0.0008939999999999999,0.0075765830000023016,0,0,0,0,0,0,0,0,0,0,0,,,,,,,,,,,,,,,,,,,,,,,,,,,,,,,,,,,
schedule-mixed,5,127,1000,3,3,0,0,0,optimal,optimal,21,24,f5d28225c4648ba2,4,5,7,constructed fixture v1,7,1,0.3555,0.331709,0.356,115,,7,6,0,a6dc21e77e24ab5e,14064.697609001409,2752512,0.001336,0.001174,0.0077312919999990015,821,811,1300,492,41,2,210,892,1,,,,,,,,,,,,,,,,,,,,,,,,,,,,,,,,,,,,,
bounded-schedule-mixed,5,127,1000,3,3,0,0,0,feasible,feasible,21,24,f5d28225c4648ba2,4,5,7,constructed fixture v1,7,1,0.305208,0.302375,0.310291,115,,7,6,,a6dc21e77e24ab5e,16382.270451626435,2539520,0.001135,0.000781,0.007272791999998418,0,0,0,0,0,0,0,0,0,0,0,,,,,,,,,,,,,,,,,,,,,,,,,,,,,,,,,,,
sim-quality,3,16,3,3,3,0,0,0,simulated,simulated,,6,83c2f0706fd5cf48,2,,,,3,1,0.064833,0.059667,0.076167,211,211,,,0,cf199ebf005a1588,,2342912,0.000986,0.000807,0.007391333000001055,0,10,9,9,0,0,0,28,9,0,0,,,,64,32,0,0,0,9,0,9,16,9,54,0,9,0,0,0,0,0,0,32,0,23667,23667,23667,26500,3.0,138818.19443801767,46272.73147933922,0.0,0.0,23458,identical complete generated cohort; zero SLA; no carry-in or background; exact full schedule
bounded-sim-quality,3,16,3,3,3,0,0,0,simulated,simulated,,6,2e151d00290c3e9a,2,,,,3,1,0.10275,0.099,0.105208,211,211,,,0,93730ec25c177a9a,,2523136,0.000958,0.00077,0.007323540999998102,0,0,0,0,0,0,0,0,0,0,0,,,,64,32,0,0,0,9,0,9,16,9,54,0,9,0,0,0,0,0,2,32,0,39000,39000,37667,39000,3.0,87591.24087591242,29197.080291970804,0.0,0.0,22459,identical complete generated cohort; zero SLA; no carry-in or background; exact full schedule
sim-quality,3,17,3,3,3,0,0,0,simulated,simulated,,6,9ba0d39f294fe11a,2,,,,3,1,0.05,0.0475,0.054666,110,110,,,0,ba22b099baa375bd,,2277376,0.001041,0.001103,0.007666541999995502,0,10,7,7,0,0,0,24,7,0,0,,,,64,32,0,0,0,7,0,7,14,7,44,0,7,0,0,0,0,0,0,32,0,17667,17667,16458,17667,2.3333333333333335,140000.0,60000.0,0.0,0.0,29667,identical complete generated cohort; zero SLA; no carry-in or background; exact full schedule
bounded-sim-quality,3,17,3,3,3,0,0,0,simulated,simulated,,6,2f018a36c2d3f0e8,2,,,,3,1,0.074125,0.071167,0.076959,110,110,,,0,559e370be2247e04,,2441216,0.0009339999999999999,0.000819,0.007431916999998123,0,0,0,0,0,0,0,0,0,0,0,,,,64,32,0,0,0,7,0,7,14,7,44,0,7,0,0,0,0,0,2,32,0,28500,28500,27167,28500,2.3333333333333335,94435.07588532884,40472.17537942665,0.0,0.0,26166,identical complete generated cohort; zero SLA; no carry-in or background; exact full schedule
sim-quality,3,18,3,3,3,0,0,0,simulated,simulated,,6,bd11c986303138a4,2,,,,3,1,0.041167,0.037708,0.045625,12,12,,,0,c169f73f3c9d946e,,2277376,0.000906,0.000771,0.007362417000003063,0,9,6,6,0,0,0,21,6,0,0,,,,64,32,0,0,0,6,0,6,9,6,39,0,6,0,0,0,0,0,0,32,0,18625,18625,14834,18625,2.0,145747.80771005902,72873.90385502951,0.0,0.0,16584,identical complete generated cohort; zero SLA; no carry-in or background; exact full schedule
bounded-sim-quality,3,18,3,3,3,0,0,0,simulated,simulated,,6,1827e6b220acc5b6,2,,,,3,1,0.076417,0.069125,0.077792,12,12,,,0,03e79911ab4cc267,,2408448,0.000914,0.000797,0.007289000000000101,0,0,0,0,0,0,0,0,0,0,0,,,,64,32,0,0,0,6,0,6,9,6,39,0,6,0,0,0,0,0,2,32,0,29292,29292,29292,31292,2.0,78516.5604512085,39258.28022560425,0.0,0.0,15542,identical complete generated cohort; zero SLA; no carry-in or background; exact full schedule
sim-quality,3,19,3,3,3,0,0,0,simulated,simulated,,6,13ce456635425d3c,2,,,,3,1,0.046125,0.045708,0.05125,205,205,,,0,ad9cc2c26eaa30b0,,2293760,0.000899,0.000744,0.007321124999997153,0,10,7,7,0,0,0,24,7,0,0,,,,64,32,0,0,0,7,0,7,15,7,44,0,7,0,0,0,0,0,0,32,0,22833,22833,19417,22833,2.3333333333333335,151761.51761517616,65040.65040650407,0.0,0.0,18208,identical complete generated cohort; zero SLA; no carry-in or background; exact full schedule
bounded-sim-quality,3,19,3,3,3,0,0,0,simulated,simulated,,6,d4fa3be1edbf2bee,2,,,,3,1,0.080209,0.077792,0.08425,205,205,,,0,95fc1445e2a3acd6,,2473984,0.000906,0.0007729999999999999,0.0072757909999978665,0,0,0,0,0,0,0,0,0,0,0,,,,64,32,0,0,0,7,0,7,15,7,44,0,7,0,0,0,0,0,1,32,0,45959,45959,42333,45959,2.3333333333333335,87272.00189504918,37402.28652644965,0.0,0.0,19417,identical complete generated cohort; zero SLA; no carry-in or background; exact full schedule
sim-quality,3,20,3,3,3,0,0,0,simulated,simulated,,6,f73f20997393d165,2,,,,3,1,0.04175,0.040583,0.046917,206,206,,,0,3ec362f60c96fbed,,2277376,0.0008669999999999999,0.0007729999999999999,0.007283624999999461,0,7,6,6,0,0,0,19,6,0,0,,,,64,32,0,0,0,6,0,6,12,6,39,0,6,0,0,0,0,0,0,32,0,11208,11208,11208,11792,2.0,143712.5748502994,71856.2874251497,0.0,0.0,16292,identical complete generated cohort; zero SLA; no carry-in or background; exact full schedule
bounded-sim-quality,3,20,3,3,3,0,0,0,simulated,simulated,,6,ffea70dc0738fe6f,2,,,,3,1,0.071875,0.068334,0.072167,206,206,,,0,aaaf08a1a02f0b9f,,2424832,0.0009239999999999999,0.000954,0.007239041000005386,0,0,0,0,0,0,0,0,0,0,0,,,,64,32,0,0,0,6,0,6,12,6,39,0,6,0,0,0,0,0,2,32,0,28667,28667,28667,31667,2.0,83478.26086956522,41739.13043478261,0.0,0.0,16458,identical complete generated cohort; zero SLA; no carry-in or background; exact full schedule
sim-quality,3,21,3,3,3,0,0,0,simulated,simulated,,6,e51f39c22238a5e1,2,,,,3,1,0.040333,0.037417,0.042166,209,209,,,0,b3a8d526addcf36c,,2260992,0.0009109999999999999,0.001003,0.00738137499999425,0,3,5,5,0,0,0,13,5,0,0,,,,64,32,0,0,0,5,0,5,10,5,34,0,5,0,0,0,0,0,0,32,0,15583,15583,14667,15583,1.6666666666666667,123967.96667741056,74380.78000644634,0.0,0.0,16875,identical complete generated cohort; zero SLA; no carry-in or background; exact full schedule
bounded-sim-quality,3,21,3,3,3,0,0,0,simulated,simulated,,6,9308673323f2aae3,2,,,,3,1,0.056583,0.055208,0.057542,209,209,,,0,6564cab9aa16e925,,2375680,0.0009419999999999999,0.000842,0.00724583400000256,0,0,0,0,0,0,0,0,0,0,0,,,,64,32,0,0,0,5,0,5,10,5,34,0,5,0,0,0,0,0,1,32,0,27708,27708,28208,28708,1.6666666666666667,88365.763568563,53019.458141137795,0.0,0.0,13958,identical complete generated cohort; zero SLA; no carry-in or background; exact full schedule
sim-quality,3,22,3,3,3,0,0,0,simulated,simulated,,6,e87bd026cb105efb,2,,,,3,1,0.049167,0.047792,0.056334,212,212,,,0,425a35740ecedd6a,,2293760,0.000919,0.000762,0.007277915999999607,0,9,8,8,0,0,0,25,8,0,0,,,,64,32,0,0,0,8,0,8,20,8,49,0,8,0,0,0,0,0,0,32,0,16917,16917,14500,16917,2.6666666666666665,162710.76128297433,61016.535481115374,0.0,0.0,24625,identical complete generated cohort; zero SLA; no carry-in or background; exact full schedule
bounded-sim-quality,3,22,3,3,3,0,0,0,simulated,simulated,,6,16d34a4ef25fbff1,2,,,,3,1,0.0865,0.083792,0.092458,212,212,,,0,df79d20c822017b1,,2473984,0.0009249999999999999,0.000811,0.007387749999999471,0,0,0,0,0,0,0,0,0,0,0,,,,64,32,0,0,0,8,0,8,20,8,49,0,8,0,0,0,0,0,1,32,0,28541,28541,26250,28541,2.6666666666666665,92485.54913294798,34682.080924855494,0.0,0.0,22375,identical complete generated cohort; zero SLA; no carry-in or background; exact full schedule
sim-quality,3,23,3,3,3,0,0,0,simulated,simulated,,6,b145e45f4d32cbb9,2,,,,3,1,0.049416,0.048375,0.054,9,9,,,0,e04cb96fade7be3a,,2293760,0.00099,0.00089,0.007440332999998134,0,13,7,7,0,0,0,27,7,0,0,,,,64,32,0,0,0,7,0,7,13,7,44,0,7,0,0,0,0,0,0,32,0,16291,16291,18042,18250,2.3333333333333335,141654.52485025092,60709.08207867897,0.0,0.0,24208,identical complete generated cohort; zero SLA; no carry-in or background; exact full schedule
bounded-sim-quality,3,23,3,3,3,0,0,0,simulated,simulated,,6,7bc3c94c48df0dab,2,,,,3,1,0.067625,0.064833,0.070083,9,9,,,0,aa3304a908a37dea,,2375680,0.0010739999999999999,0.000945,0.007529374999997174,0,0,0,0,0,0,0,0,0,0,0,,,,64,32,0,0,0,7,0,7,13,7,44,0,7,0,0,0,0,0,2,32,0,22292,22292,21708,22292,2.3333333333333335,103512.01478743067,44362.292051756005,0.0,0.0,21208,identical complete generated cohort; zero SLA; no carry-in or background; exact full schedule
sim-quality,3,24,3,3,3,0,0,0,simulated,simulated,,6,126f176444725c83,2,,,,3,1,0.046083,0.042083,0.046416,109,109,,,0,19a0645d27ffa97d,,2277376,0.000948,0.00081,0.007466458000003229,0,8,6,6,0,0,0,20,6,0,0,,,,64,32,0,0,0,6,0,6,10,6,39,0,6,0,0,0,0,0,0,32,0,16416,16416,16416,16750,2.0,130199.85678015754,65099.92839007877,0.0,0.0,17459,identical complete generated cohort; zero SLA; no carry-in or background; exact full schedule
bounded-sim-quality,3,24,3,3,3,0,0,0,simulated,simulated,,6,6438936c46774bf9,2,,,,3,1,0.071166,0.069083,0.071584,109,109,,,0,b9b13bd9b59b6fab,,2392064,0.001022,0.0008839999999999999,0.007578582999997252,0,0,0,0,0,0,0,0,0,0,0,,,,64,32,0,0,0,6,0,6,10,6,39,0,6,0,0,0,0,0,1,32,0,31834,31834,30250,31834,2.0,84309.92327796984,42154.96163898492,0.0,0.0,16042,identical complete generated cohort; zero SLA; no carry-in or background; exact full schedule
sim-quality,3,25,3,3,3,0,0,0,simulated,simulated,,6,b54415d66774f743,2,,,,3,1,0.044125,0.04325,0.045709,105,105,,,0,fb694326999aa0a7,,2277376,0.0008929999999999999,0.0008049999999999999,0.0073774580000005585,0,10,6,6,0,0,0,22,6,0,0,,,,64,32,0,0,0,6,0,6,9,6,39,0,6,0,0,0,0,0,0,32,0,15709,15709,15709,15917,2.0,135977.3371104816,67988.6685552408,0.0,0.0,17833,identical complete generated cohort; zero SLA; no carry-in or background; exact full schedule
bounded-sim-quality,3,25,3,3,3,0,0,0,simulated,simulated,,6,85a04457e962d2d1,2,,,,3,1,0.053333,0.05225,0.054625,105,105,,,0,806fdd7cffe2f6cc,,2359296,0.0009069999999999999,0.000785,0.007328875000006008,0,0,0,0,0,0,0,0,0,0,0,,,,64,32,0,0,0,6,0,6,9,6,39,0,6,0,0,0,0,0,1,32,0,16000,16000,15916,16000,2.0,112500.70312939456,56250.35156469728,0.0,0.0,16792,identical complete generated cohort; zero SLA; no carry-in or background; exact full schedule
sim-quality,3,26,3,3,3,0,0,0,simulated,simulated,,6,f86d5aa6a3d351a7,2,,,,3,1,0.036125,0.03475,0.039333,7,7,,,0,da5da3dd6ac1cd12,,2244608,0.000913,0.0008259999999999999,0.0074696250000059194,0,8,5,5,0,0,0,18,5,0,0,,,,64,32,0,0,0,5,0,5,8,5,34,0,5,0,0,0,0,0,0,32,0,12666,12666,12167,12666,1.6666666666666667,138408.30449826992,83044.98269896195,0.0,0.0,14583,identical complete generated cohort; zero SLA; no carry-in or background; exact full schedule
bounded-sim-quality,3,26,3,3,3,0,0,0,simulated,simulated,,6,a7b401f147812f4d,2,,,,3,1,0.060708,0.058417,0.064417,7,7,,,0,f0412d3c9ddaa02e,,2359296,0.0008799999999999999,0.000761,0.007377083000001505,0,0,0,0,0,0,0,0,0,0,0,,,,64,32,0,0,0,5,0,5,8,5,34,0,5,0,0,0,0,0,2,32,0,32250,32250,31666,32250,1.6666666666666667,82361.46801080582,49416.880806483496,0.0,0.0,15375,identical complete generated cohort; zero SLA; no carry-in or background; exact full schedule
sim-quality,3,27,3,3,3,0,0,0,simulated,simulated,,6,b7a16dca77637e0b,2,,,,3,1,0.042375,0.04075,0.052333,11,11,,,0,f709976aeaef459c,,2244608,0.00091,0.000785,0.0072445830000020806,0,6,5,5,0,0,0,16,5,0,0,,,,64,32,0,0,0,5,0,5,10,5,34,0,5,0,0,0,0,0,0,32,0,18250,18250,14792,18250,1.6666666666666667,117994.10029498526,70796.46017699115,0.0,0.0,13875,identical complete generated cohort; zero SLA; no carry-in or background; exact full schedule
bounded-sim-quality,3,27,3,3,3,0,0,0,simulated,simulated,,6,6293c41d0585b709,2,,,,3,1,0.064125,0.0635,0.068417,11,11,,,0,490e1afea3b00cdc,,2342912,0.00099,0.0009559999999999999,0.007581250000001205,0,0,0,0,0,0,0,0,0,0,0,,,,64,32,0,0,0,5,0,5,10,5,34,0,5,0,0,0,0,0,2,32,0,33916,33916,32375,33916,1.6666666666666667,77972.70955165692,46783.62573099415,0.0,0.0,14750,identical complete generated cohort; zero SLA; no carry-in or background; exact full schedule
sim-quality,3,28,3,3,3,0,0,0,simulated,simulated,,6,abf9188a88e5c165,2,,,,3,1,0.049125,0.047708,0.049375,108,108,,,0,8f5ba131cbb440f3,,2277376,0.00107,0.0009509999999999999,0.007518791999999053,0,11,7,7,0,0,0,25,7,0,0,,,,64,32,0,0,0,7,0,7,11,7,44,0,7,0,0,0,0,0,0,32,0,16667,16667,16166,16667,2.3333333333333335,142493.63867684477,61068.70229007633,0.0,0.0,19459,identical complete generated cohort; zero SLA; no carry-in or background; exact full schedule
bounded-sim-quality,3,28,3,3,3,0,0,0,simulated,simulated,,6,9de5de84e7f9d28f,2,,,,3,1,0.076667,0.076,0.077709,108,108,,,0,5253b12e01049cdf,,2408448,0.0010659999999999999,0.000901,0.007523458000001426,0,0,0,0,0,0,0,0,0,0,0,,,,64,32,0,0,0,7,0,7,11,7,44,0,7,0,0,0,0,0,1,32,0,30417,30417,30166,30417,2.3333333333333335,91303.9508523876,39130.26465102325,0.0,0.0,20750,identical complete generated cohort; zero SLA; no carry-in or background; exact full schedule
sim-quality,3,29,3,3,3,0,0,0,simulated,simulated,,6,02d219c5d32cd2e7,2,,,,3,1,0.043958,0.041583,0.045791,8,8,,,0,b223aa10a02c380a,,2293760,0.000932,0.0009199999999999999,0.007628333999996073,0,10,6,6,0,0,0,22,6,0,0,,,,64,32,0,0,0,6,0,6,11,6,39,0,6,0,0,0,0,0,0,32,0,16750,16750,15291,16750,2.0,136493.9260202921,68246.96301014605,0.0,0.0,19042,identical complete generated cohort; zero SLA; no carry-in or background; exact full schedule
bounded-sim-quality,3,29,3,3,3,0,0,0,simulated,simulated,,6,4c366e83a8509015,2,,,,3,1,0.066708,0.066417,0.071625,8,8,,,0,8e22c33b041e3cd4,,2408448,0.0009329999999999999,0.000841,0.0074156659999999874,0,0,0,0,0,0,0,0,0,0,0,,,,64,32,0,0,0,6,0,6,11,6,39,0,6,0,0,0,0,0,2,32,0,30875,30875,30250,30875,2.0,89944.23457456377,44972.117287281886,0.0,0.0,17958,identical complete generated cohort; zero SLA; no carry-in or background; exact full schedule
sim-quality,3,30,3,3,3,0,0,0,simulated,simulated,,6,b7db99023acf27d2,2,,,,3,1,0.045292,0.044833,0.048083,112,112,,,0,b4ffb5f0cd36f5e1,,2277376,0.0008839999999999999,0.000784,0.007371708000000865,0,9,7,7,0,0,0,23,7,0,0,,,,64,32,0,0,0,7,0,7,12,7,44,0,7,0,0,0,0,0,0,32,0,21042,21042,18542,21042,2.3333333333333335,154552.68038505697,66236.86302216726,0.0,0.0,18042,identical complete generated cohort; zero SLA; no carry-in or background; exact full schedule
bounded-sim-quality,3,30,3,3,3,0,0,0,simulated,simulated,,6,385eb192f3c1dee8,2,,,,3,1,0.0865,0.084,0.090167,112,112,,,0,aa1c6a2101629b6f,,2441216,0.0009739999999999999,0.0009609999999999999,0.007540167000001929,0,0,0,0,0,0,0,0,0,0,0,,,,64,32,0,0,0,7,0,7,12,7,44,0,7,0,0,0,0,0,2,32,0,46292,46292,42250,46292,2.3333333333333335,80924.8554913295,34682.080924855494,0.0,0.0,19875,identical complete generated cohort; zero SLA; no carry-in or background; exact full schedule
sim-quality,3,31,3,3,3,0,0,0,simulated,simulated,,6,90a6e6c849ad9346,2,,,,3,1,0.052584,0.051209,0.071708,206,206,,,0,f4430c204849e7f1,,2293760,0.000992,0.001034,0.007640166000001614,0,12,8,8,0,0,0,28,8,0,0,,,,64,32,0,0,0,8,0,8,14,8,49,0,8,0,0,0,0,0,0,32,0,40334,40334,21125,40334,2.6666666666666665,152137.53232922562,57051.57462345961,0.0,0.0,20083,identical complete generated cohort; zero SLA; no carry-in or background; exact full schedule
bounded-sim-quality,3,31,3,3,3,0,0,0,simulated,simulated,,6,1a2b86f95b5ba744,2,,,,3,1,0.082958,0.077459,0.084041,206,206,,,0,6ed42bcd6b7ede89,,2473984,0.000949,0.000801,0.007406750000001239,0,0,0,0,0,0,0,0,0,0,0,,,,64,32,0,0,0,8,0,8,14,8,49,0,8,0,0,0,0,0,1,32,0,42000,42000,42000,43459,2.6666666666666665,96434.34026856963,36162.87760071361,0.0,0.0,19625,identical complete generated cohort; zero SLA; no carry-in or background; exact full schedule
sim-quality,3,32,3,3,3,0,0,0,simulated,simulated,,6,056793019540f48a,2,,,,3,1,0.04925,0.040667,0.056792,206,206,,,0,428c52d3a4572b40,,2244608,0.001018,0.0008799999999999999,0.007348458000002722,0,7,6,6,0,0,0,19,6,0,0,,,,64,32,0,0,0,6,0,6,13,6,39,0,6,0,0,0,0,0,0,32,0,18125,18125,15208,18125,2.0,121827.41116751268,60913.70558375634,0.0,0.0,18250,identical complete generated cohort; zero SLA; no carry-in or background; exact full schedule
bounded-sim-quality,3,32,3,3,3,0,0,0,simulated,simulated,,6,34a26309b61072c8,2,,,,3,1,0.074459,0.062958,0.074833,206,206,,,0,f98174568f87a8c1,,2375680,0.000953,0.000842,0.007358207999999422,0,0,0,0,0,0,0,0,0,0,0,,,,64,32,0,0,0,6,0,6,13,6,39,0,6,0,0,0,0,0,2,32,0,28875,28875,28875,29667,2.0,80581.25948508576,40290.62974254288,0.0,0.0,17583,identical complete generated cohort; zero SLA; no carry-in or background; exact full schedule
sim-quality,3,33,3,3,3,0,0,0,simulated,simulated,,6,2901bc69bee8ed3a,2,,,,3,1,0.048542,0.04775,0.051083,211,211,,,0,f375df102d6ae35f,,2260992,0.0009299999999999999,0.000781,0.007323165999999048,0,6,7,7,0,0,0,20,7,0,0,,,,64,32,0,0,0,7,0,7,16,7,44,0,7,0,0,0,0,0,0,32,0,16334,16334,14958,16334,2.3333333333333335,144205.01833463804,61802.15071484487,0.0,0.0,20042,identical complete generated cohort; zero SLA; no carry-in or background; exact full schedule
bounded-sim-quality,3,33,3,3,3,0,0,0,simulated,simulated,,6,5cd24b3429a59a00,2,,,,3,1,0.088,0.078042,0.088125,211,211,,,0,2fc4b048f9ebb8dc,,2441216,0.000978,0.0008139999999999999,0.007370833000003074,0,0,0,0,0,0,0,0,0,0,0,,,,64,32,0,0,0,7,0,7,16,7,44,0,7,0,0,0,0,0,1,32,0,32625,32625,32625,32750,2.3333333333333335,79545.45454545454,34090.90909090909,0.0,0.0,20500,identical complete generated cohort; zero SLA; no carry-in or background; exact full schedule
sim-quality,3,34,3,3,3,0,0,0,simulated,simulated,,6,457b838442efc79c,2,,,,3,1,0.051167,0.049542,0.054334,10,10,,,0,07de6ce9b0f5971d,,2326528,0.000918,0.000946,0.007430208999998911,0,15,8,8,0,0,0,31,8,0,0,,,,64,32,0,0,0,8,0,8,13,8,49,0,8,0,0,0,0,0,0,32,0,20041,20041,20458,21042,2.6666666666666665,156350.7729591338,58631.539859675184,0.0,0.0,20750,identical complete generated cohort; zero SLA; no carry-in or background; exact full schedule
bounded-sim-quality,3,34,3,3,3,0,0,0,simulated,simulated,,6,a113075e44d6ef3e,2,,,,3,1,0.073375,0.070042,0.073833,10,10,,,0,9d36fdee889966f9,,2392064,0.000944,0.000793,0.007379042000003722,0,0,0,0,0,0,0,0,0,0,0,,,,64,32,0,0,0,8,0,8,13,8,49,0,8,0,0,0,0,0,2,32,0,29875,29875,29875,31042,2.6666666666666665,109028.96081771722,40885.860306643954,0.0,0.0,20792,identical complete generated cohort; zero SLA; no carry-in or background; exact full schedule
sim-quality,3,35,3,3,3,0,0,0,simulated,simulated,,6,13324bbf92862712,2,,,,3,1,0.048625,0.047792,0.049291,9,9,,,0,da8b3ec9ddceedee,,2310144,0.0009159999999999999,0.000785,0.007293041000004052,0,13,7,7,0,0,0,27,7,0,0,,,,64,32,0,0,0,7,0,7,15,7,44,0,7,0,0,0,0,0,0,32,0,21000,21000,20042,21000,2.3333333333333335,143958.86889460153,61696.65809768637,0.0,0.0,21833,identical complete generated cohort; zero SLA; no carry-in or background; exact full schedule
bounded-sim-quality,3,35,3,3,3,0,0,0,simulated,simulated,,6,7a1ec8f84e736f68,2,,,,3,1,0.076,0.073667,0.080708,9,9,,,0,e119008e52615a5b,,2408448,0.001011,0.0008139999999999999,0.007340917000000502,0,0,0,0,0,0,0,0,0,0,0,,,,64,32,0,0,0,7,0,7,15,7,44,0,7,0,0,0,0,0,1,32,0,44333,44333,44333,47875,2.3333333333333335,92105.26315789473,39473.68421052631,0.0,0.0,22250,identical complete generated cohort; zero SLA; no carry-in or background; exact full schedule
sim-quality,3,36,3,3,3,0,0,0,simulated,simulated,,6,65be86dd46adc804,2,,,,3,1,0.053167,0.051541,0.056958,604,604,,,0,80768c7c8eb2fd01,,2277376,0.000937,0.000799,0.00724908400000146,0,3,8,8,0,0,0,19,8,0,0,,,,64,32,0,0,0,8,0,8,21,8,49,0,8,0,0,0,0,0,0,32,0,22125,22125,20416,22125,2.6666666666666665,150469.27605469557,56425.97852051084,0.0,0.0,17458,identical complete generated cohort; zero SLA; no carry-in or background; exact full schedule
bounded-sim-quality,3,36,3,3,3,0,0,0,simulated,simulated,,6,106e1b271e27626e,2,,,,3,1,0.082667,0.081125,0.087042,604,604,,,0,7fc8f71e99d83a76,,2441216,0.0009549999999999999,0.000823,0.007476791999998511,0,0,0,0,0,0,0,0,0,0,0,,,,64,32,0,0,0,8,0,8,21,8,49,0,8,0,0,0,0,0,1,32,0,32083,32083,31208,32083,2.6666666666666665,96773.80333143818,36290.17624928932,0.0,0.0,17875,identical complete generated cohort; zero SLA; no carry-in or background; exact full schedule
sim-quality,3,37,3,3,3,0,0,0,simulated,simulated,,6,d85fb0fcd85e2be0,2,,,,3,1,0.053458,0.052792,0.063459,305,305,,,0,07c632426e4ff181,,2310144,0.0010659999999999999,0.000855,0.007497375000006912,0,10,8,8,0,0,0,26,8,0,0,,,,64,32,0,0,0,8,0,8,17,8,49,0,8,0,0,0,0,0,0,32,0,22333,22333,20666,22333,2.6666666666666665,149650.19267462307,56118.82225298366,0.0,0.0,20334,identical complete generated cohort; zero SLA; no carry-in or background; exact full schedule
bounded-sim-quality,3,37,3,3,3,0,0,0,simulated,simulated,,6,01f048f2eaf782d2,2,,,,3,1,0.10575,0.099458,0.110167,305,305,,,0,f54dd05aa908cc39,,2457600,0.000997,0.000838,0.007449375000000202,0,0,0,0,0,0,0,0,0,0,0,,,,64,32,0,0,0,8,0,8,17,8,49,0,8,0,0,0,0,0,1,32,0,52458,52458,44084,52458,2.6666666666666665,75650.1182033097,28368.794326241135,0.0,0.0,21208,identical complete generated cohort; zero SLA; no carry-in or background; exact full schedule
sim-quality,3,38,3,3,3,0,0,0,simulated,simulated,,6,d21cea73b6299d48,2,,,,3,1,0.049084,0.048167,0.051458,205,11,,,1763.6363636363637,9a4a7dce1bb4d401,,2293760,0.00105,0.000906,0.007399083000002804,0,9,7,7,0,0,0,23,7,0,0,,,,64,32,0,0,0,7,0,7,15,7,44,0,7,0,0,0,0,0,0,32,0,17000,17000,15417,17000,2.3333333333333335,142612.66400456362,61119.71314481297,0.0,0.0,21792,identical complete generated cohort; zero SLA; no carry-in or background; exact full schedule
bounded-sim-quality,3,38,3,3,3,0,0,0,simulated,simulated,,6,8d05355e61a4ac02,2,,,,3,1,0.084375,0.07925,0.087208,11,11,,,0,875c0b5fdd8649e0,,2441216,0.000992,0.000837,0.007340458999998134,0,0,0,0,0,0,0,0,0,0,0,,,,64,32,0,0,0,7,0,7,15,7,44,0,7,0,0,0,0,0,2,32,0,32500,32500,32500,33166,2.3333333333333335,82962.96296296296,35555.555555555555,0.0,0.0,19958,identical complete generated cohort; zero SLA; no carry-in or background; exact full schedule
sim-quality,3,39,3,3,3,0,0,0,simulated,simulated,,6,06c1eb01b9262d18,2,,,,3,1,0.049834,0.048292,0.058833,16,16,,,0,1b6a81411848ec30,,2326528,0.001003,0.001055,0.007656333999996434,0,12,8,8,0,0,0,28,8,0,0,,,,64,32,0,0,0,8,0,8,12,8,49,0,8,0,0,0,0,0,0,32,0,24875,24875,19917,24875,2.6666666666666665,160532.96945860254,60199.863546975954,0.0,0.0,21542,identical complete generated cohort; zero SLA; no carry-in or background; exact full schedule
bounded-sim-quality,3,39,3,3,3,0,0,0,simulated,simulated,,6,8e7a6c222136130a,2,,,,3,1,0.095625,0.094459,0.099459,16,16,,,0,0da2ec2dc43a17f8,,2523136,0.001011,0.000899,0.007688041999998063,0,0,0,0,0,0,0,0,0,0,0,,,,64,32,0,0,0,8,0,8,12,8,49,0,8,0,0,0,0,0,1,32,0,44667,44667,44667,44667,2.6666666666666665,83660.13071895424,31372.549019607843,0.0,0.0,21334,identical complete generated cohort; zero SLA; no carry-in or background; exact full schedule
sim-quality,3,40,3,3,3,0,0,0,simulated,simulated,,6,16c72786819ff467,2,,,,3,1,0.049417,0.048083,0.057375,309,309,,,0,c241dc38b8ba8832,,2293760,0.000958,0.000829,0.007493125000003431,0,8,8,8,0,0,0,24,8,0,0,,,,64,32,0,0,0,8,0,8,17,8,49,0,8,0,0,0,0,0,0,32,0,16667,16667,15000,16667,2.6666666666666665,161887.6095270858,60707.85357265718,0.0,0.0,21667,identical complete generated cohort; zero SLA; no carry-in or background; exact full schedule
bounded-sim-quality,3,40,3,3,3,0,0,0,simulated,simulated,,6,ebab84e3e7f0857d,2,,,,3,1,0.088375,0.084625,0.088917,309,309,,,0,bc484eae658af20f,,2473984,0.0009209999999999999,0.000771,0.007383832999998674,0,0,0,0,0,0,0,0,0,0,0,,,,64,32,0,0,0,8,0,8,17,8,49,0,8,0,0,0,0,0,2,32,0,26875,26875,26333,26875,2.6666666666666665,90523.33804809053,33946.25176803395,0.0,0.0,19708,identical complete generated cohort; zero SLA; no carry-in or background; exact full schedule
sim-quality,3,41,3,3,3,0,0,0,simulated,simulated,,6,2d88221fcb9582f1,2,,,,3,1,0.033333,0.031959,0.033833,6,6,,,0,83f03d55c3eab9db,,2244608,0.0008139999999999999,0.000732,0.007230000000006953,0,7,4,4,0,0,0,15,4,0,0,,,,64,32,0,0,0,4,0,4,7,4,29,0,4,0,0,0,0,0,0,29,0,14792,14792,14667,14792,1.3333333333333333,120001.20001200012,90000.90000900009,0.0,0.0,12792,identical complete generated cohort; zero SLA; no carry-in or background; exact full schedule
bounded-sim-quality,3,41,3,3,3,0,0,0,simulated,simulated,,6,7551d16dc73c1163,2,,,,3,1,0.046042,0.042875,0.050458,6,6,,,0,bed83d663c0eb78b,,2310144,0.0008669999999999999,0.0007509999999999999,0.007300624999999172,0,0,0,0,0,0,0,0,0,0,0,,,,64,32,0,0,0,4,0,4,7,4,29,0,4,0,0,0,0,0,1,29,0,28042,28042,25875,28042,1.3333333333333333,86877.1990791017,65157.89930932627,0.0,0.0,14541,identical complete generated cohort; zero SLA; no carry-in or background; exact full schedule
sim-quality,3,42,3,3,3,0,0,0,simulated,simulated,,6,5e669414a4b49c63,2,,,,3,1,0.04975,0.046709,0.05025,209,209,,,0,3f3ad2ccaa54fdc8,,2260992,0.00094,0.000833,0.007478833000000407,0,8,7,7,0,0,0,22,7,0,0,,,,64,32,0,0,0,7,0,7,13,7,44,0,7,0,0,0,0,0,0,32,0,16417,16417,15750,16417,2.3333333333333335,140703.51758793968,60301.50753768844,0.0,0.0,17625,identical complete generated cohort; zero SLA; no carry-in or background; exact full schedule
bounded-sim-quality,3,42,3,3,3,0,0,0,simulated,simulated,,6,2a51bb51fec51a49,2,,,,3,1,0.083417,0.0795,0.085958,209,209,,,0,97c1b160fd8aabf6,,2441216,0.000972,0.00085,0.007609166000001721,0,0,0,0,0,0,0,0,0,0,0,,,,64,32,0,0,0,7,0,7,13,7,44,0,7,0,0,0,0,0,1,32,0,31458,31458,31458,34625,2.3333333333333335,83915.74858841722,35963.89225217881,0.0,0.0,18625,identical complete generated cohort; zero SLA; no carry-in or background; exact full schedule
sim-quality,3,43,3,3,3,0,0,0,simulated,simulated,,6,573ca55371bf40ff,2,,,,3,1,0.060791,0.058083,0.061667,108,108,,,0,0eb57427c2221846,,2359296,0.000941,0.000828,0.0073594159999998965,0,16,9,9,0,0,0,34,9,0,0,,,,64,32,0,0,0,9,0,9,14,9,54,0,9,0,0,0,0,0,0,32,0,20958,20958,20958,21208,3.0,148048.23082364167,49349.41027454723,0.0,0.0,22166,identical complete generated cohort; zero SLA; no carry-in or background; exact full schedule
bounded-sim-quality,3,43,3,3,3,0,0,0,simulated,simulated,,6,a703c48151399c5d,2,,,,3,1,0.0845,0.083042,0.094417,108,108,,,0,18d86a3f411979c9,,2457600,0.000982,0.0008619999999999999,0.007279957999998032,0,0,0,0,0,0,0,0,0,0,0,,,,64,32,0,0,0,9,0,9,14,9,54,0,9,0,0,0,0,0,1,32,0,37250,37250,33375,37250,3.0,106508.87573964497,35502.958579881655,0.0,0.0,23875,identical complete generated cohort; zero SLA; no carry-in or background; exact full schedule
sim-quality,3,44,3,3,3,0,0,0,simulated,simulated,,6,96b7573f9526206b,2,,,,3,1,0.046292,0.046167,0.048042,206,206,,,0,e968a24d31b4259d,,2260992,0.0009609999999999999,0.000914,0.007525291000000323,0,7,6,6,0,0,0,19,6,0,0,,,,64,32,0,0,0,6,0,6,12,6,39,0,6,0,0,0,0,0,0,32,0,22708,22708,21125,22708,2.0,129612.02799619806,64806.01399809903,0.0,0.0,18042,identical complete generated cohort; zero SLA; no carry-in or background; exact full schedule
bounded-sim-quality,3,44,3,3,3,0,0,0,simulated,simulated,,6,3bc722bbe9544fd1,2,,,,3,1,0.070083,0.067125,0.077791,206,206,,,0,9a03a432f58debc7,,2408448,0.0009029999999999999,0.0007949999999999999,0.007252707999995778,0,0,0,0,0,0,0,0,0,0,0,,,,64,32,0,0,0,6,0,6,12,6,39,0,6,0,0,0,0,0,1,32,0,44916,44916,39583,44916,2.0,85612.77342579512,42806.38671289756,0.0,0.0,22208,identical complete generated cohort; zero SLA; no carry-in or background; exact full schedule
sim-quality,3,45,3,3,3,0,0,0,simulated,simulated,,6,c618a7bde897d95b,2,,,,3,1,0.053209,0.052958,0.056417,510,510,,,0,a7353af7d56c34f3,,2342912,0.0009609999999999999,0.000784,0.007327958000004742,0,4,9,9,0,0,0,22,9,0,0,,,,64,32,0,0,0,9,0,9,21,9,54,0,9,0,0,0,0,0,0,32,0,18917,18917,19000,19583,3.0,169144.31769061624,56381.43923020542,0.0,0.0,23042,identical complete generated cohort; zero SLA; no carry-in or background; exact full schedule
bounded-sim-quality,3,45,3,3,3,0,0,0,simulated,simulated,,6,a40e2a77d75cd319,2,,,,3,1,0.095625,0.093459,0.098791,510,510,,,0,85cd3db562a98e6a,,2506752,0.000922,0.00075,0.007303749999998388,0,0,0,0,0,0,0,0,0,0,0,,,,64,32,0,0,0,9,0,9,21,9,54,0,9,0,0,0,0,0,2,32,0,39000,39000,37375,39000,3.0,94117.64705882352,31372.549019607843,0.0,0.0,24167,identical complete generated cohort; zero SLA; no carry-in or background; exact full schedule
sim-quality,3,46,3,3,3,0,0,0,simulated,simulated,,6,a77db0808686bdad,2,,,,3,1,0.044125,0.042542,0.047625,208,208,,,0,70447b7d11482d78,,2260992,0.0009249999999999999,0.000819,0.007315415999997299,0,6,6,6,0,0,0,18,6,0,0,,,,64,32,0,0,0,6,0,6,14,6,39,0,6,0,0,0,0,0,0,32,0,15583,15583,15583,15750,2.0,135977.3371104816,67988.6685552408,0.0,0.0,15791,identical complete generated cohort; zero SLA; no carry-in or background; exact full schedule
bounded-sim-quality,3,46,3,3,3,0,0,0,simulated,simulated,,6,98b11cca6771abd7,2,,,,3,1,0.06125,0.060834,0.061875,208,208,,,0,d487510e72521457,,2392064,0.0009159999999999999,0.0008219999999999999,0.007379957999994247,0,0,0,0,0,0,0,0,0,0,0,,,,64,32,0,0,0,6,0,6,14,6,39,0,6,0,0,0,0,0,1,32,0,26916,26916,27208,28041,2.0,97959.1836734694,48979.5918367347,0.0,0.0,16291,identical complete generated cohort; zero SLA; no carry-in or background; exact full schedule
sim-quality,3,47,3,3,3,0,0,0,simulated,simulated,,6,c1cfde5149f60c43,2,,,,3,1,0.054833,0.048708,0.055542,10,10,,,0,e8c66dda30cb47ee,,2326528,0.000949,0.0008139999999999999,0.007324833999994951,0,15,8,8,0,0,0,31,8,0,0,,,,64,32,0,0,0,8,0,8,14,8,49,0,8,0,0,0,0,0,0,32,0,22000,22000,22000,24208,2.6666666666666665,145897.54345011216,54711.57879379206,0.0,0.0,25917,identical complete generated cohort; zero SLA; no carry-in or background; exact full schedule
bounded-sim-quality,3,47,3,3,3,0,0,0,simulated,simulated,,6,804c1ba39d0a2851,2,,,,3,1,0.078792,0.07825,0.082416,10,10,,,0,35fd4c73c66f7954,,2441216,0.000923,0.000763,0.00715900000000147,0,0,0,0,0,0,0,0,0,0,0,,,,64,32,0,0,0,8,0,8,14,8,49,0,8,0,0,0,0,0,1,32,0,31417,31417,31208,31417,2.6666666666666665,101533.1505736623,38074.931465123365,0.0,0.0,22834,identical complete generated cohort; zero SLA; no carry-in or background; exact full schedule
bounded-sim-mesh,16,0,1000,3,3,0,0,0,simulated,simulated,,304,1aeef574bacdd39c,16,,,,33,1,1458.355041,1445.20575,1468.799542,3119,,,,,9638367d3fd6985b,,3817472,1.458749,0.012048,1.4758646249999998,0,0,0,0,0,0,0,0,0,0,0,,,,64,32,32,53,36619,5965,36509,5965,5965,25351,101661,0,5997,6,36,45,11268,0,46,32,0,3328042,2094750,2094750,3496083,5.965,4112.167360759991,685.7040788327483,11.268,0.0,,
bounded-sim-mesh,16,42,1000,3,3,0,0,0,simulated,simulated,,304,2065e788643a74f8,16,,,,33,1,1451.106917,1443.767,1453.280333,3096,,,,,af9126ae3a759a88,,3784704,1.4428699999999999,0.011314999999999999,1.4595272499999936,0,0,0,0,0,0,0,0,0,0,0,,,,64,32,33,48,36534,5969,36425,5969,5969,25356,101685,0,6002,6,36,41,11178,0,45,32,0,3253875,2062500,2066541,3386875,5.969,4136.152842830119,689.1290974392067,11.178,0.0,,
bounded-sim-mesh,16,99,1000,3,3,0,0,0,simulated,simulated,,304,abee574beb5aaafc,16,,,,33,1,1446.142458,1440.960041,1470.988458,3087,,,,,8440a116d75f775a,,3784704,1.4565569999999999,0.012445,1.475700125000003,0,0,0,0,0,0,0,0,0,0,0,,,,64,32,35,51,36113,5907,35996,5907,5907,25102,100995,0,5942,6,36,43,11011,0,48,32,0,2942292,2039834,2039834,3814625,5.907,4108.862143649198,691.4948070766069,11.011,0.0,,
bounded-sim-mesh,32,0,1000,3,3,0,0,0,simulated,simulated,,1120,8942db1c798700bf,32,,,,65,1,3655.920958,3639.408292,3679.274416,13937,,,,,2da83eb448cef54c,,4128768,3.651064,0.027545999999999998,3.6863328330000016,0,0,0,0,0,0,0,0,0,58,0,,,,64,32,41,58,46323,5956,46154,5956,5956,35844,154638,0,5997,6,45,50,10479,0,80,32,0,13021292,7570334,7512375,13136709,5.956,1640.3527507555045,273.5288895707028,10.479,0.0,,
bounded-sim-mesh,32,42,1000,3,3,0,0,0,simulated,simulated,,1120,1bb3c118e4f378cd,32,,,,65,1,3760.687583,3695.642917,3771.174916,13950,,,,,f86efa095002063b,,4112384,3.742371,0.028693999999999997,3.7783350829999875,0,0,0,0,0,0,0,0,0,50,0,,,,64,32,40,56,46361,5962,46209,5962,5962,35868,154702,0,6002,6,45,49,10493,0,91,32,0,11198959,7881166,8048958,11198959,5.962,1595.9847414956087,265.9088206423873,10.493,0.0,,
bounded-sim-mesh,32,99,1000,3,3,0,0,0,simulated,simulated,,1120,34f47fc9577a3e15,32,,,,65,1,3630.592042,3615.12025,3642.089292,13807,,,,,3441e16dafc98b9b,,4145152,3.613247,0.028145999999999997,3.6485928339999987,0,0,0,0,0,0,0,0,0,36,0,,,,64,32,46,58,45880,5896,45692,5896,5896,35497,153774,0,5942,6,44,51,10383,0,103,32,0,10423459,7658417,7735583,10510125,5.896,1636.6476682758066,275.4371706960294,10.383,0.0,,
bounded-sim-mesh,64,0,1000,3,3,0,0,0,simulated,simulated,,4288,4db7a43779e9bdc4,64,,,,129,1,1227.935667,1211.717416,1242.697625,299850,,,,,64a29b5377b1b171,,4145152,1.231224,0.011507,1.2475380839999985,0,0,0,0,0,0,0,0,0,2655,0,,,,64,32,6,8,5997,5991,5991,5991,5991,5997,158973,0,5997,0,0,0,0,0,1,32,0,2908708,1951041,1951041,3331750,5.991,4883.80634357777,814.3749113853211,0.0,0.0,,
bounded-sim-mesh,64,42,1000,3,3,0,0,0,simulated,simulated,,4288,2a57d0e939caf030,64,,,,129,1,1205.035375,1195.707458,1216.456375,300100,,,,,bb444069c3753b32,,4079616,1.206829,0.010987,1.2239562089999936,0,0,0,0,0,0,0,0,0,2470,0,,,,64,32,7,8,6002,5995,5995,5995,5995,6002,158996,0,6002,0,0,0,0,0,1,32,0,2837875,1873584,1890208,2846708,5.995,4980.766643468869,829.8511568591917,0.0,0.0,,
bounded-sim-mesh,64,99,1000,3,3,0,0,0,simulated,simulated,,4288,11e7500ab1d57334,64,,,,129,1,1237.763667,1212.806875,1238.125583,297100,,,,,bfee0835db534762,,4210688,1.22994,0.009911,1.2475465420000091,0,0,0,0,0,0,0,0,0,2694,0,,,,64,32,6,8,5942,5936,5936,5936,5936,5942,158698,0,5942,0,0,0,0,0,1,32,0,2892208,1911042,1907958,2892208,5.936,4800.593326835793,807.908671631739,0.0,0.0,,
bounded-sim-mesh,128,0,1000,3,3,0,0,0,simulated,simulated,,16768,a17ab2053846d37c,128,,,,257,1,2094.914042,2079.258583,2104.856334,299850,,,,,bde0ebfc0efa9967,,4685824,2.088725,0.017235,2.113528875,0,0,0,0,0,0,0,0,0,2342,0,,,,64,32,6,8,5997,5991,5991,5991,5991,5997,286973,0,5997,0,0,0,0,0,1,32,0,4743167,3412291,3412291,4876125,5.991,2862.647287558732,477.3465545370572,0.0,0.0,,
bounded-sim-mesh,128,42,1000,3,3,0,0,0,simulated,simulated,,16768,7d5c036370b333d8,128,,,,257,1,2077.925667,2067.449417,2084.330542,300100,,,,,72f70e76c06f7d5a,,4653056,2.068281,0.017077,2.0880755420000128,0,0,0,0,0,0,0,0,0,2269,0,,,,64,32,7,8,6002,5995,5995,5995,5995,6002,286996,0,6002,0,0,0,0,0,1,32,0,4554375,3255250,3266084,4571625,5.995,2888.457510929817,481.249168765381,0.0,0.0,,
bounded-sim-mesh,128,99,1000,3,3,0,0,0,simulated,simulated,,16768,0ed2d1c82872dedc,128,,,,257,1,2026.263333,2019.140916,2026.565541,297100,,,,,0d18f96adc676baf,,4636672,2.011619,0.016874999999999998,2.033829541999978,0,0,0,0,0,0,0,0,0,2349,0,,,,64,32,6,8,5942,5936,5936,5936,5936,5942,286698,0,5942,0,0,0,0,0,1,32,0,4743084,3194959,3194959,4785625,5.936,2932.491499612997,493.5192695410631,0.0,0.0,,
bounded-sim-density,512,0,10000,3,3,0,0,0,simulated,simulated,,261632,30e04b3f43983c2f,512,,,,1,1,514.709958,509.483875,514.884959,0,,,,,457d29d0a6594b65,,4358144,0.5121209999999999,0.005129,0.5230929999999887,0,0,0,0,0,0,0,0,0,0,0,,,,64,32,0,0,0,7484,0,7484,7484,7484,47420,0,7484,0,0,0,0,0,0,32,0,100042,73125,74250,103292,0.7484,14540.227721803663,19428.417586589607,0.0,0.0,,
bounded-sim-load,16,0,10000,3,3,0,0,0,simulated,simulated,,2,457d9b0ddb7aa850,2,,,,1,1,325.111375,322.106792,326.624416,99999,,,,,6a882db9332fb0c1,,4308992,0.324972,0.003392,0.3318234999999845,0,0,0,0,0,0,0,0,0,0,0,,,,64,32,62,64,637449,99989,637216,99989,99989,99999,549637,0,119830,5,54,54,537450,19779,7,32,19779,63041,35625,35625,68292,9.9989,368581.38230321836,30758.690002772124,53.745,0.16505883334724192,,
bounded-sim-density,512,42,10000,3,3,0,0,0,simulated,simulated,,261632,2054291c291df9f9,512,,,,1,1,517.260875,515.985042,523.162291,0,,,,,39294c6e34430f5b,,4374528,0.520088,0.005216,0.5283548749999909,0,0,0,0,0,0,0,0,0,0,0,,,,64,32,0,0,0,7496,0,7496,7496,7496,47480,0,7496,0,0,0,0,0,0,32,0,106166,75250,75542,107625,0.7496,14491.720449570053,19332.604655242867,0.0,0.0,,
bounded-sim-load,16,42,10000,3,3,0,0,0,simulated,simulated,,2,e339d75297dc78f4,2,,,,1,1,327.184084,325.331708,327.900959,100000,,,,,12423b74e0662a7d,,4210688,0.326329,0.003254,0.33676162499997986,0,0,0,0,0,0,0,0,0,0,0,,,,64,32,64,64,637854,99990,637619,99990,99990,100000,550060,0,120040,5,54,54,537854,19986,7,32,19986,61167,35208,36042,61167,9.999,366888.2622053217,30563.833905808206,53.7854,0.16649450183272244,,
bounded-sim-density,512,99,10000,3,3,0,0,0,simulated,simulated,,261632,b321f6c5b9a55c25,512,,,,1,1,511.383875,509.064708,516.2895,0,,,,,f650ebecf14afaa3,,4374528,0.51306,0.005279,0.5249925409999889,0,0,0,0,0,0,0,0,0,0,0,,,,64,32,0,0,0,7452,0,7452,7452,7452,47260,0,7452,0,0,0,0,0,0,32,0,119459,73958,75167,119459,0.7452,14572.223263785936,19554.781620754075,0.0,0.0,,
bounded-sim-load,16,99,10000,3,3,0,0,0,simulated,simulated,,2,f8bae6c71508b518,2,,,,1,1,323.539708,321.762,326.17925,100000,,,,,b8ebb63acd9aa4eb,,4292608,0.324627,0.003489,0.3345982499999991,0,0,0,0,0,0,0,0,0,0,0,,,,64,32,63,64,637560,99990,637323,99990,99990,100000,550076,0,120048,5,54,54,537560,19995,7,32,19995,58542,35667,35667,74084,9.999,371045.64611896104,30908.107267006617,53.756,0.16655837664934026,,
schedule-mixed,5,128,1000,3,3,0,0,0,optimal,optimal,18,24,2572370228194803,4,5,8,constructed fixture v1,7,1,0.168625,0.168084,0.176334,214,,6,3,0,3fed17624e2a5da2,29651.59377316531,2523136,0.0009199999999999999,0.0008839999999999999,0.007516833000011047,461,450,732,284,32,2,178,593,1,,,,,,,,,,,,,,,,,,,,,,,,,,,,,,,,,,,,,
bounded-schedule-mixed,5,128,1000,3,3,0,0,0,feasible,feasible,18,24,2572370228194803,4,5,8,constructed fixture v1,7,1,0.1935,0.191875,0.209084,214,,6,3,,3fed17624e2a5da2,25839.793281653743,2506752,0.000957,0.0008619999999999999,0.007411582999992561,0,0,0,0,0,0,0,0,0,0,0,,,,,,,,,,,,,,,,,,,,,,,,,,,,,,,,,,,
schedule-mixed,5,129,1000,3,3,0,0,0,optimal,optimal,21,24,94e1fde620b77179,4,5,7,constructed fixture v1,7,1,0.290958,0.27325,0.29625,109,,6,4,0,f2b610208333fc66,17184.61083730298,2719744,0.0010659999999999999,0.000891,0.007605332999986558,481,475,1270,492,12,1,216,881,1,,,,,,,,,,,,,,,,,,,,,,,,,,,,,,,,,,,,,
bounded-schedule-mixed,5,129,1000,3,3,0,0,0,feasible,feasible,21,24,94e1fde620b77179,4,5,7,constructed fixture v1,7,1,0.220416,0.208208,0.231875,109,,6,4,,f2b610208333fc66,22684.37862950058,2457600,0.0010329999999999998,0.0009469999999999999,0.007524125000003323,0,0,0,0,0,0,0,0,0,0,0,,,,,,,,,,,,,,,,,,,,,,,,,,,,,,,,,,,
schedule-mixed,5,130,1000,3,3,0,0,0,optimal,optimal,20,24,cbd8c98400fb976d,4,5,6,constructed fixture v1,7,1,0.270375,0.252375,0.290416,15,,5,3,0,38a8d7ba9c4d71c7,18492.83402681461,2588672,0.001075,0.0008759999999999999,0.007563625000017282,350,344,936,363,14,1,427,930,1,,,,,,,,,,,,,,,,,,,,,,,,,,,,,,,,,,,,,
bounded-schedule-mixed,5,130,1000,3,3,0,0,0,feasible,feasible,20,24,cbd8c98400fb976d,4,5,6,constructed fixture v1,7,1,0.256917,0.234583,0.259708,15,,5,3,,38a8d7ba9c4d71c7,19461.538162130182,2441216,0.001031,0.000771,0.007256124999997837,0,0,0,0,0,0,0,0,0,0,0,,,,,,,,,,,,,,,,,,,,,,,,,,,,,,,,,,,
schedule-mixed,5,131,1000,3,3,0,0,0,optimal,optimal,14,24,2aec02c3fb09430b,4,5,6,constructed fixture v1,7,1,0.167417,0.163792,0.16825,118,,6,2,0,77eaae405daf05b5,29865.545314991905,2392064,0.000948,0.000767,0.0073697919999915484,565,541,507,203,33,2,275,574,1,,,,,,,,,,,,,,,,,,,,,,,,,,,,,,,,,,,,,
bounded-schedule-mixed,5,131,1000,3,3,0,0,0,feasible,feasible,14,24,2aec02c3fb09430b,4,5,6,constructed fixture v1,7,1,0.223,0.209542,0.235958,118,,6,2,,77eaae405daf05b5,22421.52466367713,2424832,0.001031,0.000971,0.007791208000014649,0,0,0,0,0,0,0,0,0,0,0,,,,,,,,,,,,,,,,,,,,,,,,,,,,,,,,,,,
schedule-mixed,5,132,1000,3,3,0,0,0,optimal,optimal,18,24,8359b66d302d8bec,4,5,6,constructed fixture v1,7,1,0.189458,0.184416,0.21325,129,,6,8,0,71648a7ed64b680a,26391.07348330501,2473984,0.000953,0.0007369999999999999,0.0072958330000005844,251,245,655,258,8,1,367,744,1,,,,,,,,,,,,,,,,,,,,,,,,,,,,,,,,,,,,,
bounded-schedule-mixed,5,132,1000,3,3,0,0,0,feasible,feasible,18,24,8359b66d302d8bec,4,5,6,constructed fixture v1,7,1,0.214875,0.211792,0.230375,129,,6,8,,71648a7ed64b680a,23269.34264107039,2457600,0.000931,0.0007329999999999999,0.0071802079999940815,0,0,0,0,0,0,0,0,0,0,0,,,,,,,,,,,,,,,,,,,,,,,,,,,,,,,,,,,
schedule-mixed,5,133,1000,3,3,0,0,0,optimal,optimal,19,24,726ea98a759d67cb,4,5,5,constructed fixture v1,7,1,6.340375,6.124875,6.473291,208,,6,6,0,76dba14c9a1bb095,788.596888985273,2736128,0.007157999999999999,0.0008629999999999999,0.013609583000004477,185621,183067,1350,505,44317,8,728,1462,1,,,,,,,,,,,,,,,,,,,,,,,,,,,,,,,,,,,,,
bounded-schedule-mixed,5,133,1000,3,3,0,0,0,feasible,feasible,19,24,726ea98a759d67cb,4,5,5,constructed fixture v1,7,1,0.44975,0.43,0.4655,208,,6,6,,76dba14c9a1bb095,11117.287381878821,2523136,0.001137,0.0007279999999999999,0.0072658750000016425,0,0,0,0,0,0,0,0,0,0,0,,,,,,,,,,,,,,,,,,,,,,,,,,,,,,,,,,,
schedule-mixed,5,134,1000,3,3,0,0,0,optimal,optimal,18,24,715db49133cfc2e2,4,5,7,constructed fixture v1,7,1,0.290916,0.287292,0.294333,302,,5,2,0,f72ae4d2d09ab5fd,17187.091806569595,2457600,0.000963,0.000681,0.007136459000008699,4095,4018,656,258,228,2,275,668,1,,,,,,,,,,,,,,,,,,,,,,,,,,,,,,,,,,,,,
bounded-schedule-mixed,5,134,1000,3,3,0,0,0,feasible,feasible,18,24,715db49133cfc2e2,4,5,7,constructed fixture v1,7,1,0.221458,0.220584,0.225292,302,,5,2,,f72ae4d2d09ab5fd,22577.64451950257,2523136,0.0009839999999999998,0.000741,0.007240249999995285,0,0,0,0,0,0,0,0,0,0,0,,,,,,,,,,,,,,,,,,,,,,,,,,,,,,,,,,,
schedule-mixed,5,135,1000,3,3,0,0,0,optimal,optimal,15,24,202cf271902e455b,4,5,8,constructed fixture v1,7,1,0.248917,0.231709,0.249584,211,,5,4,0,0bf634428e649f52,20087.016957459717,2555904,0.0010329999999999998,0.00089,0.007539250000007769,333,327,868,341,9,1,344,835,1,,,,,,,,,,,,,,,,,,,,,,,,,,,,,,,,,,,,,
bounded-schedule-mixed,5,135,1000,3,3,0,0,0,feasible,feasible,15,24,202cf271902e455b,4,5,8,constructed fixture v1,7,1,0.224667,0.217917,0.229167,211,,5,4,,0bf634428e649f52,22255.159858813266,2441216,0.001014,0.000776,0.007346250000011878,0,0,0,0,0,0,0,0,0,0,0,,,,,,,,,,,,,,,,,,,,,,,,,,,,,,,,,,,
schedule-mixed,5,136,1000,3,3,0,0,0,optimal,optimal,20,24,6c06180e80e2c94f,4,5,8,constructed fixture v1,7,1,0.169541,0.167042,0.170083,313,,5,1,0,7a5c6d197b658d24,29491.391462832,2424832,0.000931,0.000785,0.00733162500000617,217,211,546,218,2,1,221,547,1,,,,,,,,,,,,,,,,,,,,,,,,,,,,,,,,,,,,,
bounded-schedule-mixed,5,136,1000,3,3,0,0,0,feasible,feasible,20,24,6c06180e80e2c94f,4,5,8,constructed fixture v1,7,1,0.187833,0.185833,0.192916,313,,5,1,,7a5c6d197b658d24,26619.390628909725,2441216,0.001014,0.000815,0.007394666999999799,0,0,0,0,0,0,0,0,0,0,0,,,,,,,,,,,,,,,,,,,,,,,,,,,,,,,,,,,
schedule-mixed,5,137,1000,3,3,0,0,0,optimal,optimal,17,24,29166eaf5bc861b3,4,5,7,constructed fixture v1,7,1,0.221958,0.213958,0.222,23,,5,3,0,686685cfd285b828,22526.784346588094,2523136,0.001049,0.000886,0.007470625000024711,291,285,763,297,7,1,189,597,1,,,,,,,,,,,,,,,,,,,,,,,,,,,,,,,,,,,,,
bounded-schedule-mixed,5,137,1000,3,3,0,0,0,feasible,feasible,17,24,29166eaf5bc861b3,4,5,7,constructed fixture v1,7,1,0.214917,0.204958,0.222625,23,,5,3,,686685cfd285b828,23264.795246537036,2441216,0.001042,0.0008449999999999999,0.00737512500001003,0,0,0,0,0,0,0,0,0,0,0,,,,,,,,,,,,,,,,,,,,,,,,,,,,,,,,,,,
schedule-mixed,5,138,1000,3,3,0,0,0,optimal,optimal,19,24,cfba36086a9f0592,4,5,6,constructed fixture v1,7,1,0.317708,0.314,0.319083,209,,5,3,0,14ed929f4f87b2cc,15737.721429740517,2506752,0.001062,0.0008629999999999999,0.006801332999998522,3579,3495,718,285,136,1,285,696,1,,,,,,,,,,,,,,,,,,,,,,,,,,,,,,,,,,,,,
bounded-schedule-mixed,5,138,1000,3,3,0,0,0,feasible,feasible,19,24,cfba36086a9f0592,4,5,6,constructed fixture v1,7,1,0.192458,0.192375,0.19775,209,,5,3,,14ed929f4f87b2cc,25979.69427095782,2424832,0.001026,0.000843,0.007481124999998201,0,0,0,0,0,0,0,0,0,0,0,,,,,,,,,,,,,,,,,,,,,,,,,,,,,,,,,,,
schedule-mixed,5,139,1000,3,3,0,0,0,optimal,optimal,21,24,dafe3e6d055daf4c,4,5,8,constructed fixture v1,7,1,0.283834,0.282792,0.330541,11,,6,5,0,31abf738915e3ada,17615.930438213887,2588672,0.001155,0.00082,0.007531416999995599,640,627,908,352,28,2,487,1002,1,,,,,,,,,,,,,,,,,,,,,,,,,,,,,,,,,,,,,
bounded-schedule-mixed,5,139,1000,3,3,0,0,0,feasible,feasible,21,24,dafe3e6d055daf4c,4,5,8,constructed fixture v1,7,1,0.286833,0.282375,0.292542,11,,6,5,,31abf738915e3ada,17431.745998542705,2506752,0.001129,0.000829,0.007479458999995359,0,0,0,0,0,0,0,0,0,0,0,,,,,,,,,,,,,,,,,,,,,,,,,,,,,,,,,,,
schedule-mixed,5,140,1000,3,3,0,0,0,optimal,optimal,16,24,418eda55a49552a1,4,5,7,constructed fixture v1,7,1,0.149583,0.142875,0.151458,400,,5,0,0,16b81febee880955,33426.25833149489,2260992,0.0009809999999999999,0.00079,0.007383000000004358,1121,1069,280,115,25,3,249,432,1,,,,,,,,,,,,,,,,,,,,,,,,,,,,,,,,,,,,,
bounded-schedule-mixed,5,140,1000,3,3,0,0,0,feasible,feasible,16,24,418eda55a49552a1,4,5,7,constructed fixture v1,7,1,0.158041,0.153167,0.173625,400,,5,0,,16b81febee880955,31637.35992558893,2441216,0.000953,0.0007769999999999999,0.00730329099999949,0,0,0,0,0,0,0,0,0,0,0,,,,,,,,,,,,,,,,,,,,,,,,,,,,,,,,,,,
schedule-mixed,5,141,1000,3,3,0,0,0,optimal,optimal,19,24,5494b3ed32447578,4,5,7,constructed fixture v1,7,1,1.233125,1.220792,1.24875,112,,6,6,0,79aaff9246bd2ea9,4054.7389761784084,2588672,0.002154,0.0008669999999999999,0.007404375000021446,24967,24507,880,347,2155,8,519,1036,1,,,,,,,,,,,,,,,,,,,,,,,,,,,,,,,,,,,,,
bounded-schedule-mixed,5,141,1000,3,3,0,0,0,feasible,feasible,19,24,5494b3ed32447578,4,5,7,constructed fixture v1,7,1,0.328875,0.326375,0.347375,112,,6,6,,79aaff9246bd2ea9,15203.344735841887,2506752,0.001178,0.000841,0.0074791250000032505,0,0,0,0,0,0,0,0,0,0,0,,,,,,,,,,,,,,,,,,,,,,,,,,,,,,,,,,,
schedule-mixed,5,142,1000,3,3,0,0,0,optimal,optimal,19,24,71ec30fadb076d49,4,5,8,constructed fixture v1,7,1,0.203625,0.191292,0.208625,305,,5,1,0,fc80ab32e3e6ea67,24554.941682013505,2539520,0.000968,0.000828,0.007477375000007669,257,251,717,281,25,1,207,609,1,,,,,,,,,,,,,,,,,,,,,,,,,,,,,,,,,,,,,
bounded-schedule-mixed,5,142,1000,3,3,0,0,0,feasible,feasible,19,24,71ec30fadb076d49,4,5,8,constructed fixture v1,7,1,0.156167,0.153167,0.191959,305,,5,1,,fc80ab32e3e6ea67,32017.007434349125,2424832,0.000864,0.0007329999999999999,0.0075279590000150165,0,0,0,0,0,0,0,0,0,0,0,,,,,,,,,,,,,,,,,,,,,,,,,,,,,,,,,,,
schedule-mixed,5,143,1000,3,3,0,0,0,optimal,optimal,16,24,13ffb69161fff891,4,5,8,constructed fixture v1,7,1,0.150833,0.143833,0.154833,206,,5,2,0,b896b3c78139146c,33149.244528717194,2392064,0.000834,0.000727,0.007368417000009231,464,449,449,182,3,2,258,530,1,,,,,,,,,,,,,,,,,,,,,,,,,,,,,,,,,,,,,
bounded-schedule-mixed,5,143,1000,3,3,0,0,0,feasible,feasible,16,24,13ffb69161fff891,4,5,8,constructed fixture v1,7,1,0.147333,0.145292,0.158333,206,,5,2,,b896b3c78139146c,33936.72836363884,2375680,0.000888,0.0007419999999999999,0.007366125000004331,0,0,0,0,0,0,0,0,0,0,0,,,,,,,,,,,,,,,,,,,,,,,,,,,,,,,,,,,
schedule-mixed,5,144,1000,3,3,0,0,0,optimal,optimal,18,24,054e7e9f2d8cc51f,4,5,6,constructed fixture v1,7,1,0.362,0.353583,0.373959,216,,8,6,0,4c3f76d864d0417d,13812.154696132598,2654208,0.001122,0.0008579999999999999,0.007278208999991875,2464,2419,1158,437,935,5,400,1016,1,,,,,,,,,,,,,,,,,,,,,,,,,,,,,,,,,,,,,
bounded-schedule-mixed,5,144,1000,3,3,0,0,0,feasible,feasible,18,24,054e7e9f2d8cc51f,4,5,6,constructed fixture v1,7,1,0.2705,0.26975,0.289083,216,,8,6,,4c3f76d864d0417d,18484.288354898334,2605056,0.0010119999999999999,0.000815,0.007414374999996198,0,0,0,0,0,0,0,0,0,0,0,,,,,,,,,,,,,,,,,,,,,,,,,,,,,,,,,,,
schedule-mixed,5,145,1000,3,3,0,0,0,optimal,optimal,16,24,479898e6e16dccde,4,5,8,constructed fixture v1,7,1,0.190458,0.186667,0.199,115,,6,4,0,180945454c41622c,26252.50711442943,2424832,0.0008659999999999999,0.0007329999999999999,0.007465125000010175,2265,2196,509,203,320,2,334,623,1,,,,,,,,,,,,,,,,,,,,,,,,,,,,,,,,,,,,,
bounded-schedule-mixed,5,145,1000,3,3,0,0,0,feasible,feasible,16,24,479898e6e16dccde,4,5,8,constructed fixture v1,7,1,0.149084,0.144334,0.149542,115,,6,4,,180945454c41622c,33538.13957232165,2457600,0.000908,0.0007819999999999999,0.007470749999981763,0,0,0,0,0,0,0,0,0,0,0,,,,,,,,,,,,,,,,,,,,,,,,,,,,,,,,,,,
schedule-mixed,5,146,1000,3,3,0,0,0,optimal,optimal,19,24,17a6bb3d1c80c33a,4,5,7,constructed fixture v1,7,1,0.211542,0.198792,0.224,106,,6,3,0,fbf1009de6fd2b96,23635.96827107619,2588672,0.000896,0.000703,0.007307750000023816,333,327,861,332,0,1,430,879,1,,,,,,,,,,,,,,,,,,,,,,,,,,,,,,,,,,,,,
bounded-schedule-mixed,5,146,1000,3,3,0,0,0,feasible,feasible,19,24,17a6bb3d1c80c33a,4,5,7,constructed fixture v1,7,1,0.17,0.168208,0.17175,106,,6,3,,fbf1009de6fd2b96,29411.76470588235,2457600,0.000857,0.000714,0.007307375000010552,0,0,0,0,0,0,0,0,0,0,0,,,,,,,,,,,,,,,,,,,,,,,,,,,,,,,,,,,
schedule-mixed,5,147,1000,3,3,0,0,0,optimal,optimal,21,24,1bce443a9f3e42a6,4,5,8,constructed fixture v1,7,1,0.278542,0.269625,0.288542,307,,7,4,0,7503769bbcfca090,17950.61427002032,2719744,0.001035,0.000741,0.007311541999996507,611,603,1186,451,109,1,228,866,1,,,,,,,,,,,,,,,,,,,,,,,,,,,,,,,,,,,,,
bounded-schedule-mixed,5,147,1000,3,3,0,0,0,feasible,feasible,21,24,1bce443a9f3e42a6,4,5,8,constructed fixture v1,7,1,0.25025,0.248917,0.262708,307,,7,4,,7503769bbcfca090,19980.01998001998,2539520,0.001,0.0007329999999999999,0.007274709000000712,0,0,0,0,0,0,0,0,0,0,0,,,,,,,,,,,,,,,,,,,,,,,,,,,,,,,,,,,
schedule-mixed,5,148,1000,3,3,0,0,0,optimal,optimal,20,24,c9da09b0262d83cb,4,5,6,constructed fixture v1,7,1,0.4845,0.476708,0.487041,15,,7,8,0,c1ff72d713fc2e8e,10319.917440660474,2654208,0.001205,0.000752,0.007260915999978579,6021,5949,1075,416,584,6,432,1033,1,,,,,,,,,,,,,,,,,,,,,,,,,,,,,,,,,,,,,
bounded-schedule-mixed,5,148,1000,3,3,0,0,0,feasible,feasible,20,24,c9da09b0262d83cb,4,5,6,constructed fixture v1,7,1,0.319042,0.298084,0.319083,16,,5,6,,fb190a50439ff7d4,15671.917803925502,2523136,0.0010379999999999999,0.000712,0.007255708999991839,0,0,0,0,0,0,0,0,0,0,0,,,,,,,,,,,,,,,,,,,,,,,,,,,,,,,,,,,
schedule-mixed,5,149,1000,3,3,0,0,0,optimal,optimal,18,24,78e963dcd49e10b4,4,5,8,constructed fixture v1,7,1,0.198375,0.195792,0.199459,115,,5,1,0,59d7c50223095fd0,25204.788909892883,2441216,0.000982,0.000749,0.00725904200001537,201,195,534,214,14,1,261,583,1,,,,,,,,,,,,,,,,,,,,,,,,,,,,,,,,,,,,,
bounded-schedule-mixed,5,149,1000,3,3,0,0,0,feasible,feasible,18,24,78e963dcd49e10b4,4,5,8,constructed fixture v1,7,1,0.169292,0.167333,0.180417,115,,5,1,,59d7c50223095fd0,29534.768329277224,2408448,0.0009149999999999999,0.000771,0.007268083000013803,0,0,0,0,0,0,0,0,0,0,0,,,,,,,,,,,,,,,,,,,,,,,,,,,,,,,,,,,
schedule-mixed,5,150,1000,3,3,0,0,0,optimal,optimal,18,24,75bcd24576787246,4,5,5,constructed fixture v1,7,1,0.239916,0.229083,0.244209,205,,5,3,0,f66abd4018fa4924,20840.627552976875,2555904,0.001021,0.000806,0.007424667000009322,310,304,789,309,0,1,260,707,1,,,,,,,,,,,,,,,,,,,,,,,,,,,,,,,,,,,,,
bounded-schedule-mixed,5,150,1000,3,3,0,0,0,feasible,feasible,18,24,75bcd24576787246,4,5,5,constructed fixture v1,7,1,0.22175,0.219708,0.23625,205,,5,3,,f66abd4018fa4924,22547.91431792559,2457600,0.0010479999999999999,0.0008529999999999999,0.007366917000013018,0,0,0,0,0,0,0,0,0,0,0,,,,,,,,,,,,,,,,,,,,,,,,,,,,,,,,,,,
schedule-mixed,5,151,1000,3,3,0,0,0,optimal,optimal,17,24,8d7f298899f85e3d,4,5,8,constructed fixture v1,7,1,0.134083,0.133084,0.141333,405,,5,2,0,261ea12a7d8fd0c4,37290.33509095112,2277376,0.001067,0.000998,0.007678875000010521,119,113,285,118,0,1,275,464,1,,,,,,,,,,,,,,,,,,,,,,,,,,,,,,,,,,,,,
bounded-schedule-mixed,5,151,1000,3,3,0,0,0,feasible,feasible,17,24,8d7f298899f85e3d,4,5,8,constructed fixture v1,7,1,0.167708,0.166833,0.172875,405,,5,2,,261ea12a7d8fd0c4,29813.72385336418,2424832,0.001049,0.001127,0.007596833999997443,0,0,0,0,0,0,0,0,0,0,0,,,,,,,,,,,,,,,,,,,,,,,,,,,,,,,,,,,
schedule-mixed,5,152,1000,3,3,0,0,0,optimal,optimal,20,24,6de1a842d4a6af20,4,5,6,constructed fixture v1,7,1,0.58825,0.548292,0.68225,19,,7,10,0,81643e7ddac2c975,8499.787505312366,2850816,0.0014529999999999999,0.000996,0.007457958000003373,4008,3960,1674,635,433,3,437,1286,1,,,,,,,,,,,,,,,,,,,,,,,,,,,,,,,,,,,,,
bounded-schedule-mixed,5,152,1000,3,3,0,0,0,feasible,feasible,20,24,6de1a842d4a6af20,4,5,6,constructed fixture v1,7,1,0.392916,0.365667,0.407583,19,,7,10,,81643e7ddac2c975,12725.366236040274,2523136,0.001201,0.000873,0.007587374999985741,0,0,0,0,0,0,0,0,0,0,0,,,,,,,,,,,,,,,,,,,,,,,,,,,,,,,,,,,
schedule-mixed,5,153,1000,3,3,0,0,0,optimal,optimal,19,24,6121e5ed7de3c147,4,5,7,constructed fixture v1,7,1,0.209584,0.203041,0.216208,110,,6,4,0,60ee348d402a2ad2,23856.782960531338,2473984,0.0010329999999999998,0.000823,0.0074297090000072785,262,256,667,261,0,1,348,732,1,,,,,,,,,,,,,,,,,,,,,,,,,,,,,,,,,,,,,
bounded-schedule-mixed,5,153,1000,3,3,0,0,0,feasible,feasible,19,24,6121e5ed7de3c147,4,5,7,constructed fixture v1,7,1,0.231458,0.231125,0.246333,110,,6,4,,60ee348d402a2ad2,21602.19132628814,2441216,0.001083,0.0008619999999999999,0.0075270829999851685,0,0,0,0,0,0,0,0,0,0,0,,,,,,,,,,,,,,,,,,,,,,,,,,,,,,,,,,,
schedule-mixed,5,154,1000,3,3,0,0,0,optimal,optimal,18,24,f964db8c8d4bd114,4,5,8,constructed fixture v1,7,1,0.218291,0.198542,0.235,309,,6,1,0,1a11945f053b7c99,22905.204520571162,2342912,0.001065,0.0009029999999999999,0.007295292000009113,1527,1456,402,163,226,6,327,577,1,,,,,,,,,,,,,,,,,,,,,,,,,,,,,,,,,,,,,
bounded-schedule-mixed,5,154,1000,3,3,0,0,0,feasible,feasible,18,24,f964db8c8d4bd114,4,5,8,constructed fixture v1,7,1,0.198375,0.190292,0.202958,309,,6,1,,1a11945f053b7c99,25204.788909892883,2473984,0.000982,0.000873,0.0073566249999998945,0,0,0,0,0,0,0,0,0,0,0,,,,,,,,,,,,,,,,,,,,,,,,,,,,,,,,,,,
schedule-mixed,5,155,1000,3,3,0,0,0,optimal,optimal,20,24,76dec1fe1a27345d,4,5,7,constructed fixture v1,7,1,0.254125,0.25125,0.266125,123,,7,5,0,77913257efb2be2e,19675.35661583866,2457600,0.0010919999999999999,0.000852,0.007266541999996434,1521,1488,631,252,218,3,317,682,1,,,,,,,,,,,,,,,,,,,,,,,,,,,,,,,,,,,,,
bounded-schedule-mixed,5,155,1000,3,3,0,0,0,feasible,feasible,20,24,76dec1fe1a27345d,4,5,7,constructed fixture v1,7,1,0.232042,0.215084,0.243125,210,,5,4,,86e1ffa1901c52ff,21547.82323889641,2457600,0.0010329999999999998,0.0008089999999999999,0.007425917000006166,0,0,0,0,0,0,0,0,0,0,0,,,,,,,,,,,,,,,,,,,,,,,,,,,,,,,,,,,
schedule-mixed,5,156,1000,3,3,0,0,0,optimal,optimal,16,24,278fc6b2283cf3e7,4,5,7,constructed fixture v1,7,1,0.215333,0.20375,0.217333,216,,6,2,0,3208166e73c3bf5e,23219.850185526604,2441216,0.0010609999999999999,0.0008439999999999999,0.007439833000006502,234,228,651,257,24,1,290,669,1,,,,,,,,,,,,,,,,,,,,,,,,,,,,,,,,,,,,,
bounded-schedule-mixed,5,156,1000,3,3,0,0,0,feasible,feasible,16,24,278fc6b2283cf3e7,4,5,7,constructed fixture v1,7,1,0.216875,0.199542,0.221833,216,,6,2,,3208166e73c3bf5e,23054.755043227666,2457600,0.000991,0.0007599999999999999,0.007284208000015724,0,0,0,0,0,0,0,0,0,0,0,,,,,,,,,,,,,,,,,,,,,,,,,,,,,,,,,,,
schedule-mixed,5,157,1000,3,3,0,0,0,optimal,optimal,21,24,75c4d75cc5806656,4,5,7,constructed fixture v1,7,1,0.352208,0.349166,0.353958,19,,6,7,0,53cc2d5500f8b509,14196.156816426657,2686976,0.001114,0.000772,0.007287875000002941,1709,1677,1111,426,20,3,297,903,1,,,,,,,,,,,,,,,,,,,,,,,,,,,,,,,,,,,,,
bounded-schedule-mixed,5,157,1000,3,3,0,0,0,feasible,feasible,21,24,75c4d75cc5806656,4,5,7,constructed fixture v1,7,1,0.356917,0.328584,0.362458,19,,6,7,,53cc2d5500f8b509,14008.859202559699,2588672,0.0011099999999999999,0.000771,0.007303917000001547,0,0,0,0,0,0,0,0,0,0,0,,,,,,,,,,,,,,,,,,,,,,,,,,,,,,,,,,,
schedule-mixed,5,158,1000,3,3,0,0,0,optimal,optimal,17,24,c5d56d96f292c55b,4,5,8,constructed fixture v1,7,1,0.312542,0.310083,0.335875,209,,6,5,0,ac51b2d9c2d22030,15997.849888974924,2555904,0.001093,0.0007599999999999999,0.00736299999999801,2982,2897,814,318,182,3,261,729,1,,,,,,,,,,,,,,,,,,,,,,,,,,,,,,,,,,,,,
bounded-schedule-mixed,5,158,1000,3,3,0,0,0,feasible,feasible,17,24,c5d56d96f292c55b,4,5,8,constructed fixture v1,7,1,0.245542,0.23775,0.247917,209,,6,5,,ac51b2d9c2d22030,20363.115067890623,2473984,0.0009939999999999999,0.0007549999999999999,0.007297416999989537,0,0,0,0,0,0,0,0,0,0,0,,,,,,,,,,,,,,,,,,,,,,,,,,,,,,,,,,,
schedule-mixed,5,159,1000,3,3,0,0,0,optimal,optimal,16,24,93d911acf8ad038c,4,5,8,constructed fixture v1,7,1,0.409667,0.401084,0.419958,303,,5,3,0,8bc3e43657c02f15,12205.034820964343,2523136,0.0012649999999999998,0.000888,0.007412625000000617,4672,4599,834,322,789,2,384,864,1,,,,,,,,,,,,,,,,,,,,,,,,,,,,,,,,,,,,,
bounded-schedule-mixed,5,159,1000,3,3,0,0,0,feasible,feasible,16,24,93d911acf8ad038c,4,5,8,constructed fixture v1,7,1,0.280542,0.272916,0.289583,303,,5,3,,8bc3e43657c02f15,17822.643311874872,2473984,0.001135,0.0007949999999999999,0.007499832999997125,0,0,0,0,0,0,0,0,0,0,0,,,,,,,,,,,,,,,,,,,,,,,,,,,,,,,,,,,
sim-quality,3,48,3,3,3,0,0,0,simulated,simulated,,6,f29e17e3a6c8ad05,2,,,,3,1,0.031125,0.028375,0.033833,9,9,,,0,571b9b734a01be15,,2228224,0.000896,0.000816,0.007388042000002315,0,3,3,3,0,0,0,9,3,0,0,,,,64,32,0,0,0,3,0,3,6,3,24,0,3,0,0,0,0,0,0,24,0,10791,10791,9834,10791,1.0,96385.5421686747,96385.5421686747,0.0,0.0,10458,identical complete generated cohort; zero SLA; no carry-in or background; exact full schedule
bounded-sim-quality,3,48,3,3,3,0,0,0,simulated,simulated,,6,7ed67bb16e02da7f,2,,,,3,1,0.034542,0.033166,0.041667,9,9,,,0,3f5ab30e28b3efec,,2260992,0.000829,0.00071,0.007317999999997937,0,0,0,0,0,0,0,0,0,0,0,,,,64,32,0,0,0,3,0,3,6,3,24,0,3,0,0,0,0,0,1,24,0,13333,13333,13333,14834,1.0,86850.79034219211,86850.79034219211,0.0,0.0,10250,identical complete generated cohort; zero SLA; no carry-in or background; exact full schedule
sim-quality,3,49,3,3,3,0,0,0,simulated,simulated,,6,b9043d211833a7d1,2,,,,3,1,0.050959,0.050542,0.054709,208,208,,,0,bcf0dc4893a7c8a7,,2293760,0.000936,0.0007869999999999999,0.007397291000017958,0,11,8,8,0,0,0,27,8,0,0,,,,64,32,0,0,0,8,0,8,15,8,49,0,8,0,0,0,0,0,0,32,0,16209,16209,15042,16209,2.6666666666666665,156988.95190250987,58870.8569634412,0.0,0.0,20750,identical complete generated cohort; zero SLA; no carry-in or background; exact full schedule
bounded-sim-quality,3,49,3,3,3,0,0,0,simulated,simulated,,6,f6e2932438645af3,2,,,,3,1,0.0875,0.086166,0.088042,208,208,,,0,9451dda3992cf766,,2457600,0.0009809999999999999,0.000882,0.007538833000012346,0,0,0,0,0,0,0,0,0,0,0,,,,64,32,0,0,0,8,0,8,15,8,49,0,8,0,0,0,0,0,1,32,0,31083,31083,31541,31917,2.6666666666666665,91428.57142857143,34285.71428571428,0.0,0.0,20625,identical complete generated cohort; zero SLA; no carry-in or background; exact full schedule
sim-quality,3,50,3,3,3,0,0,0,simulated,simulated,,6,442be527cb962792,2,,,,3,1,0.053292,0.053,0.065417,109,14,,,678.5714285714286,0a56b2d35fd92505,,2293760,0.0009519999999999999,0.0007999999999999999,0.007387459000000263,0,13,8,8,0,0,0,29,8,0,0,,,,64,32,0,0,0,8,0,8,16,8,49,0,8,0,0,0,0,0,0,32,0,21166,21166,15541,21166,2.6666666666666665,150116.34016362682,56293.62756136006,0.0,0.0,24583,identical complete generated cohort; zero SLA; no carry-in or background; exact full schedule
bounded-sim-quality,3,50,3,3,3,0,0,0,simulated,simulated,,6,1a0942e41e9c82f8,2,,,,3,1,0.088917,0.084625,0.088958,14,14,,,0,11306774458b0510,,2490368,0.00094,0.0008169999999999999,0.007371792000014921,0,0,0,0,0,0,0,0,0,0,0,,,,64,32,0,0,0,8,0,8,16,8,49,0,8,0,0,0,0,0,2,32,0,27708,27708,27708,28458,2.6666666666666665,89971.54649841988,33739.32993690745,0.0,0.0,24792,identical complete generated cohort; zero SLA; no carry-in or background; exact full schedule
sim-quality,3,51,3,3,3,0,0,0,simulated,simulated,,6,99cf183eee114096,2,,,,3,1,0.050792,0.050167,0.05175,16,16,,,0,c3e305f7c9a869c0,,2310144,0.00091,0.0007729999999999999,0.007398207999983697,0,12,8,8,0,0,0,28,8,0,0,,,,64,32,0,0,0,8,0,8,13,8,49,0,8,0,0,0,0,0,0,32,0,19625,19625,19375,19625,2.6666666666666665,157505.1189163648,59064.4195936368,0.0,0.0,19000,identical complete generated cohort; zero SLA; no carry-in or background; exact full schedule
bounded-sim-quality,3,51,3,3,3,0,0,0,simulated,simulated,,6,1ef9a45998d92164,2,,,,3,1,0.095375,0.094292,0.098292,16,16,,,0,9d91908001ac88d1,,2473984,0.0009989999999999999,0.000824,0.007318166000004567,0,0,0,0,0,0,0,0,0,0,0,,,,64,32,0,0,0,8,0,8,13,8,49,0,8,0,0,0,0,0,2,32,0,43791,43791,40167,43791,2.6666666666666665,83879.4233289646,31454.78374836173,0.0,0.0,26959,identical complete generated cohort; zero SLA; no carry-in or background; exact full schedule
sim-quality,3,52,3,3,3,0,0,0,simulated,simulated,,6,babc2032d99573e0,2,,,,3,1,0.044042,0.042541,0.045,206,206,,,0,16a4280aee2be517,,2277376,0.000932,0.000821,0.007506833999997298,0,7,6,6,0,0,0,19,6,0,0,,,,64,32,0,0,0,6,0,6,11,6,39,0,6,0,0,0,0,0,0,32,0,15542,15542,15542,15875,2.0,136233.59520457746,68116.79760228873,0.0,0.0,16750,identical complete generated cohort; zero SLA; no carry-in or background; exact full schedule
bounded-sim-quality,3,52,3,3,3,0,0,0,simulated,simulated,,6,482451e66298c682,2,,,,3,1,0.075875,0.073875,0.082125,206,206,,,0,d3548dca7acff00a,,2457600,0.000972,0.000843,0.007437875000022132,0,0,0,0,0,0,0,0,0,0,0,,,,64,32,0,0,0,6,0,6,11,6,39,0,6,0,0,0,0,0,2,32,0,33000,33000,32292,33000,2.0,79077.42998352554,39538.71499176277,0.0,0.0,21041,identical complete generated cohort; zero SLA; no carry-in or background; exact full schedule
sim-quality,3,53,3,3,3,0,0,0,simulated,simulated,,6,c37472104677060a,2,,,,3,1,0.049542,0.047959,0.050167,113,113,,,0,181bfa3dd1b9519d,,2310144,0.0009429999999999999,0.000783,0.007315042000016092,0,11,8,8,0,0,0,27,8,0,0,,,,64,32,0,0,0,8,0,8,16,8,49,0,8,0,0,0,0,0,0,32,0,20709,20709,19292,20709,2.6666666666666665,161479.14900488473,60554.68087683178,0.0,0.0,40083,identical complete generated cohort; zero SLA; no carry-in or background; exact full schedule
bounded-sim-quality,3,53,3,3,3,0,0,0,simulated,simulated,,6,3f1bb56eccef0080,2,,,,3,1,0.095291,0.093625,0.097542,113,113,,,0,6da8551d530c2c18,,2473984,0.00099,0.0007639999999999999,0.007398166999990963,0,0,0,0,0,0,0,0,0,0,0,,,,64,32,0,0,0,8,0,8,16,8,49,0,8,0,0,0,0,0,2,32,0,45667,45667,45667,46833,2.6666666666666665,83953.36390635002,31482.511464881256,0.0,0.0,41375,identical complete generated cohort; zero SLA; no carry-in or background; exact full schedule
sim-quality,3,54,3,3,3,0,0,0,simulated,simulated,,6,ddfcb2906dff7b64,2,,,,3,1,0.04675,0.045333,0.047125,208,208,,,0,0a619d472951fc4f,,2244608,0.000979,0.000847,0.0074548339999864766,0,6,6,6,0,0,0,18,6,0,0,,,,64,32,0,0,0,6,0,6,12,6,39,0,6,0,0,0,0,0,0,32,0,16375,16375,16375,16708,2.0,128342.24598930482,64171.12299465241,0.0,0.0,16000,identical complete generated cohort; zero SLA; no carry-in or background; exact full schedule
bounded-sim-quality,3,54,3,3,3,0,0,0,simulated,simulated,,6,fb467351270cfcf6,2,,,,3,1,0.069,0.061583,0.077209,208,208,,,0,af7631a094632c01,,2375680,0.00101,0.000852,0.007794583000020339,0,0,0,0,0,0,0,0,0,0,0,,,,64,32,0,0,0,6,0,6,12,6,39,0,6,0,0,0,0,0,1,32,0,33875,33875,33875,43084,2.0,86956.52173913042,43478.26086956521,0.0,0.0,14458,identical complete generated cohort; zero SLA; no carry-in or background; exact full schedule
sim-quality,3,55,3,3,3,0,0,0,simulated,simulated,,6,5239a76409054724,2,,,,3,1,0.045833,0.044958,0.048792,204,204,,,0,5f617657b788ef37,,2260992,0.001006,0.000856,0.007357582999986789,0,8,6,6,0,0,0,20,6,0,0,,,,64,32,0,0,0,6,0,6,11,6,39,0,6,0,0,0,0,0,0,32,0,17000,17000,15916,17000,2.0,130910.04298213078,65455.02149106539,0.0,0.0,17208,identical complete generated cohort; zero SLA; no carry-in or background; exact full schedule
bounded-sim-quality,3,55,3,3,3,0,0,0,simulated,simulated,,6,cfedb51846a78a3e,2,,,,3,1,0.078542,0.076291,0.082916,204,204,,,0,b06ae30363022c0d,,2441216,0.0009639999999999999,0.0009889999999999999,0.007373666999995976,0,0,0,0,0,0,0,0,0,0,0,,,,64,32,0,0,0,6,0,6,11,6,39,0,6,0,0,0,0,0,1,32,0,30875,30875,30875,31833,2.0,76392.24873316188,38196.12436658094,0.0,0.0,17583,identical complete generated cohort; zero SLA; no carry-in or background; exact full schedule
sim-quality,3,56,3,3,3,0,0,0,simulated,simulated,,6,7d32882f553944cc,2,,,,3,1,0.039417,0.039208,0.041458,203,203,,,0,f0b385ab05369cb9,,2260992,0.000932,0.000801,0.007403834000001552,0,6,5,5,0,0,0,16,5,0,0,,,,64,32,0,0,0,5,0,5,11,5,34,0,5,0,0,0,0,0,0,32,0,11917,11917,11416,11917,1.6666666666666667,126848.82157444757,76109.29294466854,0.0,0.0,14209,identical complete generated cohort; zero SLA; no carry-in or background; exact full schedule
bounded-sim-quality,3,56,3,3,3,0,0,0,simulated,simulated,,6,cd732470c6a584a6,2,,,,3,1,0.054916,0.052209,0.057667,203,203,,,0,575aa5335758e764,,2342912,0.0009289999999999999,0.00083,0.007535667000013291,0,0,0,0,0,0,0,0,0,0,0,,,,64,32,0,0,0,5,0,5,11,5,34,0,5,0,0,0,0,0,1,32,0,19250,19250,19208,19250,1.6666666666666667,91048.14625974215,54628.88775584529,0.0,0.0,13583,identical complete generated cohort; zero SLA; no carry-in or background; exact full schedule
sim-quality,3,57,3,3,3,0,0,0,simulated,simulated,,6,f1b4099872552958,2,,,,3,1,0.049458,0.048666,0.049875,310,310,,,0,41c68d0dd4fe129b,,2293760,0.000945,0.000797,0.00735104099999262,0,5,7,7,0,0,0,19,7,0,0,,,,64,32,0,0,0,7,0,7,16,7,44,0,7,0,0,0,0,0,0,32,0,20708,20708,19583,20708,2.3333333333333335,141534.2310647418,60657.52759917506,0.0,0.0,19916,identical complete generated cohort; zero SLA; no carry-in or background; exact full schedule
bounded-sim-quality,3,57,3,3,3,0,0,0,simulated,simulated,,6,058be557b466b9da,2,,,,3,1,0.093458,0.082792,0.095542,310,310,,,0,a559511a84819270,,2441216,0.001046,0.001155,0.0077538749999916945,0,0,0,0,0,0,0,0,0,0,0,,,,64,32,0,0,0,7,0,7,16,7,44,0,7,0,0,0,0,0,1,32,0,51333,51333,49958,51333,2.3333333333333335,74899.95506002697,32099.980740011557,0.0,0.0,19750,identical complete generated cohort; zero SLA; no carry-in or background; exact full schedule
sim-quality,3,58,3,3,3,0,0,0,simulated,simulated,,6,8b1be3ed9f38a5e2,2,,,,3,1,0.035125,0.034541,0.036292,8,8,,,0,1960f246a113f80b,,2228224,0.000891,0.000839,0.0075074160000099255,0,6,4,4,0,0,0,14,4,0,0,,,,64,32,0,0,0,4,0,4,8,4,29,0,4,0,0,0,0,0,0,29,0,11000,11000,11167,11458,1.3333333333333333,113879.00355871883,85409.25266903912,0.0,0.0,13250,identical complete generated cohort; zero SLA; no carry-in or background; exact full schedule
bounded-sim-quality,3,58,3,3,3,0,0,0,simulated,simulated,,6,4947331890f5bff8,2,,,,3,1,0.047125,0.044792,0.0525,8,8,,,0,437b2fe3956938e4,,2260992,0.001013,0.000971,0.007655625000012378,0,0,0,0,0,0,0,0,0,0,0,,,,64,32,0,0,0,4,0,4,8,4,29,0,4,0,0,0,0,0,1,29,0,19791,19791,19791,21667,1.3333333333333333,84880.63660477454,63660.477453580905,0.0,0.0,13000,identical complete generated cohort; zero SLA; no carry-in or background; exact full schedule
sim-quality,3,59,3,3,3,0,0,0,simulated,simulated,,6,e4eb7977badf40e0,2,,,,3,1,0.049,0.046166,0.049958,10,10,,,0,b9a3e195ec7d4110,,2326528,0.000906,0.000768,0.007408374999982925,0,15,8,8,0,0,0,31,8,0,0,,,,64,32,0,0,0,8,0,8,15,8,49,0,8,0,0,0,0,0,0,32,0,20666,20666,19750,20666,2.6666666666666665,163265.30612244896,61224.48979591836,0.0,0.0,20917,identical complete generated cohort; zero SLA; no carry-in or background; exact full schedule
bounded-sim-quality,3,59,3,3,3,0,0,0,simulated,simulated,,6,cbd87a70df460602,2,,,,3,1,0.075834,0.074708,0.082084,10,10,,,0,0f3555ce3ecdd9c9,,2441216,0.00099,0.00075,0.0073776670000142985,0,0,0,0,0,0,0,0,0,0,0,,,,64,32,0,0,0,8,0,8,15,8,49,0,8,0,0,0,0,0,1,32,0,27458,27458,29500,32917,2.6666666666666665,105493.57807843448,39560.091779412935,0.0,0.0,20541,identical complete generated cohort; zero SLA; no carry-in or background; exact full schedule
sim-quality,3,60,3,3,3,0,0,0,simulated,simulated,,6,9c664e45fb2f5b53,2,,,,3,1,0.053,0.049916,0.055958,309,309,,,0,882a5e67be0095b0,,2310144,0.0008939999999999999,0.00075,0.007249333000004299,0,8,8,8,0,0,0,24,8,0,0,,,,64,32,0,0,0,8,0,8,15,8,49,0,8,0,0,0,0,0,0,32,0,19541,19541,19125,19541,2.6666666666666665,150943.3962264151,56603.77358490566,0.0,0.0,18917,identical complete generated cohort; zero SLA; no carry-in or background; exact full schedule
bounded-sim-quality,3,60,3,3,3,0,0,0,simulated,simulated,,6,1ca9bd0411b47911,2,,,,3,1,0.099125,0.098708,0.103875,309,309,,,0,037e530405ff98ff,,2490368,0.001042,0.0009509999999999999,0.007392083000013372,0,0,0,0,0,0,0,0,0,0,0,,,,64,32,0,0,0,8,0,8,15,8,49,0,8,0,0,0,0,0,1,32,0,45625,45625,41500,45625,2.6666666666666665,80706.1790668348,30264.81715006305,0.0,0.0,21917,identical complete generated cohort; zero SLA; no carry-in or background; exact full schedule
sim-quality,3,61,3,3,3,0,0,0,simulated,simulated,,6,88f6872b6dce4e3b,2,,,,3,1,0.043625,0.043416,0.04675,107,107,,,0,cac84d43bd99e72b,,2277376,0.001,0.000833,0.00741058399998451,0,9,6,6,0,0,0,21,6,0,0,,,,64,32,0,0,0,6,0,6,12,6,39,0,6,0,0,0,0,0,0,32,0,11834,11834,11834,12542,2.0,137535.8166189112,68767.9083094556,0.0,0.0,19083,identical complete generated cohort; zero SLA; no carry-in or background; exact full schedule
bounded-sim-quality,3,61,3,3,3,0,0,0,simulated,simulated,,6,e06fe424d1da2829,2,,,,3,1,0.075667,0.074292,0.093875,107,107,,,0,44de4a332f77c4b1,,2424832,0.00099,0.0008449999999999999,0.007369709000016655,0,0,0,0,0,0,0,0,0,0,0,,,,64,32,0,0,0,6,0,6,12,6,39,0,6,0,0,0,0,0,1,32,0,38209,38209,30792,38209,2.0,79294.80486870103,39647.402434350515,0.0,0.0,28042,identical complete generated cohort; zero SLA; no carry-in or background; exact full schedule
sim-quality,3,62,3,3,3,0,0,0,simulated,simulated,,6,1d9a644becf9462f,2,,,,3,1,0.043709,0.042042,0.04925,105,105,,,0,8459baba714bacf7,,2293760,0.000923,0.0008259999999999999,0.007349207999993723,0,9,6,6,0,0,0,21,6,0,0,,,,64,32,0,0,0,6,0,6,12,6,39,0,6,0,0,0,0,0,0,32,0,24458,24458,19708,24458,2.0,137271.5001487108,68635.7500743554,0.0,0.0,19209,identical complete generated cohort; zero SLA; no carry-in or background; exact full schedule
bounded-sim-quality,3,62,3,3,3,0,0,0,simulated,simulated,,6,595786a2ed297dbd,2,,,,3,1,0.068084,0.065,0.068541,105,105,,,0,d3b7370507a9db10,,2359296,0.000926,0.000811,0.007428709000009803,0,0,0,0,0,0,0,0,0,0,0,,,,64,32,0,0,0,6,0,6,12,6,39,0,6,0,0,0,0,0,1,32,0,43000,43000,42000,43000,2.0,88126.43205452088,44063.21602726044,0.0,0.0,18292,identical complete generated cohort; zero SLA; no carry-in or background; exact full schedule
sim-quality,3,63,3,3,3,0,0,0,simulated,simulated,,6,d73cb0d7dcbc42c3,2,,,,3,1,0.051709,0.044583,0.068417,113,113,,,0,42dd41ebb6f88287,,2293760,0.0009109999999999999,0.0008629999999999999,0.0074143330000140395,0,11,8,8,0,0,0,27,8,0,0,,,,64,32,0,0,0,8,0,8,14,8,49,0,8,0,0,0,0,0,0,32,0,36083,36083,20833,36083,2.6666666666666665,154711.94569610708,58016.97963604015,0.0,0.0,37042,identical complete generated cohort; zero SLA; no carry-in or background; exact full schedule
bounded-sim-quality,3,63,3,3,3,0,0,0,simulated,simulated,,6,1b835d3359fbb6e1,2,,,,3,1,0.087958,0.078334,0.089042,113,113,,,0,0aab9d95174e927e,,2457600,0.0009199999999999999,0.000785,0.007354832999993732,0,0,0,0,0,0,0,0,0,0,0,,,,64,32,0,0,0,8,0,8,14,8,49,0,8,0,0,0,0,0,1,32,0,30833,30833,29167,30833,2.6666666666666665,90952.50005684531,34107.18752131699,0.0,0.0,22875,identical complete generated cohort; zero SLA; no carry-in or background; exact full schedule
