family,scale,seed,ticks,repeats,finished,timeouts,rss_limits,errors,status,counter_status,departure_slots,directed_rail_choices,input_digest,institutions,payments,principal_cents,provenance,rails,schema,solve_ms_median,solve_ms_min,solve_ms_max,fee_cents,known_optimum_fee,objective_hops,objective_minutes,result_digest,instructions_per_wall_second,peak_rss_bytes_max,cpu_user_seconds_max,cpu_system_seconds_max,process_seconds_max,assignment_states,bound_prunes,candidate_hops,candidates,capacity_rejects,complete_assignments,deadline_prunes,path_states,solver_calls,routing_truncated,routing_unresolved,reference_elapsed_upper_bound,reference_feasible,reference_fee_cents,active_limit,history_limit,active_end,active_peak,active_sum,completed,completed_elapsed_minutes,completed_on_time,completed_volume_cents,departed_hops,events,expired,generated,oldest_queued_age_peak,queue_p95,queue_peak,queue_sum,rejected,reservation_entries_end,retained_events,sla_failures,tick_ns_max,tick_ns_p95,completed_per_sim_minute,generated_per_wall_second,ticks_per_wall_second,queue_mean,sla_failure_fraction,optimality_gap_percent,oracle_ns,oracle_scope
schedule-ties,16,42,1000,3,3,0,0,0,optimal,optimal,2,4,061d6ca01ecdb633,2,16,16,constructed fixture v1,2,1,2.373959,2.32075,2.624541,16,16,16,0,690049661eed5431,6739.796264383673,2195456,0.0035129999999999996,0.0016339999999999998,0.2527654159999999,131071,0,32,32,0,65536,0,48,1,,,,,,,,,,,,,,,,,,,,,,,,,,,,,,,,,,,,
bounded-schedule-ties,16,42,1000,3,3,0,0,0,feasible,feasible,2,4,061d6ca01ecdb633,2,16,16,constructed fixture v1,2,1,0.046208,0.042125,0.060666,16,16,16,0,690049661eed5431,346260.38781163434,2228224,0.000851,0.0009109999999999999,0.0075006250000000385,0,0,0,0,0,0,0,0,0,0,0,,,,,,,,,,,,,,,,,,,,,,,,,,,,,,,,,,
schedule-latency-ties,16,42,1000,3,3,0,0,0,optimal,optimal,2,4,67f5760d930e0338,2,16,16,constructed fixture v1,2,1,0.037167,0.034541,0.037417,16,16,16,0,690049661eed5431,430489.41265100765,2195456,0.000834,0.0008529999999999999,0.0076948329999999565,33,16,32,32,0,1,0,48,1,,,,,,,,,,,,,,,,,,,,,,,,,,,,,,,,,,,,
bounded-schedule-latency-ties,16,42,1000,3,3,0,0,0,feasible,feasible,2,4,67f5760d930e0338,2,16,16,constructed fixture v1,2,1,0.046792,0.046292,0.049417,16,16,16,0,690049661eed5431,341938.79295606085,2244608,0.0009809999999999999,0.0009809999999999999,0.007743249999999868,0,0,0,0,0,0,0,0,0,0,0,,,,,,,,,,,,,,,,,,,,,,,,,,,,,,,,,,
schedule-contention,8,42,1000,3,3,0,0,0,optimal,optimal,8,2,4c72264757d84082,2,8,8,constructed fixture v1,1,1,3.666417,3.523417,3.83775,8,8,8,28,609132083b07f365,2181.9667539180623,2129920,0.004671,0.001139,0.0076461669999998705,109601,0,64,64,444648,40320,0,72,1,,,,,,,,,,,,,,,,,,,,,,,,,,,,,,,,,,,,
bounded-schedule-contention,8,42,1000,3,3,0,0,0,feasible,feasible,8,2,4c72264757d84082,2,8,8,constructed fixture v1,1,1,0.045291,0.042209,0.045958,8,8,8,28,609132083b07f365,176635.53465368398,2179072,0.000922,0.0012569999999999999,0.007781666000000076,0,0,0,0,0,0,0,0,0,0,0,,,,,,,,,,,,,,,,,,,,,,,,,,,,,,,,,,
schedule-reverse-deadline,12,42,1000,3,3,0,0,0,optimal,optimal,12,2,acdceeecf700360b,2,12,12,constructed fixture v1,1,1,27.522542,27.068042,29.161042,12,12,12,66,c5e5f7c4ae100ac7,436.0062380865837,2195456,0.029501999999999997,0.0016719999999999999,0.03279941700000011,1151915,0,78,78,3714956,1,66,156,1,,,,,,,,,,,,,,,,,,,,,,,,,,,,,,,,,,,,
bounded-schedule-reverse-deadline,12,42,1000,3,3,0,0,0,feasible,feasible,12,2,acdceeecf700360b,2,12,12,constructed fixture v1,1,1,0.038709,0.034875,0.039,12,12,12,66,c5e5f7c4ae100ac7,310005.4250949392,2228224,0.000852,0.000931,0.00779595899999963,0,0,0,0,0,0,0,0,0,0,6,,,,,,,,,,,,,,,,,,,,,,,,,,,,,,,,,,
schedule-trap,2,42,1000,3,3,0,0,0,optimal,optimal,3,6,154d4918a429c962,2,2,2,constructed fixture v1,3,1,0.016875,0.016666,0.016959,4,4,2,2,f62a1102d56f2a83,118518.51851851851,2048000,0.000888,0.001099,0.007760792000000016,7,2,5,5,1,2,1,8,1,,,,,,,,,,,,,,,,,,,,,,,,,,,,,,,,,,,,
bounded-schedule-trap,2,42,1000,3,3,0,0,0,feasible,feasible,3,6,154d4918a429c962,2,2,2,constructed fixture v1,3,1,0.03025,0.029125,0.030292,4,4,2,2,f62a1102d56f2a83,66115.70247933884,2097152,0.000865,0.001098,0.007869458000000051,0,0,0,0,0,0,0,0,0,0,0,,,,,,,,,,,,,,,,,,,,,,,,,,,,,,,,,,
schedule-trap-blocked,2,42,1000,3,3,0,0,0,optimal,optimal,2,4,c52b6e8232b89c5b,2,2,2,constructed fixture v1,2,1,0.017125,0.016542,0.021333,4,4,2,2,0118bab4129c75d4,116788.32116788319,2048000,0.000962,0.001285,0.008145625000000045,4,0,3,3,1,1,1,6,1,,,,,,,,,,,,,,,,,,,,,,,,,,,,,,,,,,,,
bounded-schedule-trap-blocked,2,42,1000,3,3,0,0,0,feasible,feasible,2,4,c52b6e8232b89c5b,2,2,2,constructed fixture v1,2,1,0.031084,0.030167,0.034416,4,4,2,2,0118bab4129c75d4,64341.783554240115,2113536,0.0009609999999999999,0.001059,0.007672874999999912,0,0,0,0,0,0,0,0,0,0,2,,,,,,,,,,,,,,,,,,,,,,,,,,,,,,,,,,
schedule-nonfifo,2,42,1000,3,3,0,0,0,optimal,optimal,3,4,f9c8d9754b060f91,3,1,1,constructed fixture v1,2,1,0.015667,0.015125,0.015833,4,4,2,4,e8e5d566f9caa9d9,63828.42918235782,2048000,0.000939,0.001014,0.0076468329999999085,2,0,2,1,0,1,1,4,1,,,,,,,,,,,,,,,,,,,,,,,,,,,,,,,,,,,,
bounded-schedule-nonfifo,2,42,1000,3,3,0,0,0,feasible,feasible,3,4,f9c8d9754b060f91,3,1,1,constructed fixture v1,2,1,0.022917,0.0225,0.023,4,4,2,4,e8e5d566f9caa9d9,43635.72893485185,2080768,0.000926,0.001112,0.0076957090000000505,0,0,0,0,0,0,0,0,0,0,0,,,,,,,,,,,,,,,,,,,,,,,,,,,,,,,,,,
schedule-knapsack,8,42,1000,3,3,0,0,0,optimal,optimal,2,4,7ff022e29c2d7233,2,8,14,constructed fixture v1,2,1,0.030625,0.03025,0.031,12,12,8,0,af03296dfc4d45a6,261224.48979591837,2113536,0.000982,0.0011899999999999999,0.007746667000000151,24,7,16,16,7,2,0,24,1,,,,,,,,,,,,,,,,,,,,,,,,,,,,,,,,,,,,
bounded-schedule-knapsack,8,42,1000,3,3,0,0,0,feasible,feasible,2,4,7ff022e29c2d7233,2,8,14,constructed fixture v1,2,1,0.097292,0.092083,0.102417,12,12,8,0,af03296dfc4d45a6,82226.69900916827,2293760,0.0009989999999999999,0.00117,0.007778457999999766,0,0,0,0,0,0,0,0,0,0,0,,,,,,,,,,,,,,,,,,,,,,,,,,,,,,,,,,
schedule-multihop-slots,16,42,1000,3,3,0,0,0,optimal,optimal,48,6,193846b9e16e96f0,4,1,1,constructed fixture v1,3,1,0.581166,0.579,0.587167,3,3,3,0,883b672fe09aa5d9,1720.6787733625163,3440640,0.001455,0.0013089999999999998,0.007909792000000415,817,815,2448,816,0,1,0,969,1,,,,,,,,,,,,,,,,,,,,,,,,,,,,,,,,,,,,
bounded-schedule-multihop-slots,16,42,1000,3,3,0,0,0,feasible,feasible,48,6,193846b9e16e96f0,4,1,1,constructed fixture v1,3,1,0.050208,0.048208,0.05025,3,3,3,0,883b672fe09aa5d9,19917.14467813894,2277376,0.0009689999999999999,0.001255,0.007755208000000735,0,0,0,0,0,0,0,0,0,0,0,,,,,,,,,,,,,,,,,,,,,,,,,,,,,,,,,,
schedule-dense,8,42,1000,3,3,0,0,0,optimal,optimal,1,56,d8764a1366f022bc,8,1,1,constructed fixture v1,1,1,0.015833,0.015625,0.015834,1,1,1,1,4c7dc0077516b93e,63159.224404724315,2031616,0.0009649999999999999,0.00121,0.007811833999999962,2,0,1,1,0,1,0,8,1,,,,,,,,,,,,,,,,,,,,,,,,,,,,,,,,,,,,
bounded-schedule-dense,8,42,1000,3,3,0,0,0,feasible,feasible,1,56,d8764a1366f022bc,8,1,1,constructed fixture v1,1,1,0.027333,0.026375,0.03375,1,1,1,1,4c7dc0077516b93e,36585.81202209783,2113536,0.000975,0.001162,0.0075821669999998065,0,0,0,0,0,0,0,0,0,0,0,,,,,,,,,,,,,,,,,,,,,,,,,,,,,,,,,,
schedule-demo,12,42,1000,3,3,0,0,0,optimal,optimal,4,60,a20d43575d3fd4ca,6,12,22500150,constructed fixture v1,4,1,0.422333,0.421375,0.424875,60,60,12,17280,0e7740599d3d2725,28413.59780078753,2637824,0.001389,0.001117,0.007542874999999505,504,491,1549,503,0,1,0,1446,1,,,,,,,,,,,,,,,,,,,,,,,,,,,,,,,,,,,,
bounded-schedule-demo,12,42,1000,3,3,0,0,0,feasible,feasible,4,60,a20d43575d3fd4ca,6,12,22500150,constructed fixture v1,4,1,0.128083,0.116167,0.132583,60,60,12,17280,0e7740599d3d2725,93689.2483780049,2375680,0.0010969999999999999,0.0010609999999999999,0.007609084000000266,0,0,0,0,0,0,0,0,0,0,0,,,,,,,,,,,,,,,,,,,,,,,,,,,,,,,,,,
schedule-random,3,0,1000,3,3,0,0,0,optimal,optimal,15,12,2fca86b913e3d51a,4,3,5,constructed fixture v1,6,1,0.034292,0.033375,0.039083,11,,3,4,b577225f190604b8,87483.96127376647,2113536,0.0009699999999999999,0.001073,0.007564832999999993,8,4,17,10,3,1,5,27,1,,,,,,,,,,,,,,,,,,,,,,,,,,,,,,,,,,,,
bounded-schedule-random,3,0,1000,3,3,0,0,0,feasible,feasible,15,12,2fca86b913e3d51a,4,3,5,constructed fixture v1,6,1,0.081209,0.079125,0.087,11,,3,4,b577225f190604b8,36941.71828245638,2260992,0.000926,0.0009729999999999999,0.007628290999999621,0,0,0,0,0,0,0,0,0,0,0,,,,,,,,,,,,,,,,,,,,,,,,,,,,,,,,,,
schedule-random,3,1,1000,3,3,0,0,0,infeasible,infeasible,13,12,4b640036a0eac15d,4,3,4,constructed fixture v1,6,1,0.026417,0.025875,0.027542,,,,,669b18c6d2d9c95b,113563.23579513193,2097152,0.000864,0.0009,0.007548791999999693,2,0,15,8,1,0,9,31,1,,,,,,,,,,,,,,,,,,,,,,,,,,,,,,,,,,,,
bounded-schedule-random,3,1,1000,3,3,0,0,0,unresolved,unresolved,13,12,4b640036a0eac15d,4,3,4,constructed fixture v1,6,1,0.083084,0.076209,0.084666,,,,,669b18c6d2d9c95b,36108.03524144239,2277376,0.000926,0.000905,0.007528250000000014,0,0,0,0,0,0,0,0,0,0,7,,,,,,,,,,,,,,,,,,,,,,,,,,,,,,,,,,
schedule-random,3,2,1000,3,3,0,0,0,optimal,optimal,13,12,8abc424306d55f3a,4,3,4,constructed fixture v1,6,1,0.0305,0.028917,0.03075,29,,6,4,42446409bc6fb4b9,98360.65573770492,2113536,0.000918,0.001027,0.007731792000000404,8,4,15,7,0,1,9,27,1,,,,,,,,,,,,,,,,,,,,,,,,,,,,,,,,,,,,
bounded-schedule-random,3,2,1000,3,3,0,0,0,feasible,feasible,13,12,8abc424306d55f3a,4,3,4,constructed fixture v1,6,1,0.083625,0.079208,0.085791,29,,6,4,42446409bc6fb4b9,35874.439461883405,2277376,0.000944,0.0009289999999999999,0.007556624999999428,0,0,0,0,0,0,0,0,0,0,0,,,,,,,,,,,,,,,,,,,,,,,,,,,,,,,,,,
schedule-random,3,3,1000,3,3,0,0,0,infeasible,infeasible,12,12,b157402771337d45,4,3,4,constructed fixture v1,6,1,0.020917,0.02,0.021416,,,,,669b18c6d2d9c95b,143424.00917913657,2048000,0.000877,0.0009559999999999999,0.00782483299999992,9,0,8,7,12,0,3,18,1,,,,,,,,,,,,,,,,,,,,,,,,,,,,,,,,,,,,
bounded-schedule-random,3,3,1000,3,3,0,0,0,unresolved,unresolved,12,12,b157402771337d45,4,3,4,constructed fixture v1,6,1,0.05725,0.056917,0.059208,,,,,669b18c6d2d9c95b,52401.74672489083,2179072,0.0009199999999999999,0.0010789999999999999,0.00780987500000041,0,0,0,0,0,0,0,0,0,0,6,,,,,,,,,,,,,,,,,,,,,,,,,,,,,,,,,,
schedule-random,3,4,1000,3,3,0,0,0,infeasible,infeasible,13,12,1802102ad5eda64e,4,3,3,constructed fixture v1,6,1,0.024125,0.023667,0.027458,,,,,669b18c6d2d9c95b,124352.33160621762,2080768,0.000993,0.001377,0.007818333000000344,0,0,9,5,0,0,10,23,1,,,,,,,,,,,,,,,,,,,,,,,,,,,,,,,,,,,,
bounded-schedule-random,3,4,1000,3,3,0,0,0,unresolved,unresolved,13,12,1802102ad5eda64e,4,3,3,constructed fixture v1,6,1,0.095792,0.09525,0.097417,,,,,669b18c6d2d9c95b,31317.855353265408,2293760,0.0010119999999999999,0.001022,0.007597583999999991,0,0,0,0,0,0,0,0,0,0,7,,,,,,,,,,,,,,,,,,,,,,,,,,,,,,,,,,
schedule-random,3,5,1000,3,3,0,0,0,optimal,optimal,15,12,b5a249d77499a746,4,3,6,constructed fixture v1,6,1,0.023459,0.023167,0.024292,8,,4,5,06a603eaee6dd1d1,127882.68894667292,2080768,0.0009599999999999999,0.001076,0.00764745900000019,5,1,6,4,0,1,4,14,1,,,,,,,,,,,,,,,,,,,,,,,,,,,,,,,,,,,,
bounded-schedule-random,3,5,1000,3,3,0,0,0,feasible,feasible,15,12,b5a249d77499a746,4,3,6,constructed fixture v1,6,1,0.067875,0.067,0.067917,8,,4,5,06a603eaee6dd1d1,44198.895027624305,2228224,0.001001,0.001019,0.007621665999999472,0,0,0,0,0,0,0,0,0,0,0,,,,,,,,,,,,,,,,,,,,,,,,,,,,,,,,,,
schedule-random,3,6,1000,3,3,0,0,0,infeasible,infeasible,12,12,cdc19b7e8c346196,4,3,6,constructed fixture v1,6,1,0.016167,0.015791,0.01775,,,,,669b18c6d2d9c95b,185563.18426424198,2048000,0.000954,0.000988,0.007781125000000166,0,0,0,0,0,0,1,4,1,,,,,,,,,,,,,,,,,,,,,,,,,,,,,,,,,,,,
bounded-schedule-random,3,6,1000,3,3,0,0,0,unresolved,unresolved,12,12,cdc19b7e8c346196,4,3,6,constructed fixture v1,6,1,0.053708,0.052708,0.055042,,,,,669b18c6d2d9c95b,55857.60035748864,2179072,0.000957,0.001001,0.007628665999999562,0,0,0,0,0,0,0,0,0,0,18,,,,,,,,,,,,,,,,,,,,,,,,,,,,,,,,,,
schedule-random,3,7,1000,3,3,0,0,0,optimal,optimal,15,12,75e9ff76da26db05,4,3,3,constructed fixture v1,6,1,0.040459,0.039792,0.042875,7,,3,3,1acb948bfe4934c9,74149.13863417286,2113536,0.0010199999999999999,0.001075,0.007677000000000156,22,16,36,19,1,2,22,59,1,,,,,,,,,,,,,,,,,,,,,,,,,,,,,,,,,,,,
bounded-schedule-random,3,7,1000,3,3,0,0,0,feasible,feasible,15,12,75e9ff76da26db05,4,3,3,constructed fixture v1,6,1,0.078375,0.077667,0.083167,7,,3,3,1acb948bfe4934c9,38277.51196172249,2260992,0.001063,0.001018,0.007575833999999837,0,0,0,0,0,0,0,0,0,0,0,,,,,,,,,,,,,,,,,,,,,,,,,,,,,,,,,,
schedule-random,3,8,1000,3,3,0,0,0,infeasible,infeasible,15,12,fbfb65d8356a9c05,4,3,5,constructed fixture v1,6,1,0.018209,0.017167,0.022542,,,,,669b18c6d2d9c95b,164753.69322862322,2048000,0.0009559999999999999,0.001032,0.007755792000000206,0,0,0,0,0,0,0,3,1,,,,,,,,,,,,,,,,,,,,,,,,,,,,,,,,,,,,
bounded-schedule-random,3,8,1000,3,3,0,0,0,unresolved,unresolved,15,12,fbfb65d8356a9c05,4,3,5,constructed fixture v1,6,1,0.092625,0.091541,0.096083,,,,,669b18c6d2d9c95b,32388.663967611334,2277376,0.001014,0.001078,0.007719833000000342,0,0,0,0,0,0,0,0,0,0,16,,,,,,,,,,,,,,,,,,,,,,,,,,,,,,,,,,
schedule-random,3,9,1000,3,3,0,0,0,infeasible,infeasible,14,12,2598a722f030bfbe,4,3,6,constructed fixture v1,6,1,0.014208,0.014125,0.015042,,,,,669b18c6d2d9c95b,211148.64864864864,2048000,0.0009109999999999999,0.000971,0.007565125000000172,0,0,0,0,0,0,0,1,1,,,,,,,,,,,,,,,,,,,,,,,,,,,,,,,,,,,,
bounded-schedule-random,3,9,1000,3,3,0,0,0,unresolved,unresolved,14,12,2598a722f030bfbe,4,3,6,constructed fixture v1,6,1,0.047833,0.046709,0.048167,,,,,669b18c6d2d9c95b,62718.20709551983,2129920,0.0009729999999999999,0.0011229999999999999,0.007732458999999636,0,0,0,0,0,0,0,0,0,0,6,,,,,,,,,,,,,,,,,,,,,,,,,,,,,,,,,,
schedule-random,3,10,1000,3,3,0,0,0,infeasible,infeasible,11,12,68f93512d1e3ee6c,4,3,4,constructed fixture v1,6,1,0.017041,0.016916,0.017958,,,,,669b18c6d2d9c95b,176046.00668974823,2048000,0.000919,0.001014,0.0076146670000003525,0,0,1,1,0,0,0,9,1,,,,,,,,,,,,,,,,,,,,,,,,,,,,,,,,,,,,
bounded-schedule-random,3,10,1000,3,3,0,0,0,unresolved,unresolved,11,12,68f93512d1e3ee6c,4,3,4,constructed fixture v1,6,1,0.074916,0.0705,0.077417,,,,,669b18c6d2d9c95b,40044.850232260134,2260992,0.000985,0.001013,0.007639541999999722,0,0,0,0,0,0,0,0,0,0,14,,,,,,,,,,,,,,,,,,,,,,,,,,,,,,,,,,
schedule-random,3,11,1000,3,3,0,0,0,infeasible,infeasible,14,12,04462ecaac894065,4,3,6,constructed fixture v1,6,1,0.015167,0.014958,0.0155,,,,,669b18c6d2d9c95b,197797.85059669017,2064384,0.000972,0.001134,0.0075848750000000464,0,0,0,0,0,0,0,1,1,,,,,,,,,,,,,,,,,,,,,,,,,,,,,,,,,,,,
bounded-schedule-random,3,11,1000,3,3,0,0,0,unresolved,unresolved,14,12,04462ecaac894065,4,3,6,constructed fixture v1,6,1,0.0455,0.044209,0.048125,,,,,669b18c6d2d9c95b,65934.06593406593,2146304,0.000948,0.001042,0.007597582999999908,0,0,0,0,0,0,0,0,0,0,21,,,,,,,,,,,,,,,,,,,,,,,,,,,,,,,,,,
schedule-random,3,12,1000,3,3,0,0,0,infeasible,infeasible,15,12,c344785ba125e56b,4,3,4,constructed fixture v1,6,1,0.026916,0.02475,0.029,,,,,669b18c6d2d9c95b,111457.86892554615,2080768,0.000971,0.001009,0.0075570839999992145,0,0,10,6,0,0,10,28,1,,,,,,,,,,,,,,,,,,,,,,,,,,,,,,,,,,,,
bounded-schedule-random,3,12,1000,3,3,0,0,0,unresolved,unresolved,15,12,c344785ba125e56b,4,3,4,constructed fixture v1,6,1,0.07275,0.071833,0.074,,,,,669b18c6d2d9c95b,41237.11340206186,2211840,0.001019,0.001022,0.007665375000000196,0,0,0,0,0,0,0,0,0,0,6,,,,,,,,,,,,,,,,,,,,,,,,,,,,,,,,,,
schedule-random,3,13,1000,3,3,0,0,0,optimal,optimal,17,12,7910b0f157be9b7e,4,3,4,constructed fixture v1,6,1,0.038042,0.037875,0.038375,3,,3,4,d7c74a10a989f30c,78860.20713947742,2146304,0.00101,0.0010739999999999999,0.00768183300000036,16,12,25,15,0,1,21,49,1,,,,,,,,,,,,,,,,,,,,,,,,,,,,,,,,,,,,
bounded-schedule-random,3,13,1000,3,3,0,0,0,feasible,feasible,17,12,7910b0f157be9b7e,4,3,4,constructed fixture v1,6,1,0.060291,0.057916,0.067292,3,,3,4,d7c74a10a989f30c,49758.670448325625,2195456,0.0010429999999999999,0.001064,0.0075710830000002005,0,0,0,0,0,0,0,0,0,0,0,,,,,,,,,,,,,,,,,,,,,,,,,,,,,,,,,,
schedule-random,3,14,1000,3,3,0,0,0,infeasible,infeasible,16,12,74988fbb9df029de,4,3,5,constructed fixture v1,6,1,0.018125,0.018,0.022833,,,,,669b18c6d2d9c95b,165517.24137931035,2048000,0.001077,0.0014659999999999999,0.007882874999999956,0,0,0,0,0,0,3,4,1,,,,,,,,,,,,,,,,,,,,,,,,,,,,,,,,,,,,
bounded-schedule-random,3,14,1000,3,3,0,0,0,unresolved,unresolved,16,12,74988fbb9df029de,4,3,5,constructed fixture v1,6,1,0.061792,0.060208,0.06425,,,,,669b18c6d2d9c95b,48549.97410668048,2179072,0.001063,0.001101,0.007790250000000221,0,0,0,0,0,0,0,0,0,0,10,,,,,,,,,,,,,,,,,,,,,,,,,,,,,,,,,,
schedule-random,3,15,1000,3,3,0,0,0,infeasible,infeasible,13,12,a5d02ac9dfd51604,4,3,6,constructed fixture v1,6,1,0.015375,0.015125,0.015666,,,,,669b18c6d2d9c95b,195121.95121951218,2048000,0.000982,0.001037,0.007653708000000314,0,0,0,0,0,0,0,1,1,,,,,,,,,,,,,,,,,,,,,,,,,,,,,,,,,,,,
bounded-schedule-random,3,15,1000,3,3,0,0,0,unresolved,unresolved,13,12,a5d02ac9dfd51604,4,3,6,constructed fixture v1,6,1,0.048458,0.043084,0.058458,,,,,669b18c6d2d9c95b,61909.28226505427,2146304,0.00098,0.001049,0.007676499999999642,0,0,0,0,0,0,0,0,0,0,6,,,,,,,,,,,,,,,,,,,,,,,,,,,,,,,,,,
schedule-random,3,16,1000,3,3,0,0,0,infeasible,infeasible,12,12,d41a685886bbe125,4,3,5,constructed fixture v1,6,1,0.016417,0.01525,0.016667,,,,,669b18c6d2d9c95b,182737.40634707923,2048000,0.000966,0.001034,0.007733749999999873,0,0,0,0,0,0,0,1,1,,,,,,,,,,,,,,,,,,,,,,,,,,,,,,,,,,,,
bounded-schedule-random,3,16,1000,3,3,0,0,0,unresolved,unresolved,12,12,d41a685886bbe125,4,3,5,constructed fixture v1,6,1,0.057708,0.053875,0.061667,,,,,669b18c6d2d9c95b,51985.85984612185,2179072,0.001037,0.001085,0.007799583999999804,0,0,0,0,0,0,0,0,0,0,14,,,,,,,,,,,,,,,,,,,,,,,,,,,,,,,,,,
schedule-random,3,17,1000,3,3,0,0,0,infeasible,infeasible,14,12,accb9a55142686ca,4,3,6,constructed fixture v1,6,1,0.020708,0.020125,0.020834,,,,,669b18c6d2d9c95b,144871.54722812437,2048000,0.0009469999999999999,0.001194,0.007819458000000168,5,0,4,4,2,0,2,9,1,,,,,,,,,,,,,,,,,,,,,,,,,,,,,,,,,,,,
bounded-schedule-random,3,17,1000,3,3,0,0,0,unresolved,unresolved,14,12,accb9a55142686ca,4,3,6,constructed fixture v1,6,1,0.052125,0.045125,0.054875,,,,,669b18c6d2d9c95b,57553.95683453237,2146304,0.001027,0.001125,0.0077761249999994675,0,0,0,0,0,0,0,0,0,0,7,,,,,,,,,,,,,,,,,,,,,,,,,,,,,,,,,,
schedule-random,3,18,1000,3,3,0,0,0,infeasible,infeasible,13,12,69630a8f2e29f99c,4,3,5,constructed fixture v1,6,1,0.015958,0.015958,0.016166,,,,,669b18c6d2d9c95b,187993.48289259308,2048000,0.00099,0.001254,0.007777582999999311,0,0,0,0,0,0,1,3,1,,,,,,,,,,,,,,,,,,,,,,,,,,,,,,,,,,,,
bounded-schedule-random,3,18,1000,3,3,0,0,0,unresolved,unresolved,13,12,69630a8f2e29f99c,4,3,5,constructed fixture v1,6,1,0.050792,0.050666,0.056875,,,,,669b18c6d2d9c95b,59064.4195936368,2162688,0.0010019999999999999,0.0012469999999999998,0.007886041999999982,0,0,0,0,0,0,0,0,0,0,12,,,,,,,,,,,,,,,,,,,,,,,,,,,,,,,,,,
schedule-random,3,19,1000,3,3,0,0,0,optimal,optimal,18,12,c6c5932ab861afbc,4,3,3,constructed fixture v1,6,1,0.035458,0.034917,0.037084,4,,4,4,6cf386950d7fd58a,84607.1408426871,2129920,0.001005,0.001233,0.007885500000000434,15,11,22,14,0,1,25,49,1,,,,,,,,,,,,,,,,,,,,,,,,,,,,,,,,,,,,
bounded-schedule-random,3,19,1000,3,3,0,0,0,feasible,feasible,18,12,c6c5932ab861afbc,4,3,3,constructed fixture v1,6,1,0.084583,0.083458,0.086042,4,,4,4,6cf386950d7fd58a,35468.12007140915,2293760,0.001054,0.001107,0.00786737500000001,0,0,0,0,0,0,0,0,0,0,0,,,,,,,,,,,,,,,,,,,,,,,,,,,,,,,,,,
schedule-random,3,20,1000,3,3,0,0,0,infeasible,infeasible,13,12,2722325421078de1,4,3,5,constructed fixture v1,6,1,0.021166,0.019834,0.022875,,,,,669b18c6d2d9c95b,141736.74761409807,2064384,0.000967,0.00129,0.007904667000000032,0,0,1,1,0,0,10,16,1,,,,,,,,,,,,,,,,,,,,,,,,,,,,,,,,,,,,
bounded-schedule-random,3,20,1000,3,3,0,0,0,unresolved,unresolved,13,12,2722325421078de1,4,3,5,constructed fixture v1,6,1,0.05975,0.058917,0.062542,,,,,669b18c6d2d9c95b,50209.205020920504,2179072,0.001006,0.001233,0.007812791000000097,0,0,0,0,0,0,0,0,0,0,14,,,,,,,,,,,,,,,,,,,,,,,,,,,,,,,,,,
schedule-random,3,21,1000,3,3,0,0,0,infeasible,infeasible,16,12,c504d51fcf6bdc7d,4,3,3,constructed fixture v1,6,1,0.022208,0.022042,0.022834,,,,,669b18c6d2d9c95b,135086.45533141211,2064384,0.000977,0.001145,0.007699040999999518,0,0,4,3,0,0,20,27,1,,,,,,,,,,,,,,,,,,,,,,,,,,,,,,,,,,,,
bounded-schedule-random,3,21,1000,3,3,0,0,0,unresolved,unresolved,16,12,c504d51fcf6bdc7d,4,3,3,constructed fixture v1,6,1,0.0565,0.056292,0.058792,,,,,669b18c6d2d9c95b,53097.34513274336,2179072,0.0009939999999999999,0.00104,0.007618292000000082,0,0,0,0,0,0,0,0,0,0,7,,,,,,,,,,,,,,,,,,,,,,,,,,,,,,,,,,
schedule-random,3,22,1000,3,3,0,0,0,infeasible,infeasible,14,12,3612655b12601303,4,3,5,constructed fixture v1,6,1,0.015875,0.015083,0.016166,,,,,669b18c6d2d9c95b,188976.37795275592,2048000,0.001,0.001161,0.007545999999999609,0,0,0,0,0,0,0,1,1,,,,,,,,,,,,,,,,,,,,,,,,,,,,,,,,,,,,
bounded-schedule-random,3,22,1000,3,3,0,0,0,unresolved,unresolved,14,12,3612655b12601303,4,3,5,constructed fixture v1,6,1,0.06575,0.064541,0.110958,,,,,669b18c6d2d9c95b,45627.37642585552,2211840,0.001071,0.001573,0.008481875000000194,0,0,0,0,0,0,0,0,0,0,14,,,,,,,,,,,,,,,,,,,,,,,,,,,,,,,,,,
schedule-random,3,23,1000,3,3,0,0,0,infeasible,infeasible,14,12,f11d1b2b18be34fe,4,3,5,constructed fixture v1,6,1,0.017167,0.016292,0.045042,,,,,669b18c6d2d9c95b,174753.88827401408,2048000,0.000953,0.0014889999999999999,0.007635500000000128,0,0,7,3,0,0,5,14,1,,,,,,,,,,,,,,,,,,,,,,,,,,,,,,,,,,,,
bounded-schedule-random,3,23,1000,3,3,0,0,0,unresolved,unresolved,14,12,f11d1b2b18be34fe,4,3,5,constructed fixture v1,6,1,0.053542,0.053334,0.056584,,,,,669b18c6d2d9c95b,56030.779574913155,2195456,0.000841,0.000896,0.007491042000000725,0,0,0,0,0,0,0,0,0,0,6,,,,,,,,,,,,,,,,,,,,,,,,,,,,,,,,,,
schedule-random,3,24,1000,3,3,0,0,0,infeasible,infeasible,9,12,15dba070628e05d3,4,3,6,constructed fixture v1,6,1,0.013209,0.013167,0.026916,,,,,669b18c6d2d9c95b,227117.87417669772,2048000,0.0008489999999999999,0.0008889999999999999,0.007458749999999625,0,0,0,0,0,0,0,2,1,,,,,,,,,,,,,,,,,,,,,,,,,,,,,,,,,,,,
bounded-schedule-random,3,24,1000,3,3,0,0,0,unresolved,unresolved,9,12,15dba070628e05d3,4,3,6,constructed fixture v1,6,1,0.037667,0.036667,0.038708,,,,,669b18c6d2d9c95b,79645.3128733374,2146304,0.000883,0.000939,0.00765583299999939,0,0,0,0,0,0,0,0,0,0,21,,,,,,,,,,,,,,,,,,,,,,,,,,,,,,,,,,
schedule-random,3,25,1000,3,3,0,0,0,optimal,optimal,13,12,0f3104d27257cc71,4,3,3,constructed fixture v1,6,1,0.028791,0.027959,0.030125,10,,3,3,a8293c2adb70db47,104199.22892570595,2097152,0.0009419999999999999,0.000983,0.007701875000000413,9,5,17,10,2,1,6,27,1,,,,,,,,,,,,,,,,,,,,,,,,,,,,,,,,,,,,
bounded-schedule-random,3,25,1000,3,3,0,0,0,feasible,feasible,13,12,0f3104d27257cc71,4,3,3,constructed fixture v1,6,1,0.076458,0.074334,0.084084,10,,3,3,a8293c2adb70db47,39237.22828219415,2260992,0.0010069999999999999,0.001103,0.007596500000000006,0,0,0,0,0,0,0,0,0,0,0,,,,,,,,,,,,,,,,,,,,,,,,,,,,,,,,,,
schedule-random,3,26,1000,3,3,0,0,0,infeasible,infeasible,13,12,5ff78f4f847f1978,4,3,5,constructed fixture v1,6,1,0.015625,0.014958,0.018709,,,,,669b18c6d2d9c95b,192000.0,2048000,0.001036,0.0011309999999999998,0.007616582999999899,0,0,0,0,0,0,1,2,1,,,,,,,,,,,,,,,,,,,,,,,,,,,,,,,,,,,,
bounded-schedule-random,3,26,1000,3,3,0,0,0,unresolved,unresolved,13,12,5ff78f4f847f1978,4,3,5,constructed fixture v1,6,1,0.059334,0.059292,0.062333,,,,,669b18c6d2d9c95b,50561.229649105066,2179072,0.0010199999999999999,0.001063,0.007628000000000412,0,0,0,0,0,0,0,0,0,0,14,,,,,,,,,,,,,,,,,,,,,,,,,,,,,,,,,,
schedule-random,3,27,1000,3,3,0,0,0,infeasible,infeasible,13,12,641739b44cf142c9,4,3,5,constructed fixture v1,6,1,0.016,0.014458,0.021,,,,,669b18c6d2d9c95b,187500.0,2048000,0.000936,0.000986,0.007542916999999427,0,0,0,0,0,0,0,1,1,,,,,,,,,,,,,,,,,,,,,,,,,,,,,,,,,,,,
bounded-schedule-random,3,27,1000,3,3,0,0,0,unresolved,unresolved,13,12,641739b44cf142c9,4,3,5,constructed fixture v1,6,1,0.07025,0.060834,0.072417,,,,,669b18c6d2d9c95b,42704.62633451956,2179072,0.000908,0.000991,0.0076462499999996325,0,0,0,0,0,0,0,0,0,0,14,,,,,,,,,,,,,,,,,,,,,,,,,,,,,,,,,,
schedule-random,3,28,1000,3,3,0,0,0,infeasible,infeasible,16,12,ee001af71c5f49b4,4,3,4,constructed fixture v1,6,1,0.022875,0.020583,0.023042,,,,,669b18c6d2d9c95b,131147.54098360657,2064384,0.000895,0.000913,0.007709417000000052,0,0,6,4,0,0,10,24,1,,,,,,,,,,,,,,,,,,,,,,,,,,,,,,,,,,,,
bounded-schedule-random,3,28,1000,3,3,0,0,0,unresolved,unresolved,16,12,ee001af71c5f49b4,4,3,4,constructed fixture v1,6,1,0.063417,0.063333,0.066208,,,,,669b18c6d2d9c95b,47305.927432707314,2228224,0.000908,0.000906,0.007676667000000137,0,0,0,0,0,0,0,0,0,0,12,,,,,,,,,,,,,,,,,,,,,,,,,,,,,,,,,,
schedule-random,3,29,1000,3,3,0,0,0,optimal,optimal,16,12,4934778784c6e2a8,4,3,4,constructed fixture v1,6,1,0.030291,0.025875,0.030292,18,,5,6,29a272cde99e7597,99039.31860948798,2097152,0.00094,0.001054,0.00768241699999983,5,1,8,5,1,1,14,26,1,,,,,,,,,,,,,,,,,,,,,,,,,,,,,,,,,,,,
bounded-schedule-random,3,29,1000,3,3,0,0,0,feasible,feasible,16,12,4934778784c6e2a8,4,3,4,constructed fixture v1,6,1,0.071792,0.069417,0.072708,18,,5,6,29a272cde99e7597,41787.38578114554,2244608,0.0009519999999999999,0.000932,0.007520041000000255,0,0,0,0,0,0,0,0,0,0,2,,,,,,,,,,,,,,,,,,,,,,,,,,,,,,,,,,
schedule-random,3,30,1000,3,3,0,0,0,infeasible,infeasible,12,12,4522ca06a78bceb8,4,3,5,constructed fixture v1,6,1,0.019417,0.017416,0.019709,,,,,669b18c6d2d9c95b,154503.78534274088,2048000,0.000985,0.001514,0.008774959000000138,0,0,2,2,0,0,2,8,1,,,,,,,,,,,,,,,,,,,,,,,,,,,,,,,,,,,,
bounded-schedule-random,3,30,1000,3,3,0,0,0,unresolved,unresolved,12,12,4522ca06a78bceb8,4,3,5,constructed fixture v1,6,1,0.063209,0.057792,0.0635,,,,,669b18c6d2d9c95b,47461.595658846054,2179072,0.00091,0.000988,0.007569000000000159,0,0,0,0,0,0,0,0,0,0,7,,,,,,,,,,,,,,,,,,,,,,,,,,,,,,,,,,
schedule-random,3,31,1000,3,3,0,0,0,infeasible,infeasible,17,12,986a3535af5f81fb,4,3,6,constructed fixture v1,6,1,0.015875,0.015834,0.024125,,,,,669b18c6d2d9c95b,188976.37795275592,2048000,0.000856,0.00094,0.007504749999999838,0,0,0,0,0,0,2,5,1,,,,,,,,,,,,,,,,,,,,,,,,,,,,,,,,,,,,
bounded-schedule-random,3,31,1000,3,3,0,0,0,unresolved,unresolved,17,12,986a3535af5f81fb,4,3,6,constructed fixture v1,6,1,0.059084,0.057959,0.064875,,,,,669b18c6d2d9c95b,50775.16755805294,2228224,0.000879,0.0008939999999999999,0.007520041000000255,0,0,0,0,0,0,0,0,0,0,6,,,,,,,,,,,,,,,,,,,,,,,,,,,,,,,,,,
schedule-random,3,32,1000,3,3,0,0,0,infeasible,infeasible,17,12,dae9a33e8ba9aa9b,4,3,5,constructed fixture v1,6,1,0.022542,0.022083,0.029334,,,,,669b18c6d2d9c95b,133084.90817141338,2097152,0.0008889999999999999,0.001162,0.007630791999999609,0,0,9,4,0,0,8,20,1,,,,,,,,,,,,,,,,,,,,,,,,,,,,,,,,,,,,
bounded-schedule-random,3,32,1000,3,3,0,0,0,unresolved,unresolved,17,12,dae9a33e8ba9aa9b,4,3,5,constructed fixture v1,6,1,0.065458,0.065208,0.066625,,,,,669b18c6d2d9c95b,45830.91447951359,2244608,0.000886,0.00095,0.007608499999999907,0,0,0,0,0,0,0,0,0,0,6,,,,,,,,,,,,,,,,,,,,,,,,,,,,,,,,,,
schedule-random,3,33,1000,3,3,0,0,0,infeasible,infeasible,15,12,cc12cf9f58450959,4,3,5,constructed fixture v1,6,1,0.0215,0.021334,0.02225,,,,,669b18c6d2d9c95b,139534.88372093026,2064384,0.0009019999999999999,0.000966,0.007558583000000674,3,0,6,5,3,0,14,26,1,,,,,,,,,,,,,,,,,,,,,,,,,,,,,,,,,,,,
bounded-schedule-random,3,33,1000,3,3,0,0,0,unresolved,unresolved,15,12,cc12cf9f58450959,4,3,5,constructed fixture v1,6,1,0.053875,0.053541,0.061625,,,,,669b18c6d2d9c95b,55684.45475638051,2162688,0.0009379999999999999,0.000954,0.007552999999999699,0,0,0,0,0,0,0,0,0,0,6,,,,,,,,,,,,,,,,,,,,,,,,,,,,,,,,,,
schedule-random,3,34,1000,3,3,0,0,0,infeasible,infeasible,14,12,15cceae3ed9957e5,4,3,5,constructed fixture v1,6,1,0.023333,0.021667,0.025292,,,,,669b18c6d2d9c95b,128573.2653323619,2080768,0.0009029999999999999,0.000996,0.007669499999999552,0,0,9,7,0,0,2,20,1,,,,,,,,,,,,,,,,,,,,,,,,,,,,,,,,,,,,
bounded-schedule-random,3,34,1000,3,3,0,0,0,unresolved,unresolved,14,12,15cceae3ed9957e5,4,3,5,constructed fixture v1,6,1,0.071292,0.068792,0.078167,,,,,669b18c6d2d9c95b,42080.457835381254,2244608,0.001005,0.0010999999999999998,0.007785750000000036,0,0,0,0,0,0,0,0,0,0,7,,,,,,,,,,,,,,,,,,,,,,,,,,,,,,,,,,
schedule-random,3,35,1000,3,3,0,0,0,optimal,optimal,17,12,ec0eacb39a5c12aa,4,3,5,constructed fixture v1,6,1,0.043791,0.037583,0.043792,18,,4,3,7ad5114a1e8d1603,68507.22751250258,2146304,0.000976,0.0011719999999999999,0.007838458000000159,19,15,41,19,1,1,15,48,1,,,,,,,,,,,,,,,,,,,,,,,,,,,,,,,,,,,,
bounded-schedule-random,3,35,1000,3,3,0,0,0,feasible,feasible,17,12,ec0eacb39a5c12aa,4,3,5,constructed fixture v1,6,1,0.090334,0.087709,0.096666,18,,4,3,7ad5114a1e8d1603,33210.08701042797,2293760,0.001021,0.000992,0.007569625000000357,0,0,0,0,0,0,0,0,0,0,0,,,,,,,,,,,,,,,,,,,,,,,,,,,,,,,,,,
schedule-random,3,36,1000,3,3,0,0,0,infeasible,infeasible,9,12,24ac7af6550cad39,4,3,4,constructed fixture v1,6,1,0.017292,0.017084,0.017542,,,,,669b18c6d2d9c95b,173490.6315058987,2048000,0.000931,0.001163,0.0077670830000000635,0,0,1,1,0,0,4,9,1,,,,,,,,,,,,,,,,,,,,,,,,,,,,,,,,,,,,
bounded-schedule-random,3,36,1000,3,3,0,0,0,unresolved,unresolved,9,12,24ac7af6550cad39,4,3,4,constructed fixture v1,6,1,0.062166,0.0615,0.064833,,,,,669b18c6d2d9c95b,48257.89016504199,2195456,0.001011,0.001085,0.0076381669999996404,0,0,0,0,0,0,0,0,0,0,9,,,,,,,,,,,,,,,,,,,,,,,,,,,,,,,,,,
schedule-random,3,37,1000,3,3,0,0,0,infeasible,infeasible,12,12,32b29fbcddd6818c,4,3,4,constructed fixture v1,6,1,0.0205,0.020208,0.024875,,,,,669b18c6d2d9c95b,146341.46341463414,2048000,0.000888,0.00098,0.007452333999999894,0,0,5,4,0,0,3,13,1,,,,,,,,,,,,,,,,,,,,,,,,,,,,,,,,,,,,
bounded-schedule-random,3,37,1000,3,3,0,0,0,unresolved,unresolved,12,12,32b29fbcddd6818c,4,3,4,constructed fixture v1,6,1,0.07125,0.064375,0.071958,,,,,669b18c6d2d9c95b,42105.26315789474,2244608,0.000954,0.0009119999999999999,0.007515291999999896,0,0,0,0,0,0,0,0,0,0,7,,,,,,,,,,,,,,,,,,,,,,,,,,,,,,,,,,
schedule-random,3,38,1000,3,3,0,0,0,infeasible,infeasible,14,12,64bfc4baa8996c74,4,3,5,constructed fixture v1,6,1,0.025833,0.0255,0.028209,,,,,669b18c6d2d9c95b,116130.53071652538,2080768,0.0008979999999999999,0.000935,0.007613082999999854,0,0,13,7,0,0,8,29,1,,,,,,,,,,,,,,,,,,,,,,,,,,,,,,,,,,,,
bounded-schedule-random,3,38,1000,3,3,0,0,0,unresolved,unresolved,14,12,64bfc4baa8996c74,4,3,5,constructed fixture v1,6,1,0.069166,0.067208,0.07175,,,,,669b18c6d2d9c95b,43373.91203770638,2228224,0.000972,0.000959,0.007615459000000158,0,0,0,0,0,0,0,0,0,0,7,,,,,,,,,,,,,,,,,,,,,,,,,,,,,,,,,,
schedule-random,3,39,1000,3,3,0,0,0,infeasible,infeasible,17,12,4a7c565f9febf528,4,3,6,constructed fixture v1,6,1,0.015792,0.015209,0.016333,,,,,669b18c6d2d9c95b,189969.60486322187,2080768,0.000899,0.001145,0.007659207999999751,0,0,0,0,0,0,0,3,1,,,,,,,,,,,,,,,,,,,,,,,,,,,,,,,,,,,,
bounded-schedule-random,3,39,1000,3,3,0,0,0,unresolved,unresolved,17,12,4a7c565f9febf528,4,3,6,constructed fixture v1,6,1,0.069292,0.067917,0.069542,,,,,669b18c6d2d9c95b,43295.04127460602,2260992,0.000944,0.0011409999999999999,0.007850166999999963,0,0,0,0,0,0,0,0,0,0,21,,,,,,,,,,,,,,,,,,,,,,,,,,,,,,,,,,
schedule-random,3,40,1000,3,3,0,0,0,optimal,optimal,10,12,de4ba30ab92afc34,4,3,5,constructed fixture v1,6,1,0.032333,0.029875,0.032375,11,,4,3,aa6661a9e49ff545,92784.46169548138,2113536,0.000949,0.001187,0.007875832999999943,9,5,16,8,0,1,8,26,1,,,,,,,,,,,,,,,,,,,,,,,,,,,,,,,,,,,,
bounded-schedule-random,3,40,1000,3,3,0,0,0,feasible,feasible,10,12,de4ba30ab92afc34,4,3,5,constructed fixture v1,6,1,0.083917,0.079584,0.085458,11,,4,3,aa6661a9e49ff545,35749.609733427074,2260992,0.0010429999999999999,0.001232,0.00783454100000025,0,0,0,0,0,0,0,0,0,0,0,,,,,,,,,,,,,,,,,,,,,,,,,,,,,,,,,,
schedule-random,3,41,1000,3,3,0,0,0,optimal,optimal,15,12,d4cddc1917c654f2,4,3,5,constructed fixture v1,6,1,0.048125,0.047125,0.054125,16,,5,3,92f3ea2f66d161e5,62337.66233766233,2129920,0.001058,0.00106,0.007589750000000173,37,30,47,21,3,2,5,54,1,,,,,,,,,,,,,,,,,,,,,,,,,,,,,,,,,,,,
bounded-schedule-random,3,41,1000,3,3,0,0,0,feasible,feasible,15,12,d4cddc1917c654f2,4,3,5,constructed fixture v1,6,1,0.122,0.11275,0.12425,16,,5,3,92f3ea2f66d161e5,24590.16393442623,2326528,0.0010379999999999999,0.0012109999999999998,0.007557750000000141,0,0,0,0,0,0,0,0,0,0,0,,,,,,,,,,,,,,,,,,,,,,,,,,,,,,,,,,
schedule-random,3,42,1000,3,3,0,0,0,optimal,optimal,15,12,3a88ec1a4aa2425f,4,3,4,constructed fixture v1,6,1,0.028,0.027041,0.029167,7,,3,3,3e65d5476ba163fa,107142.85714285714,2097152,0.0008979999999999999,0.000935,0.007531416999999152,6,2,5,5,0,1,5,24,1,,,,,,,,,,,,,,,,,,,,,,,,,,,,,,,,,,,,
bounded-schedule-random,3,42,1000,3,3,0,0,0,feasible,feasible,15,12,3a88ec1a4aa2425f,4,3,4,constructed fixture v1,6,1,0.078166,0.07725,0.100625,7,,3,3,3e65d5476ba163fa,38379.8582503902,2260992,0.0009149999999999999,0.000917,0.007604834000000338,0,0,0,0,0,0,0,0,0,0,0,,,,,,,,,,,,,,,,,,,,,,,,,,,,,,,,,,
schedule-random,3,43,1000,3,3,0,0,0,optimal,optimal,15,12,4ae24d8677819647,4,3,6,constructed fixture v1,6,1,0.034417,0.031625,0.03525,15,,4,5,69dcf1e68344ed68,87166.22599296858,2113536,0.000946,0.0009599999999999999,0.007552208999999976,7,3,18,10,4,1,25,49,1,,,,,,,,,,,,,,,,,,,,,,,,,,,,,,,,,,,,
bounded-schedule-random,3,43,1000,3,3,0,0,0,feasible,feasible,15,12,4ae24d8677819647,4,3,6,constructed fixture v1,6,1,0.085917,0.081333,0.090875,15,,4,5,69dcf1e68344ed68,34917.42030098817,2277376,0.000998,0.000968,0.007653874999999921,0,0,0,0,0,0,0,0,0,0,2,,,,,,,,,,,,,,,,,,,,,,,,,,,,,,,,,,
schedule-random,3,44,1000,3,3,0,0,0,infeasible,infeasible,17,12,aa88444e6923a211,4,3,5,constructed fixture v1,6,1,0.035458,0.033333,0.03825,,,,,669b18c6d2d9c95b,84607.1408426871,2129920,0.000919,0.000993,0.007428500000000504,10,0,24,11,9,0,14,41,1,,,,,,,,,,,,,,,,,,,,,,,,,,,,,,,,,,,,
bounded-schedule-random,3,44,1000,3,3,0,0,0,unresolved,unresolved,17,12,aa88444e6923a211,4,3,5,constructed fixture v1,6,1,0.090333,0.090125,0.1075,,,,,669b18c6d2d9c95b,33210.45465112418,2293760,0.000987,0.001173,0.007578499999999266,0,0,0,0,0,0,0,0,0,0,9,,,,,,,,,,,,,,,,,,,,,,,,,,,,,,,,,,
schedule-random,3,45,1000,3,3,0,0,0,optimal,optimal,13,12,796f474564b7c596,4,3,4,constructed fixture v1,6,1,0.033541,0.033084,0.035208,20,,5,3,f329325184a650bb,89442.77153334724,2113536,0.001026,0.001212,0.0075880420000000726,8,4,14,7,0,1,17,43,1,,,,,,,,,,,,,,,,,,,,,,,,,,,,,,,,,,,,
bounded-schedule-random,3,45,1000,3,3,0,0,0,feasible,feasible,13,12,796f474564b7c596,4,3,4,constructed fixture v1,6,1,0.1,0.093459,0.103292,20,,5,3,f329325184a650bb,30000.0,2277376,0.001028,0.001089,0.007647125000000088,0,0,0,0,0,0,0,0,0,0,0,,,,,,,,,,,,,,,,,,,,,,,,,,,,,,,,,,
schedule-random,3,46,1000,3,3,0,0,0,optimal,optimal,13,12,2665402be4634d1a,4,3,4,constructed fixture v1,6,1,0.035791,0.034,0.039625,8,,4,6,29b8ce74cad2e3c9,83819.95473722443,2113536,0.0009549999999999999,0.001292,0.007532624999999626,19,13,20,12,0,2,9,38,1,,,,,,,,,,,,,,,,,,,,,,,,,,,,,,,,,,,,
bounded-schedule-random,3,46,1000,3,3,0,0,0,feasible,feasible,13,12,2665402be4634d1a,4,3,4,constructed fixture v1,6,1,0.093458,0.092292,0.098833,8,,4,6,29b8ce74cad2e3c9,32099.980740011557,2310144,0.0009839999999999998,0.001212,0.008073125000000125,0,0,0,0,0,0,0,0,0,0,0,,,,,,,,,,,,,,,,,,,,,,,,,,,,,,,,,,
schedule-random,3,47,1000,3,3,0,0,0,infeasible,infeasible,15,12,17c7be846bbf0519,4,3,4,constructed fixture v1,6,1,0.016417,0.016,0.016708,,,,,669b18c6d2d9c95b,182737.40634707923,2048000,0.000882,0.000967,0.0076862499999998946,0,0,0,0,0,0,3,7,1,,,,,,,,,,,,,,,,,,,,,,,,,,,,,,,,,,,,
bounded-schedule-random,3,47,1000,3,3,0,0,0,unresolved,unresolved,15,12,17c7be846bbf0519,4,3,4,constructed fixture v1,6,1,0.091375,0.089333,0.095417,,,,,669b18c6d2d9c95b,32831.73734610123,2277376,0.0009199999999999999,0.000949,0.007566750000000511,0,0,0,0,0,0,0,0,0,0,7,,,,,,,,,,,,,,,,,,,,,,,,,,,,,,,,,,
window-contended-schedule,4,0,1000,3,3,0,0,0,optimal,optimal,12,2,60515e5a784e07aa,2,7,7,"seed=0; warmup=8; releases=[8,12); timetable=[8,19]; full generated cohort including rejections; isolated from carry-in and background",1,1,0.02925,0.028667,0.041,7,,7,8,36a969387b3c0d65,239316.23931623928,2473984,0.001125,0.001091,0.007719583000000085,181,155,56,56,4,3,18,81,1,,,8,True,7,,,,,,,,,,,,,,,,,,,,,,,,,,,,,,,
bounded-window-contended-schedule,4,0,1000,3,3,0,0,0,feasible,feasible,12,2,60515e5a784e07aa,2,7,7,"seed=0; warmup=8; releases=[8,12); timetable=[8,19]; full generated cohort including rejections; isolated from carry-in and background",1,1,0.030916,0.029917,0.044292,7,,7,8,36a969387b3c0d65,226419.97671108812,2506752,0.001047,0.0009549999999999999,0.007505666000000133,0,0,0,0,0,0,0,0,0,0,0,8,True,7,,,,,,,,,,,,,,,,,,,,,,,,,,,,,,,
window-contended-schedule,4,42,1000,3,3,0,0,0,optimal,optimal,12,2,6bd6abe3732d2ed9,2,11,11,"seed=42; warmup=8; releases=[8,12); timetable=[8,19]; full generated cohort including rejections; isolated from carry-in and background",1,1,3.726083,3.636125,3.974208,11,,11,20,77df4a6cad5c253c,2952.161827849782,2605056,0.004873,0.001122,0.0076658329999999,176782,148602,88,88,22739,3240,28,127,1,,,20,True,11,,,,,,,,,,,,,,,,,,,,,,,,,,,,,,,
bounded-window-contended-schedule,4,42,1000,3,3,0,0,0,feasible,feasible,12,2,6bd6abe3732d2ed9,2,11,11,"seed=42; warmup=8; releases=[8,12); timetable=[8,19]; full generated cohort including rejections; isolated from carry-in and background",1,1,0.036041,0.034833,0.03775,11,,11,20,77df4a6cad5c253c,305207.9576038401,2539520,0.00109,0.00125,0.007633457999999926,0,0,0,0,0,0,0,0,0,0,0,20,True,11,,,,,,,,,,,,,,,,,,,,,,,,,,,,,,,
window-contended-schedule,4,99,1000,3,3,0,0,0,optimal,optimal,12,2,12dfd45e120a79ee,2,11,11,"seed=99; warmup=8; releases=[8,12); timetable=[8,19]; full generated cohort including rejections; isolated from carry-in and background",1,1,0.894042,0.881,0.898084,11,,11,18,9fdd432479e9a773,12303.67253439995,2605056,0.001911,0.001017,0.007658666999999397,42729,36170,88,88,5424,540,26,125,1,,,18,True,11,,,,,,,,,,,,,,,,,,,,,,,,,,,,,,,
bounded-window-contended-schedule,4,99,1000,3,3,0,0,0,feasible,feasible,12,2,12dfd45e120a79ee,2,11,11,"seed=99; warmup=8; releases=[8,12); timetable=[8,19]; full generated cohort including rejections; isolated from carry-in and background",1,1,0.038625,0.03525,0.038792,11,,11,18,9fdd432479e9a773,284789.644012945,2523136,0.001019,0.001084,0.00785233399999985,0,0,0,0,0,0,0,0,0,0,0,18,True,11,,,,,,,,,,,,,,,,,,,,,,,,,,,,,,,
bounded-schedule-ties,128,42,1000,3,3,0,0,0,feasible,feasible,2,4,29681e2de3d0e1d7,2,128,128,constructed fixture v1,2,1,0.164708,0.160292,0.169833,128,128,128,0,4adcdaff0dfb9ccf,777132.8654345874,2736128,0.0012309999999999999,0.0011409999999999999,0.0077322090000002675,0,0,0,0,0,0,0,0,0,0,0,,,,,,,,,,,,,,,,,,,,,,,,,,,,,,,,,,
bounded-schedule-contention,128,42,1000,3,3,0,0,0,feasible,feasible,128,2,cebe05ff9d0af13f,2,128,128,constructed fixture v1,1,1,1.956667,1.86775,1.958458,128,128,128,8128,82eecdef89d071a6,65417.365346275066,2949120,0.003096,0.0010659999999999999,0.007640417000000177,0,0,0,0,0,0,0,0,0,0,0,,,,,,,,,,,,,,,,,,,,,,,,,,,,,,,,,,
bounded-schedule-reverse-deadline,128,42,1000,3,3,0,0,0,feasible,feasible,128,2,c475011007df7357,2,128,128,constructed fixture v1,1,1,0.667584,0.6625,0.675042,128,128,128,8128,596a0cd98ba998a8,191736.17102866457,2932736,0.001829,0.0010999999999999998,0.00765679199999969,0,0,0,0,0,0,0,0,0,0,64,,,,,,,,,,,,,,,,,,,,,,,,,,,,,,,,,,
bounded-schedule-dense,128,42,1000,3,3,0,0,0,feasible,feasible,1,16256,f658c28d08d3b626,128,1,1,constructed fixture v1,1,1,0.077833,0.077792,0.095583,1,1,1,1,e0f6c4abd6209805,12848.020762401553,2392064,0.001015,0.001042,0.007558333000000417,0,0,0,0,0,0,0,0,0,0,0,,,,,,,,,,,,,,,,,,,,,,,,,,,,,,,,,,
bounded-schedule-multihop-slots,256,42,1000,3,3,0,0,0,feasible,feasible,768,6,91b84130596e0d3c,4,1,1,constructed fixture v1,3,1,0.728166,0.718334,0.80625,3,3,3,0,7cf088236923f309,1373.3132280276752,2899968,0.002568,0.001045,0.0075408750000001135,0,0,0,0,0,0,0,0,0,0,0,,,,,,,,,,,,,,,,,,,,,,,,,,,,,,,,,,
bounded-schedule-knapsack,128,42,1000,3,3,0,0,0,feasible,feasible,2,4,dc33c0d09288cde3,2,128,254,constructed fixture v1,2,1,0.207,0.202375,0.215792,132,132,128,0,93b5fe6ebeaefb3d,618357.4879227054,2801664,0.00123,0.001065,0.007683875000000562,0,0,0,0,0,0,0,0,0,0,0,,,,,,,,,,,,,,,,,,,,,,,,,,,,,,,,,,
sim-pinned,2,42,1000,3,3,0,0,0,simulated,simulated,,6,6cac184ac5262d11,3,,,,3,1,2.456458,2.414084,2.501417,2263,,,,4b5f141396f29834,,2621440,0.00329,0.001155,0.007630250000000061,0,383,1142,759,0,0,0,2660,759,0,0,,,,64,32,0,1,383,376,0,376,376,759,7178,383,759,0,0,0,0,0,0,32,383,39834,3334,0.376,308981.4684395174,407090.20874771726,0.0,0.5046113306982872,,,
bounded-sim-pinned,2,42,1000,3,3,0,0,0,simulated,simulated,,6,1dbc9af1f6cada93,3,,,,3,1,2.40975,2.058917,2.42775,2667,,,,47998e80a28c7ade,,2752512,0.003127,0.00104,0.007561250000000186,0,0,0,0,0,0,0,0,0,0,0,,,,64,32,0,1,376,759,376,759,759,1135,7547,0,759,0,0,0,0,0,0,32,0,43416,2916,0.759,314970.43261749146,414980.8071376699,0.0,0.0,,,
sim-load,13,42,1000,3,3,0,0,0,simulated,simulated,,2,3c6a37ee9fbfd289,2,,,,1,1,16.4675,15.759417,16.660792,9780,,,,ee76ccd6715b2b18,,2850816,0.017169,0.001276,0.020159041999999516,0,0,9780,9780,0,0,0,22525,12745,0,0,,,,64,32,17,25,12745,9770,12723,9770,9770,9780,49887,0,9787,1,9,15,2965,0,0,32,0,50875,20792,9.77,594322.149688781,60725.67177774404,2.965,0.0,,,
bounded-sim-load,13,42,1000,3,3,0,0,0,simulated,simulated,,2,52ce1a41a92f71cb,2,,,,1,1,14.380417,14.236667,14.807333,9780,,,,3e91bbfee3b7c23c,,3178496,0.015309,0.001415,0.020362000000000435,0,0,0,0,0,0,0,0,0,0,0,,,,64,32,17,25,12745,9770,12723,9770,9770,9780,49894,0,9787,1,9,15,2965,0,2,32,0,38542,17083,9.77,680578.3170265508,69539.01267258106,2.965,0.0,,,
sim-load,16,42,1000,3,3,0,0,0,simulated,simulated,,2,7a89d8d2675a270e,2,,,,1,1,45.073542,44.809625,45.096667,10000,,,,7ce01f6ecb37fb64,,2932736,0.045362,0.0018709999999999998,0.05143679199999873,0,0,10000,10000,0,0,0,73266,63266,0,0,,,,64,32,64,64,63266,9990,63028,9990,9990,10000,54914,0,11994,5,54,54,53266,1940,0,32,1940,71750,50917,9.99,266098.45749419916,22185.96444006996,53.266,0.1617475404368851,,,
bounded-sim-load,16,42,1000,3,3,0,0,0,simulated,simulated,,2,eefc86894fcc210c,2,,,,1,1,26.254583,26.052375,26.692709,10000,,,,fc14269ad51f6783,,3178496,0.027413999999999997,0.001522,0.03281670800000036,0,0,0,0,0,0,0,0,0,0,0,,,,64,32,64,64,63266,9990,63028,9990,9990,10000,54968,0,11994,5,54,54,53266,1940,7,32,1940,71208,30708,9.99,456834.526756719,38088.588190488495,53.266,0.1617475404368851,,,
sim-outage,8,42,1000,3,3,0,0,0,simulated,simulated,,2,b0c350e1388b9d26,2,,,,1,1,32.954333,32.22175,33.06,1246,,,,707d606767b903ae,,2834432,0.033373,0.001601,0.0388829580000003,0,0,1246,1246,0,0,740,53969,51983,0,0,,,,64,32,46,56,47273,1246,9393,1246,1246,1246,21406,4710,6002,7,53,56,46027,0,0,32,4710,79458,39459,1.246,182130.82935102953,30345.023217432445,46.027,0.7847384205264911,,,
bounded-sim-outage,8,42,1000,3,3,0,0,0,simulated,simulated,,2,f9a9968fcdb2dd64,2,,,,1,1,21.491667,21.01725,21.496542,1246,,,,e34c9df7fdf1a45d,,3227648,0.02206,0.001643,0.026338374999999914,0,0,0,0,0,0,0,0,0,0,85954,,,,64,32,46,56,47273,1246,9393,1246,1246,1246,21416,4710,6002,7,53,56,46027,0,1,32,4710,43708,27000,1.246,279271.0309535319,46529.661938275894,46.027,0.7847384205264911,,,
sim-backlog,256,42,1000,3,3,0,0,0,simulated,simulated,,2,a98d031615b48781,2,,,,1,1,142.400459,142.303833,145.269167,0,,,,96f93cd4c8cff4d5,,3473408,0.144009,0.003309,0.1529234579999983,0,0,0,0,0,0,0,250815,250815,0,0,,,,256,32,256,256,250815,0,0,0,0,0,12748,0,6002,999,256,256,250815,5746,0,32,5746,219708,160416,0.0,42148.74054584332,7022.449274549037,250.815,0.9573475508163946,,,
bounded-sim-backlog,256,42,1000,3,3,0,0,0,simulated,simulated,,2,68ab790aea5897ff,2,,,,1,1,125.42225,124.09675,127.568708,0,,,,580dd8808d68b22b,,3784704,0.12662199999999998,0.00282,0.13361025000000026,0,0,0,0,0,0,0,0,0,0,752563,,,,256,32,256,256,250815,0,0,0,0,0,12748,0,6002,999,256,256,250815,5746,0,32,5746,170209,139708,0.0,47854.34801241406,7973.066979742429,250.815,0.9573475508163946,,,
sim-density,9,42,1000,3,0,3,0,0,censored,timeout,,72,66136791fbac3451,9,,,,1,1,,,,,,,,,,2719744,1.974014,0.026837999999999997,2.003157875000001,,,,,,,,,,,,,,,64,32,,,,,,,,,,,,,,,,,,,,,,,,,,,,,
bounded-sim-density,9,42,1000,3,3,0,0,0,simulated,simulated,,72,c08a487ef37a34d3,9,,,,1,1,2.004875,1.941417,2.142958,0,,,,e66e7225134b0cc2,,2703360,0.003003,0.00121,0.008054166000000862,0,0,0,0,0,0,0,0,0,0,0,,,,64,32,0,0,0,759,0,759,759,759,4795,0,759,0,0,0,0,0,0,32,0,15875,2375,0.759,378577.2180310493,498784.21347964334,0.0,0.0,,,
bounded-sim-density,32,42,1000,3,3,0,0,0,simulated,simulated,,992,9c4645c591a08782,32,,,,1,1,4.324,4.28425,5.621542,0,,,,93c3056ecff87be8,,2736128,0.005532,0.0011049999999999999,0.014156458999998733,0,0,0,0,0,0,0,0,0,0,0,,,,64,32,0,0,0,759,0,759,759,759,4795,0,759,0,0,0,0,0,0,32,0,21417,5542,0.759,175531.91489361704,231267.34505087882,0.0,0.0,,,
bounded-sim-density,128,42,1000,3,3,0,0,0,simulated,simulated,,16256,5b9ffed9fb676932,128,,,,1,1,14.281542,14.249167,14.453875,0,,,,3dfbe9dc61758593,,2932736,0.015156999999999999,0.0013139999999999998,0.020196458000000916,0,0,0,0,0,0,0,0,0,0,0,,,,64,32,0,0,0,759,0,759,759,759,4795,0,759,0,0,0,0,0,0,32,0,36709,22375,0.759,53145.52168106217,70020.45017267743,0.0,0.0,,,
bounded-sim-density,256,42,1000,3,3,0,0,0,simulated,simulated,,65280,acfde56d78dce8a2,256,,,,1,1,28.109583,26.912166,28.38575,0,,,,5d46a02fa5bc6106,,3211264,0.028874999999999998,0.001684,0.03255266699999737,0,0,0,0,0,0,0,0,0,0,0,,,,64,32,0,0,0,759,0,759,759,759,4795,0,759,0,0,0,0,0,0,32,0,82500,42542,0.759,27001.467791251118,35575.05637845997,0.0,0.0,,,
schedule-mixed,3,0,1000,3,3,0,0,0,optimal,optimal,20,24,9cec41b1e43e911c,4,3,5,constructed fixture v1,7,1,0.183041,0.179541,0.183125,11,,3,4,f23f7307048cb797,16389.7705978442,2572288,0.000996,0.000975,0.007489125000002872,295,291,872,330,36,1,121,572,1,,,,,,,,,,,,,,,,,,,,,,,,,,,,,,,,,,,,
bounded-schedule-mixed,3,0,1000,3,3,0,0,0,feasible,feasible,20,24,9cec41b1e43e911c,4,3,5,constructed fixture v1,7,1,0.117041,0.116417,0.124166,11,,3,4,f23f7307048cb797,25632.043471945726,2342912,0.00095,0.000931,0.007539582999999794,0,0,0,0,0,0,0,0,0,0,0,,,,,,,,,,,,,,,,,,,,,,,,,,,,,,,,,,
schedule-mixed,3,1,1000,3,3,0,0,0,optimal,optimal,18,24,9eca8073db0a81d1,4,3,4,constructed fixture v1,7,1,0.186959,0.184584,0.210833,107,,4,3,04f8481d9140666d,16046.298921153837,2539520,0.000977,0.000988,0.007607875000001485,321,317,867,328,8,1,101,553,1,,,,,,,,,,,,,,,,,,,,,,,,,,,,,,,,,,,,
bounded-schedule-mixed,3,1,1000,3,3,0,0,0,feasible,feasible,18,24,9eca8073db0a81d1,4,3,4,constructed fixture v1,7,1,0.121084,0.115917,0.122083,107,,4,3,04f8481d9140666d,24776.18843117175,2375680,0.000913,0.0008849999999999999,0.007486082999999866,0,0,0,0,0,0,0,0,0,0,0,,,,,,,,,,,,,,,,,,,,,,,,,,,,,,,,,,
schedule-mixed,3,2,1000,3,3,0,0,0,optimal,optimal,18,24,db19a742ba255800,4,3,4,constructed fixture v1,7,1,0.123334,0.122375,0.124625,29,,6,4,e78ff15b54f1db1a,24324.19284220085,2359296,0.000935,0.00101,0.007464999999999833,148,144,380,147,0,1,238,454,1,,,,,,,,,,,,,,,,,,,,,,,,,,,,,,,,,,,,
bounded-schedule-mixed,3,2,1000,3,3,0,0,0,feasible,feasible,18,24,db19a742ba255800,4,3,4,constructed fixture v1,7,1,0.114458,0.112459,0.118083,29,,6,4,e78ff15b54f1db1a,26210.487689807615,2326528,0.001004,0.001076,0.007673541999999145,0,0,0,0,0,0,0,0,0,0,0,,,,,,,,,,,,,,,,,,,,,,,,,,,,,,,,,,
schedule-mixed,3,3,1000,3,3,0,0,0,optimal,optimal,17,24,916a8fcdaed7fc65,4,3,4,constructed fixture v1,7,1,0.14725,0.145334,0.168042,104,,3,3,7c3203f0f3f297f5,20373.51443123939,2392064,0.0010199999999999999,0.0011489999999999998,0.0075054580000006865,495,485,472,185,20,1,143,407,1,,,,,,,,,,,,,,,,,,,,,,,,,,,,,,,,,,,,
bounded-schedule-mixed,3,3,1000,3,3,0,0,0,feasible,feasible,17,24,916a8fcdaed7fc65,4,3,4,constructed fixture v1,7,1,0.093583,0.091208,0.095875,104,,3,3,7c3203f0f3f297f5,32057.10438861759,2293760,0.000978,0.001129,0.00777237500000183,0,0,0,0,0,0,0,0,0,0,0,,,,,,,,,,,,,,,,,,,,,,,,,,,,,,,,,,
schedule-mixed,3,4,1000,3,3,0,0,0,optimal,optimal,18,24,f7cc9714fe189894,4,3,3,constructed fixture v1,7,1,0.157959,0.156958,0.16675,112,,3,3,e4c88b4035fbd025,18992.27014605056,2424832,0.001083,0.001184,0.007546042000001307,194,190,497,193,0,1,253,523,1,,,,,,,,,,,,,,,,,,,,,,,,,,,,,,,,,,,,
bounded-schedule-mixed,3,4,1000,3,3,0,0,0,feasible,feasible,18,24,f7cc9714fe189894,4,3,3,constructed fixture v1,7,1,0.158458,0.155334,0.229542,112,,3,3,e4c88b4035fbd025,18932.461598657057,2359296,0.0010919999999999999,0.0010379999999999999,0.007525582999999614,0,0,0,0,0,0,0,0,0,0,0,,,,,,,,,,,,,,,,,,,,,,,,,,,,,,,,,,
schedule-mixed,3,5,1000,3,3,0,0,0,optimal,optimal,20,24,15fe19fadcd60da4,4,3,6,constructed fixture v1,7,1,0.116959,0.109,0.128167,8,,4,5,0ae55011cb6febe2,25650.014107507763,2359296,0.000948,0.000923,0.007493457999999009,142,138,367,145,4,1,95,306,1,,,,,,,,,,,,,,,,,,,,,,,,,,,,,,,,,,,,
bounded-schedule-mixed,3,5,1000,3,3,0,0,0,feasible,feasible,20,24,15fe19fadcd60da4,4,3,6,constructed fixture v1,7,1,0.098125,0.095417,0.124959,8,,4,5,0ae55011cb6febe2,30573.248407643314,2342912,0.000966,0.001052,0.007638499999998771,0,0,0,0,0,0,0,0,0,0,0,,,,,,,,,,,,,,,,,,,,,,,,,,,,,,,,,,
schedule-mixed,3,6,1000,3,3,0,0,0,optimal,optimal,17,24,8538eb4eb908e64c,4,3,6,constructed fixture v1,7,1,0.163125,0.15475,0.164041,300,,3,0,3f86e455e18a917c,18390.80459770115,2424832,0.0010069999999999999,0.0008939999999999999,0.007123874999997781,221,217,566,220,0,1,114,438,1,,,,,,,,,,,,,,,,,,,,,,,,,,,,,,,,,,,,
bounded-schedule-mixed,3,6,1000,3,3,0,0,0,feasible,feasible,17,24,8538eb4eb908e64c,4,3,6,constructed fixture v1,7,1,0.058958,0.058458,0.06225,300,,3,0,3f86e455e18a917c,50883.679907730926,2228224,0.001008,0.001179,0.007629749999999547,0,0,0,0,0,0,0,0,0,0,0,,,,,,,,,,,,,,,,,,,,,,,,,,,,,,,,,,
schedule-mixed,3,7,1000,3,3,0,0,0,optimal,optimal,20,24,592aa3b01280cfb1,4,3,3,constructed fixture v1,7,1,0.180959,0.171541,0.183,7,,3,3,7f1c4e7f27f190f2,16578.340950159978,2441216,0.001055,0.001011,0.007684582999999634,251,245,565,221,3,2,323,632,1,,,,,,,,,,,,,,,,,,,,,,,,,,,,,,,,,,,,
bounded-schedule-mixed,3,7,1000,3,3,0,0,0,feasible,feasible,20,24,592aa3b01280cfb1,4,3,3,constructed fixture v1,7,1,0.106667,0.09575,0.111459,7,,3,3,7f1c4e7f27f190f2,28124.912109649656,2310144,0.001044,0.001,0.007654875000000061,0,0,0,0,0,0,0,0,0,0,0,,,,,,,,,,,,,,,,,,,,,,,,,,,,,,,,,,
schedule-mixed,3,8,1000,3,3,0,0,0,optimal,optimal,20,24,363aaa897897f3e9,4,3,5,constructed fixture v1,7,1,0.181917,0.179041,0.210292,203,,3,0,1705b07d8251cd38,16491.03712132456,2490368,0.001107,0.000996,0.007811415999999127,260,256,688,259,0,1,177,536,1,,,,,,,,,,,,,,,,,,,,,,,,,,,,,,,,,,,,
bounded-schedule-mixed,3,8,1000,3,3,0,0,0,feasible,feasible,20,24,363aaa897897f3e9,4,3,5,constructed fixture v1,7,1,0.144583,0.137,0.147708,203,,3,0,1705b07d8251cd38,20749.327375970897,2342912,0.001075,0.001068,0.007811750000001894,0,0,0,0,0,0,0,0,0,0,0,,,,,,,,,,,,,,,,,,,,,,,,,,,,,,,,,,
schedule-mixed,3,9,1000,3,3,0,0,0,optimal,optimal,19,24,cf34db0e033fde4c,4,3,6,constructed fixture v1,7,1,0.117583,0.109125,0.121375,103,,3,4,0726f2154caecd2b,25513.892314365174,2293760,0.000986,0.0009839999999999998,0.00782920800000042,113,109,276,112,0,1,187,356,1,,,,,,,,,,,,,,,,,,,,,,,,,,,,,,,,,,,,
bounded-schedule-mixed,3,9,1000,3,3,0,0,0,feasible,feasible,19,24,cf34db0e033fde4c,4,3,6,constructed fixture v1,7,1,0.080875,0.07775,0.086416,103,,3,4,0726f2154caecd2b,37094.281298299844,2260992,0.001029,0.001006,0.00767616599999954,0,0,0,0,0,0,0,0,0,0,0,,,,,,,,,,,,,,,,,,,,,,,,,,,,,,,,,,
schedule-mixed,3,10,1000,3,3,0,0,0,optimal,optimal,16,24,7b1db8e80e013cd6,4,3,4,constructed fixture v1,7,1,0.133208,0.132041,0.147875,205,,3,1,58f7bda43b3ab35b,22521.169899705725,2342912,0.001073,0.001003,0.007642333999999806,339,328,431,169,11,2,84,336,1,,,,,,,,,,,,,,,,,,,,,,,,,,,,,,,,,,,,
bounded-schedule-mixed,3,10,1000,3,3,0,0,0,feasible,feasible,16,24,7b1db8e80e013cd6,4,3,4,constructed fixture v1,7,1,0.129291,0.125291,0.13675,205,,3,1,58f7bda43b3ab35b,23203.4712392974,2342912,0.001071,0.0012129999999999999,0.007861583000000394,0,0,0,0,0,0,0,0,0,0,0,,,,,,,,,,,,,,,,,,,,,,,,,,,,,,,,,,
schedule-mixed,3,11,1000,3,3,0,0,0,optimal,optimal,19,24,1379d8852ecc1de1,4,3,6,constructed fixture v1,7,1,0.122958,0.12075,0.124959,300,,3,0,3e83fbdf8f35d2c7,24398.575123212806,2375680,0.001044,0.000997,0.007775374999997808,144,140,365,143,0,1,121,336,1,,,,,,,,,,,,,,,,,,,,,,,,,,,,,,,,,,,,
bounded-schedule-mixed,3,11,1000,3,3,0,0,0,feasible,feasible,19,24,1379d8852ecc1de1,4,3,6,constructed fixture v1,7,1,0.063041,0.061708,0.06325,300,,3,0,3e83fbdf8f35d2c7,47588.07760029188,2244608,0.001009,0.001022,0.007814166999999372,0,0,0,0,0,0,0,0,0,0,0,,,,,,,,,,,,,,,,,,,,,,,,,,,,,,,,,,
schedule-mixed,3,12,1000,3,3,0,0,0,optimal,optimal,20,24,f79562ec6ed442cb,4,3,4,constructed fixture v1,7,1,0.147708,0.138583,0.155667,104,,4,2,7f1368e1dc559f1f,20310.34202615972,2392064,0.001086,0.00115,0.007777334000000025,147,143,399,157,11,1,191,421,1,,,,,,,,,,,,,,,,,,,,,,,,,,,,,,,,,,,,
bounded-schedule-mixed,3,12,1000,3,3,0,0,0,feasible,feasible,20,24,f79562ec6ed442cb,4,3,4,constructed fixture v1,7,1,0.109042,0.106042,0.109666,104,,4,2,7f1368e1dc559f1f,27512.334696722362,2342912,0.001028,0.001165,0.007853375000003382,0,0,0,0,0,0,0,0,0,0,0,,,,,,,,,,,,,,,,,,,,,,,,,,,,,,,,,,
schedule-mixed,3,13,1000,3,3,0,0,0,optimal,optimal,22,24,b43d38171c6f7cb8,4,3,4,constructed fixture v1,7,1,0.205542,0.184666,0.234625,3,,3,4,20e51bbb4aadb0db,14595.557112414981,2457600,0.001138,0.001045,0.007770292000000012,202,198,553,217,16,1,301,601,1,,,,,,,,,,,,,,,,,,,,,,,,,,,,,,,,,,,,
bounded-schedule-mixed,3,13,1000,3,3,0,0,0,feasible,feasible,22,24,b43d38171c6f7cb8,4,3,4,constructed fixture v1,7,1,0.077,0.07475,0.084917,3,,3,4,20e51bbb4aadb0db,38961.03896103896,2277376,0.001035,0.0012389999999999999,0.007795999999999026,0,0,0,0,0,0,0,0,0,0,0,,,,,,,,,,,,,,,,,,,,,,,,,,,,,,,,,,
schedule-mixed,3,14,1000,3,3,0,0,0,optimal,optimal,21,24,c4e221e4cfe823f0,4,3,5,constructed fixture v1,7,1,0.10325,0.102709,0.104417,116,,5,1,9fd47ab865f3eb41,29055.690072639227,2260992,0.001084,0.001183,0.007794082999996732,137,129,174,71,2,2,239,349,1,,,,,,,,,,,,,,,,,,,,,,,,,,,,,,,,,,,,
bounded-schedule-mixed,3,14,1000,3,3,0,0,0,feasible,feasible,21,24,c4e221e4cfe823f0,4,3,5,constructed fixture v1,7,1,0.10525,0.104792,0.109,116,,5,1,9fd47ab865f3eb41,28503.562945368172,2375680,0.001165,0.001236,0.007595208999997993,0,0,0,0,0,0,0,0,0,0,0,,,,,,,,,,,,,,,,,,,,,,,,,,,,,,,,,,
schedule-mixed,3,15,1000,3,3,0,0,0,optimal,optimal,18,24,476fd698db4c901a,4,3,6,constructed fixture v1,7,1,0.137625,0.1345,0.138291,102,,3,2,a6a99890dd829853,21798.365122615804,2359296,0.001081,0.0011799999999999998,0.0077192500000009545,164,160,414,165,2,1,93,325,1,,,,,,,,,,,,,,,,,,,,,,,,,,,,,,,,,,,,
bounded-schedule-mixed,3,15,1000,3,3,0,0,0,feasible,feasible,18,24,476fd698db4c901a,4,3,6,constructed fixture v1,7,1,0.086708,0.082667,0.100916,102,,3,2,a6a99890dd829853,34598.88360935554,2260992,0.001019,0.0014659999999999999,0.008007958000000315,0,0,0,0,0,0,0,0,0,0,0,,,,,,,,,,,,,,,,,,,,,,,,,,,,,,,,,,
schedule-mixed,3,16,1000,3,3,0,0,0,optimal,optimal,17,24,6852e77f7088d429,4,3,5,constructed fixture v1,7,1,0.2365,0.223875,0.238667,201,,3,3,6c508e1c3d638eaf,12684.989429175477,2523136,0.0011719999999999999,0.001258,0.007910250000001895,341,337,903,340,0,1,128,599,1,,,,,,,,,,,,,,,,,,,,,,,,,,,,,,,,,,,,
bounded-schedule-mixed,3,16,1000,3,3,0,0,0,feasible,feasible,17,24,6852e77f7088d429,4,3,5,constructed fixture v1,7,1,0.111,0.107666,0.119833,201,,3,3,6c508e1c3d638eaf,27027.027027027027,2326528,0.001029,0.001171,0.008076082999998846,0,0,0,0,0,0,0,0,0,0,0,,,,,,,,,,,,,,,,,,,,,,,,,,,,,,,,,,
schedule-mixed,3,17,1000,3,3,0,0,0,optimal,optimal,19,24,863ab72d76d1f860,4,3,6,constructed fixture v1,7,1,0.13225,0.130125,0.135083,110,,3,4,7d63df0f539351d5,22684.31001890359,2359296,0.001122,0.001108,0.00766595799999692,198,190,373,148,2,2,124,335,1,,,,,,,,,,,,,,,,,,,,,,,,,,,,,,,,,,,,
bounded-schedule-mixed,3,17,1000,3,3,0,0,0,feasible,feasible,19,24,863ab72d76d1f860,4,3,6,constructed fixture v1,7,1,0.088625,0.087875,0.090333,110,,3,4,7d63df0f539351d5,33850.49365303244,2277376,0.001032,0.001099,0.00755475000000061,0,0,0,0,0,0,0,0,0,0,0,,,,,,,,,,,,,,,,,,,,,,,,,,,,,,,,,,
schedule-mixed,3,18,1000,3,3,0,0,0,optimal,optimal,18,24,2e983c8d55b5928a,4,3,5,constructed fixture v1,7,1,0.111334,0.111125,0.121417,202,,3,1,d38cccf3a56921ad,26945.946431458495,2293760,0.001036,0.001016,0.007566416000003073,112,108,278,111,0,1,189,364,1,,,,,,,,,,,,,,,,,,,,,,,,,,,,,,,,,,,,
bounded-schedule-mixed,3,18,1000,3,3,0,0,0,feasible,feasible,18,24,2e983c8d55b5928a,4,3,5,constructed fixture v1,7,1,0.090958,0.088041,0.092291,202,,3,1,d38cccf3a56921ad,32982.255546515975,2293760,0.001014,0.001003,0.007578250000001674,0,0,0,0,0,0,0,0,0,0,0,,,,,,,,,,,,,,,,,,,,,,,,,,,,,,,,,,
schedule-mixed,3,19,1000,3,3,0,0,0,optimal,optimal,23,24,d6abceca535a7cc2,4,3,3,constructed fixture v1,7,1,0.156333,0.155,0.160291,4,,4,4,eb4a78632ea65201,19189.806374853677,2408448,0.0011229999999999999,0.001284,0.007884082999996878,181,177,458,182,2,1,276,521,1,,,,,,,,,,,,,,,,,,,,,,,,,,,,,,,,,,,,
bounded-schedule-mixed,3,19,1000,3,3,0,0,0,feasible,feasible,23,24,d6abceca535a7cc2,4,3,3,constructed fixture v1,7,1,0.114375,0.109708,0.11775,4,,4,4,eb4a78632ea65201,26229.508196721312,2326528,0.001071,0.001111,0.007721458000002457,0,0,0,0,0,0,0,0,0,0,0,,,,,,,,,,,,,,,,,,,,,,,,,,,,,,,,,,
schedule-mixed,3,20,1000,3,3,0,0,0,optimal,optimal,18,24,377cff865ba0b171,4,3,5,constructed fixture v1,7,1,0.095208,0.086917,0.099833,200,,3,1,4230b9f6ae77d0f6,31509.95714645828,2228224,0.001058,0.0011179999999999999,0.00757954199999844,133,125,158,66,30,1,192,300,1,,,,,,,,,,,,,,,,,,,,,,,,,,,,,,,,,,,,
bounded-schedule-mixed,3,20,1000,3,3,0,0,0,feasible,feasible,18,24,377cff865ba0b171,4,3,5,constructed fixture v1,7,1,0.101791,0.101125,0.10325,200,,3,1,4230b9f6ae77d0f6,29472.153726753837,2293760,0.001049,0.001101,0.00763495800000058,0,0,0,0,0,0,0,0,0,0,0,,,,,,,,,,,,,,,,,,,,,,,,,,,,,,,,,,
schedule-mixed,3,21,1000,3,3,0,0,0,optimal,optimal,21,24,2c597db7635f09c5,4,3,3,constructed fixture v1,7,1,0.108416,0.106625,0.108709,105,,4,3,3c60169402c09087,27671.192443919717,2277376,0.001046,0.001179,0.007669916999997639,91,87,224,92,2,1,207,345,1,,,,,,,,,,,,,,,,,,,,,,,,,,,,,,,,,,,,
bounded-schedule-mixed,3,21,1000,3,3,0,0,0,feasible,feasible,21,24,2c597db7635f09c5,4,3,3,constructed fixture v1,7,1,0.100292,0.098708,0.102542,105,,4,3,3c60169402c09087,29912.655047261993,2326528,0.001151,0.001323,0.007977083000000107,0,0,0,0,0,0,0,0,0,0,0,,,,,,,,,,,,,,,,,,,,,,,,,,,,,,,,,,
schedule-mixed,3,22,1000,3,3,0,0,0,optimal,optimal,19,24,9ce3f3cbdcc1ecd3,4,3,5,constructed fixture v1,7,1,0.236917,0.235917,0.238417,202,,3,3,16be99400eb056fd,12662.662451407034,2621440,0.001175,0.001075,0.007717584000001665,352,348,949,351,0,1,79,547,1,,,,,,,,,,,,,,,,,,,,,,,,,,,,,,,,,,,,
bounded-schedule-mixed,3,22,1000,3,3,0,0,0,feasible,feasible,19,24,9ce3f3cbdcc1ecd3,4,3,5,constructed fixture v1,7,1,0.122917,0.1195,0.129166,202,,3,3,16be99400eb056fd,24406.713473319393,2326528,0.001052,0.001433,0.0075841660000008915,0,0,0,0,0,0,0,0,0,0,0,,,,,,,,,,,,,,,,,,,,,,,,,,,,,,,,,,
schedule-mixed,3,23,1000,3,3,0,0,0,optimal,optimal,19,24,b78760b6f69cc9a8,4,3,5,constructed fixture v1,7,1,0.115417,0.114125,0.117,104,,4,2,9adcec1729074b0e,25992.70471421021,2310144,0.001112,0.001197,0.007555916000001162,143,138,282,112,9,1,180,350,1,,,,,,,,,,,,,,,,,,,,,,,,,,,,,,,,,,,,
bounded-schedule-mixed,3,23,1000,3,3,0,0,0,feasible,feasible,19,24,b78760b6f69cc9a8,4,3,5,constructed fixture v1,7,1,0.102416,0.102208,0.104917,104,,4,2,9adcec1729074b0e,29292.29807842525,2260992,0.001041,0.001292,0.007561666999997385,0,0,0,0,0,0,0,0,0,0,0,,,,,,,,,,,,,,,,,,,,,,,,,,,,,,,,,,
schedule-mixed,3,24,1000,3,3,0,0,0,optimal,optimal,14,24,5cab0149550ca9df,4,3,6,constructed fixture v1,7,1,0.1195,0.119042,0.123625,300,,3,0,d6ff11d00adc86f2,25104.602510460252,2310144,0.0009559999999999999,0.000949,0.007498958000002887,131,127,328,130,0,1,150,341,1,,,,,,,,,,,,,,,,,,,,,,,,,,,,,,,,,,,,
bounded-schedule-mixed,3,24,1000,3,3,0,0,0,feasible,feasible,14,24,5cab0149550ca9df,4,3,6,constructed fixture v1,7,1,0.05575,0.052625,0.062333,300,,3,0,d6ff11d00adc86f2,53811.659192825115,2162688,0.000906,0.0009419999999999999,0.007633542000000659,0,0,0,0,0,0,0,0,0,0,0,,,,,,,,,,,,,,,,,,,,,,,,,,,,,,,,,,
schedule-mixed,3,25,1000,3,3,0,0,0,optimal,optimal,18,24,04dfc67a65a0fbb1,4,3,3,constructed fixture v1,7,1,0.181292,0.175708,0.18425,10,,3,3,21924cacc992a946,16547.88959248064,2473984,0.0010789999999999999,0.00101,0.007621374999999375,242,238,684,264,23,1,143,503,1,,,,,,,,,,,,,,,,,,,,,,,,,,,,,,,,,,,,
bounded-schedule-mixed,3,25,1000,3,3,0,0,0,feasible,feasible,18,24,04dfc67a65a0fbb1,4,3,3,constructed fixture v1,7,1,0.1095,0.107417,0.126,10,,3,3,21924cacc992a946,27397.260273972603,2326528,0.001003,0.000982,0.007611125000000385,0,0,0,0,0,0,0,0,0,0,0,,,,,,,,,,,,,,,,,,,,,,,,,,,,,,,,,,
schedule-mixed,3,26,1000,3,3,0,0,0,optimal,optimal,18,24,5885f1ae04e597aa,4,3,5,constructed fixture v1,7,1,0.099167,0.097708,0.102583,202,,4,0,de6ae93050f30b6e,30251.999152944023,2277376,0.001031,0.000992,0.007538624999998689,110,106,273,109,0,1,122,278,1,,,,,,,,,,,,,,,,,,,,,,,,,,,,,,,,,,,,
bounded-schedule-mixed,3,26,1000,3,3,0,0,0,feasible,feasible,18,24,5885f1ae04e597aa,4,3,5,constructed fixture v1,7,1,0.08925,0.08825,0.094834,202,,4,0,de6ae93050f30b6e,33613.44537815126,2310144,0.0009939999999999999,0.001109,0.007744999999999891,0,0,0,0,0,0,0,0,0,0,0,,,,,,,,,,,,,,,,,,,,,,,,,,,,,,,,,,
schedule-mixed,3,27,1000,3,3,0,0,0,optimal,optimal,18,24,79d5a341bd063119,4,3,5,constructed fixture v1,7,1,0.170875,0.161708,0.177084,202,,3,0,82625122b1805df2,17556.69348939283,2424832,0.001113,0.001148,0.007778583000000339,201,197,514,200,0,1,199,483,1,,,,,,,,,,,,,,,,,,,,,,,,,,,,,,,,,,,,
bounded-schedule-mixed,3,27,1000,3,3,0,0,0,feasible,feasible,18,24,79d5a341bd063119,4,3,5,constructed fixture v1,7,1,0.105042,0.100084,0.106459,202,,3,0,82625122b1805df2,28560.00456960073,2260992,0.001029,0.001178,0.007591459000000356,0,0,0,0,0,0,0,0,0,0,0,,,,,,,,,,,,,,,,,,,,,,,,,,,,,,,,,,
schedule-mixed,3,28,1000,3,3,0,0,0,optimal,optimal,21,24,ef8afb3d7f39c18a,4,3,4,constructed fixture v1,7,1,0.140208,0.132292,0.141375,200,,3,1,3a85ccb07b5b0b65,21396.781923998627,2359296,0.0010869999999999999,0.00114,0.007784415999999794,274,266,361,143,6,2,131,345,1,,,,,,,,,,,,,,,,,,,,,,,,,,,,,,,,,,,,
bounded-schedule-mixed,3,28,1000,3,3,0,0,0,feasible,feasible,21,24,ef8afb3d7f39c18a,4,3,4,constructed fixture v1,7,1,0.113125,0.11275,0.122042,200,,3,1,3a85ccb07b5b0b65,26519.337016574587,2326528,0.0010969999999999999,0.0011949999999999999,0.00769795799999784,0,0,0,0,0,0,0,0,0,0,0,,,,,,,,,,,,,,,,,,,,,,,,,,,,,,,,,,
schedule-mixed,3,29,1000,3,3,0,0,0,optimal,optimal,21,24,5acb4f06ec1de49e,4,3,4,constructed fixture v1,7,1,0.1505,0.143625,0.154042,18,,5,6,a26debf1371a3144,19933.554817275748,2392064,0.001109,0.001201,0.007810208000002206,169,165,432,169,1,1,152,399,1,,,,,,,,,,,,,,,,,,,,,,,,,,,,,,,,,,,,
bounded-schedule-mixed,3,29,1000,3,3,0,0,0,feasible,feasible,21,24,5acb4f06ec1de49e,4,3,4,constructed fixture v1,7,1,0.121084,0.117834,0.127417,18,,5,6,a26debf1371a3144,24776.18843117175,2375680,0.0010999999999999998,0.001194,0.00783133300000216,0,0,0,0,0,0,0,0,0,0,0,,,,,,,,,,,,,,,,,,,,,,,,,,,,,,,,,,
schedule-mixed,3,30,1000,3,3,0,0,0,optimal,optimal,17,24,983143106b28d972,4,3,5,constructed fixture v1,7,1,0.112,0.111666,0.12225,117,,4,2,60899f2a7fcd52fb,26785.714285714286,2293760,0.001089,0.0011799999999999998,0.007904083999999756,107,103,279,113,7,1,175,346,1,,,,,,,,,,,,,,,,,,,,,,,,,,,,,,,,,,,,
bounded-schedule-mixed,3,30,1000,3,3,0,0,0,feasible,feasible,17,24,983143106b28d972,4,3,5,constructed fixture v1,7,1,0.122083,0.109333,0.12325,117,,4,2,60899f2a7fcd52fb,24573.445934323372,2326528,0.001037,0.0012289999999999998,0.0078770420000005,0,0,0,0,0,0,0,0,0,0,0,,,,,,,,,,,,,,,,,,,,,,,,,,,,,,,,,,
schedule-mixed,3,31,1000,3,3,0,0,0,optimal,optimal,22,24,4ee587f919fd4f27,4,3,6,constructed fixture v1,7,1,0.131708,0.129917,0.134458,110,,3,0,6c351912620494d7,22777.659671394296,2326528,0.001089,0.001121,0.007938749999997441,119,115,292,118,0,1,283,470,1,,,,,,,,,,,,,,,,,,,,,,,,,,,,,,,,,,,,
bounded-schedule-mixed,3,31,1000,3,3,0,0,0,feasible,feasible,22,24,4ee587f919fd4f27,4,3,6,constructed fixture v1,7,1,0.136792,0.121708,0.152542,110,,3,0,6c351912620494d7,21931.107082285514,2392064,0.001188,0.0015409999999999998,0.008148165999998014,0,0,0,0,0,0,0,0,0,0,0,,,,,,,,,,,,,,,,,,,,,,,,,,,,,,,,,,
schedule-mixed,5,32,1000,3,3,0,0,0,optimal,optimal,22,24,e30cb2420d4f8654,4,5,7,constructed fixture v1,7,1,0.326542,0.326209,0.340334,106,,7,6,3b336af2b8dd5793,15311.96599518592,2686976,0.001292,0.001098,0.0077235830000006445,775,765,1105,417,45,1,454,1029,1,,,,,,,,,,,,,,,,,,,,,,,,,,,,,,,,,,,,
bounded-schedule-mixed,5,32,1000,3,3,0,0,0,feasible,feasible,22,24,e30cb2420d4f8654,4,5,7,constructed fixture v1,7,1,0.345333,0.342125,0.345708,106,,7,6,3b336af2b8dd5793,14478.778454419356,2572288,0.001303,0.001267,0.007980040999999716,0,0,0,0,0,0,0,0,0,0,0,,,,,,,,,,,,,,,,,,,,,,,,,,,,,,,,,,
schedule-mixed,5,33,1000,3,3,0,0,0,optimal,optimal,20,24,b02a03e89a2a0a78,4,5,7,constructed fixture v1,7,1,0.26675,0.266041,0.267333,210,,5,5,d5fbae4777b5ecb1,18744.142455482663,2588672,0.001202,0.0011949999999999999,0.007719832999999454,850,836,854,336,56,2,290,758,1,,,,,,,,,,,,,,,,,,,,,,,,,,,,,,,,,,,,
bounded-schedule-mixed,5,33,1000,3,3,0,0,0,feasible,feasible,20,24,b02a03e89a2a0a78,4,5,7,constructed fixture v1,7,1,0.223667,0.218834,0.229125,210,,5,5,d5fbae4777b5ecb1,22354.66117040064,2457600,0.00117,0.001037,0.007606208000002113,0,0,0,0,0,0,0,0,0,0,0,,,,,,,,,,,,,,,,,,,,,,,,,,,,,,,,,,
schedule-mixed,5,34,1000,3,3,0,0,0,optimal,optimal,19,24,2842ab86e6196a95,4,5,8,constructed fixture v1,7,1,0.348333,0.344333,0.352833,207,,6,7,c230916ce0b59f6f,14354.080721608347,2719744,0.001303,0.00112,0.007674250000000882,456,450,1329,507,52,1,264,960,1,,,,,,,,,,,,,,,,,,,,,,,,,,,,,,,,,,,,
bounded-schedule-mixed,5,34,1000,3,3,0,0,0,feasible,feasible,19,24,2842ab86e6196a95,4,5,8,constructed fixture v1,7,1,0.303416,0.286709,0.308125,207,,6,7,c230916ce0b59f6f,16479.025496348248,2506752,0.0012829999999999999,0.001201,0.007636124999997662,0,0,0,0,0,0,0,0,0,0,0,,,,,,,,,,,,,,,,,,,,,,,,,,,,,,,,,,
schedule-mixed,5,35,1000,3,3,0,0,0,optimal,optimal,22,24,7dc85de77e1dc572,4,5,9,constructed fixture v1,7,1,0.994792,0.987417,0.995958,209,,5,3,fa802478f748ce60,5026.176326307409,2654208,0.001966,0.001064,0.0076168750000000784,18899,18449,1068,411,6008,4,397,962,1,,,,,,,,,,,,,,,,,,,,,,,,,,,,,,,,,,,,
bounded-schedule-mixed,5,35,1000,3,3,0,0,0,feasible,feasible,22,24,7dc85de77e1dc572,4,5,9,constructed fixture v1,7,1,0.248709,0.2385,0.261709,209,,5,3,fa802478f748ce60,20103.81610637331,2523136,0.001217,0.001183,0.007659041999996674,0,0,0,0,0,0,0,0,0,0,0,,,,,,,,,,,,,,,,,,,,,,,,,,,,,,,,,,
schedule-mixed,5,36,1000,3,3,0,0,0,optimal,optimal,14,24,932683ea1c3a42a8,4,5,7,constructed fixture v1,7,1,0.194958,0.1945,0.210917,309,,5,3,b4f860444f284faf,25646.549513228492,2408448,0.001184,0.0012519999999999999,0.007614875000001575,934,908,610,240,141,1,206,572,1,,,,,,,,,,,,,,,,,,,,,,,,,,,,,,,,,,,,
bounded-schedule-mixed,5,36,1000,3,3,0,0,0,feasible,feasible,14,24,932683ea1c3a42a8,4,5,7,constructed fixture v1,7,1,0.221375,0.21825,0.248334,309,,5,3,b4f860444f284faf,22586.109542631282,2441216,0.001126,0.001029,0.007527708000001354,0,0,0,0,0,0,0,0,0,0,0,,,,,,,,,,,,,,,,,,,,,,,,,,,,,,,,,,
schedule-mixed,5,37,1000,3,3,0,0,0,optimal,optimal,17,24,39b668f35be66df7,4,5,8,constructed fixture v1,7,1,0.199209,0.198875,0.215917,206,,5,4,98de1f5eae08969e,25099.267603371332,2441216,0.001112,0.001013,0.007499082999999018,251,245,635,250,0,1,346,707,1,,,,,,,,,,,,,,,,,,,,,,,,,,,,,,,,,,,,
bounded-schedule-mixed,5,37,1000,3,3,0,0,0,feasible,feasible,17,24,39b668f35be66df7,4,5,8,constructed fixture v1,7,1,0.183042,0.18275,0.217833,206,,5,4,98de1f5eae08969e,27316.135094677724,2473984,0.001009,0.001035,0.007558334000002276,0,0,0,0,0,0,0,0,0,0,0,,,,,,,,,,,,,,,,,,,,,,,,,,,,,,,,,,
schedule-mixed,5,38,1000,3,3,0,0,0,optimal,optimal,19,24,da1abe7775cd70a2,4,5,9,constructed fixture v1,7,1,0.235917,0.226584,0.237042,203,,5,3,e1da7da6ab667e4e,21193.894462883134,2588672,0.001014,0.000877,0.007637875000000349,330,324,895,347,18,1,275,766,1,,,,,,,,,,,,,,,,,,,,,,,,,,,,,,,,,,,,
bounded-schedule-mixed,5,38,1000,3,3,0,0,0,feasible,feasible,19,24,da1abe7775cd70a2,4,5,9,constructed fixture v1,7,1,0.19225,0.191334,0.193208,203,,5,3,e1da7da6ab667e4e,26007.80234070221,2441216,0.0010609999999999999,0.000935,0.007559249999999906,0,0,0,0,0,0,0,0,0,0,0,,,,,,,,,,,,,,,,,,,,,,,,,,,,,,,,,,
schedule-mixed,5,39,1000,3,3,0,0,0,optimal,optimal,22,24,7ec61bc4a535a460,4,5,8,constructed fixture v1,7,1,0.213666,0.211083,0.22625,307,,5,0,5796ad60e8dcad32,23401.0090515103,2523136,0.001107,0.0009519999999999999,0.007583625000002314,276,270,724,278,3,1,258,672,1,,,,,,,,,,,,,,,,,,,,,,,,,,,,,,,,,,,,
bounded-schedule-mixed,5,39,1000,3,3,0,0,0,feasible,feasible,22,24,7ec61bc4a535a460,4,5,8,constructed fixture v1,7,1,0.243542,0.238625,0.247792,307,,5,0,5796ad60e8dcad32,20530.33973606195,2523136,0.001194,0.001036,0.007791207999996885,0,0,0,0,0,0,0,0,0,0,0,,,,,,,,,,,,,,,,,,,,,,,,,,,,,,,,,,
schedule-mixed,5,40,1000,3,3,0,0,0,optimal,optimal,15,24,f890c9142d82a749,4,5,7,constructed fixture v1,7,1,0.263208,0.259667,0.263875,111,,8,5,e01abf49d55c2511,18996.383088659917,2473984,0.00114,0.000987,0.007519166999998106,2080,2028,746,289,317,3,368,771,1,,,,,,,,,,,,,,,,,,,,,,,,,,,,,,,,,,,,
bounded-schedule-mixed,5,40,1000,3,3,0,0,0,feasible,feasible,15,24,f890c9142d82a749,4,5,7,constructed fixture v1,7,1,0.239792,0.236541,0.243084,111,,8,5,e01abf49d55c2511,20851.40455061053,2490368,0.001176,0.000996,0.007573415999999611,0,0,0,0,0,0,0,0,0,0,0,,,,,,,,,,,,,,,,,,,,,,,,,,,,,,,,,,
schedule-mixed,5,41,1000,3,3,0,0,0,optimal,optimal,20,24,6f679a194b3db6b4,4,5,9,constructed fixture v1,7,1,0.352917,0.352125,0.37125,26,,7,6,3433767d9f335db4,14167.637149811431,2588672,0.0012749999999999999,0.001045,0.007647167000001787,2654,2568,907,349,2157,3,427,929,1,,,,,,,,,,,,,,,,,,,,,,,,,,,,,,,,,,,,
bounded-schedule-mixed,5,41,1000,3,3,0,0,0,feasible,feasible,20,24,6f679a194b3db6b4,4,5,9,constructed fixture v1,7,1,0.260625,0.243833,0.262958,26,,7,6,3433767d9f335db4,19184.65227817746,2523136,0.001193,0.001018,0.007717750000001189,0,0,0,0,0,0,0,0,0,0,0,,,,,,,,,,,,,,,,,,,,,,,,,,,,,,,,,,
schedule-mixed,5,42,1000,3,3,0,0,0,optimal,optimal,20,24,24925befe934da5b,4,5,7,constructed fixture v1,7,1,0.288792,0.282833,0.289083,110,,5,3,0e08a6ab3f2a11b0,17313.498988891657,2605056,0.0011719999999999999,0.001116,0.0077401660000013806,1814,1777,896,350,158,1,172,682,1,,,,,,,,,,,,,,,,,,,,,,,,,,,,,,,,,,,,
bounded-schedule-mixed,5,42,1000,3,3,0,0,0,feasible,feasible,20,24,24925befe934da5b,4,5,7,constructed fixture v1,7,1,0.269041,0.260709,0.270958,110,,5,3,0e08a6ab3f2a11b0,18584.528008742163,2473984,0.0012,0.000991,0.007657125000001486,0,0,0,0,0,0,0,0,0,0,0,,,,,,,,,,,,,,,,,,,,,,,,,,,,,,,,,,
schedule-mixed,5,43,1000,3,3,0,0,0,optimal,optimal,20,24,c0a3d805c4c7da60,4,5,9,constructed fixture v1,7,1,0.33625,0.335917,0.337667,113,,6,7,8ee8962934a394f6,14869.888475836431,2588672,0.0012159999999999999,0.0009599999999999999,0.007628167000000019,2284,2246,971,374,412,4,465,988,1,,,,,,,,,,,,,,,,,,,,,,,,,,,,,,,,,,,,
bounded-schedule-mixed,5,43,1000,3,3,0,0,0,feasible,feasible,20,24,c0a3d805c4c7da60,4,5,9,constructed fixture v1,7,1,0.304208,0.300959,0.305875,113,,6,7,8ee8962934a394f6,16436.122652921687,2523136,0.001245,0.001029,0.00771916600000111,0,0,0,0,0,0,0,0,0,0,0,,,,,,,,,,,,,,,,,,,,,,,,,,,,,,,,,,
schedule-mixed,5,44,1000,3,3,0,0,0,optimal,optimal,22,24,8a8b8304e78c0e58,4,5,8,constructed fixture v1,7,1,0.676708,0.667917,0.6905,210,,8,6,d284fe0c2d056a18,7388.711231432169,2572288,0.001567,0.001023,0.007618917000002057,13185,12879,833,325,938,1,383,854,1,,,,,,,,,,,,,,,,,,,,,,,,,,,,,,,,,,,,
bounded-schedule-mixed,5,44,1000,3,3,0,0,0,feasible,feasible,22,24,8a8b8304e78c0e58,4,5,8,constructed fixture v1,7,1,0.309042,0.294167,0.320458,210,,8,6,d284fe0c2d056a18,16179.030681913786,2555904,0.001202,0.0010069999999999999,0.007641124999999249,0,0,0,0,0,0,0,0,0,0,0,,,,,,,,,,,,,,,,,,,,,,,,,,,,,,,,,,
schedule-mixed,5,45,1000,3,3,0,0,0,optimal,optimal,18,24,63aa752014959279,4,5,8,constructed fixture v1,7,1,0.343125,0.330292,0.356625,213,,7,3,3568bdb0d6e83511,14571.948998178506,2654208,0.0012309999999999999,0.001202,0.00782595800000152,1410,1390,1191,453,111,2,369,1019,1,,,,,,,,,,,,,,,,,,,,,,,,,,,,,,,,,,,,
bounded-schedule-mixed,5,45,1000,3,3,0,0,0,feasible,feasible,18,24,63aa752014959279,4,5,8,constructed fixture v1,7,1,0.33075,0.322959,0.35875,213,,7,3,3568bdb0d6e83511,15117.157974300831,2539520,0.0012439999999999999,0.001225,0.007656083000000535,0,0,0,0,0,0,0,0,0,0,0,,,,,,,,,,,,,,,,,,,,,,,,,,,,,,,,,,
schedule-mixed,5,46,1000,3,3,0,0,0,optimal,optimal,18,24,8b2d808eb9fd7276,4,5,7,constructed fixture v1,7,1,0.288125,0.284584,0.292416,208,,6,6,c6b9c69792dd3983,17353.57917570499,2605056,0.001246,0.00122,0.007593500000002251,564,554,980,379,10,2,419,956,1,,,,,,,,,,,,,,,,,,,,,,,,,,,,,,,,,,,,
bounded-schedule-mixed,5,46,1000,3,3,0,0,0,feasible,feasible,18,24,8b2d808eb9fd7276,4,5,7,constructed fixture v1,7,1,0.265708,0.245584,0.304958,208,,6,6,c6b9c69792dd3983,18817.64944977193,2490368,0.001241,0.001204,0.007672958000000563,0,0,0,0,0,0,0,0,0,0,0,,,,,,,,,,,,,,,,,,,,,,,,,,,,,,,,,,
schedule-mixed,5,47,1000,3,3,0,0,0,optimal,optimal,20,24,a5b1212488c09231,4,5,8,constructed fixture v1,7,1,0.292584,0.278375,0.30825,216,,6,5,670e3680fd0e896e,17089.10945232822,2506752,0.001194,0.001291,0.00802908300000027,2156,2114,692,268,88,3,378,799,1,,,,,,,,,,,,,,,,,,,,,,,,,,,,,,,,,,,,
bounded-schedule-mixed,5,47,1000,3,3,0,0,0,feasible,feasible,20,24,a5b1212488c09231,4,5,8,constructed fixture v1,7,1,0.31025,0.306709,0.313958,216,,6,5,670e3680fd0e896e,16116.035455277999,2555904,0.0012289999999999998,0.001106,0.007523291999998349,0,0,0,0,0,0,0,0,0,0,0,,,,,,,,,,,,,,,,,,,,,,,,,,,,,,,,,,
schedule-mixed,5,48,1000,3,3,0,0,0,optimal,optimal,18,24,c6a804dad007e743,4,5,9,constructed fixture v1,7,1,0.245875,0.243416,0.247,306,,5,1,c326f68971110a87,20335.536349771224,2506752,0.0011769999999999999,0.001175,0.007688583000000193,1625,1572,722,284,82,2,249,661,1,,,,,,,,,,,,,,,,,,,,,,,,,,,,,,,,,,,,
bounded-schedule-mixed,5,48,1000,3,3,0,0,0,feasible,feasible,18,24,c6a804dad007e743,4,5,9,constructed fixture v1,7,1,0.178208,0.16975,0.180833,306,,5,1,c326f68971110a87,28057.101813611058,2424832,0.001201,0.001292,0.007921582999998122,0,0,0,0,0,0,0,0,0,0,0,,,,,,,,,,,,,,,,,,,,,,,,,,,,,,,,,,
schedule-mixed,5,49,1000,3,3,0,0,0,optimal,optimal,17,24,28b598bfeb6f89e2,4,5,5,constructed fixture v1,7,1,0.30025,0.295667,0.30225,107,,5,4,b3dbcf038a48bc64,16652.78934221482,2555904,0.0012439999999999999,0.0012289999999999998,0.00765512499999943,1790,1763,859,332,18,2,383,867,1,,,,,,,,,,,,,,,,,,,,,,,,,,,,,,,,,,,,
bounded-schedule-mixed,5,49,1000,3,3,0,0,0,feasible,feasible,17,24,28b598bfeb6f89e2,4,5,5,constructed fixture v1,7,1,0.204834,0.197416,0.229917,107,,5,4,b3dbcf038a48bc64,24410.010056924144,2473984,0.001181,0.001155,0.007754999999999512,0,0,0,0,0,0,0,0,0,0,0,,,,,,,,,,,,,,,,,,,,,,,,,,,,,,,,,,
schedule-mixed,5,50,1000,3,3,0,0,0,optimal,optimal,17,24,b4b633eff76f326b,4,5,7,constructed fixture v1,7,1,0.639708,0.639292,0.648959,205,,5,5,84c94ed38bd48820,7816.066080149068,2670592,0.001586,0.00122,0.007732542000002951,10625,10500,1234,473,174,2,230,890,1,,,,,,,,,,,,,,,,,,,,,,,,,,,,,,,,,,,,
bounded-schedule-mixed,5,50,1000,3,3,0,0,0,feasible,feasible,17,24,b4b633eff76f326b,4,5,7,constructed fixture v1,7,1,0.213625,0.202959,0.236667,205,,5,5,84c94ed38bd48820,23405.500292568755,2490368,0.001158,0.001063,0.00777291700000049,0,0,0,0,0,0,0,0,0,0,0,,,,,,,,,,,,,,,,,,,,,,,,,,,,,,,,,,
schedule-mixed,5,51,1000,3,3,0,0,0,optimal,optimal,19,24,beed6055e8be2ea5,4,5,7,constructed fixture v1,7,1,0.211708,0.207291,0.215541,104,,5,4,01cdde7abb47ba50,23617.43533546205,2506752,0.001117,0.001039,0.007812916999998976,363,355,695,269,39,1,344,741,1,,,,,,,,,,,,,,,,,,,,,,,,,,,,,,,,,,,,
bounded-schedule-mixed,5,51,1000,3,3,0,0,0,feasible,feasible,19,24,beed6055e8be2ea5,4,5,7,constructed fixture v1,7,1,0.219583,0.217917,0.243583,104,,5,4,01cdde7abb47ba50,22770.433048095707,2490368,0.00116,0.001119,0.007925374999999235,0,0,0,0,0,0,0,0,0,0,0,,,,,,,,,,,,,,,,,,,,,,,,,,,,,,,,,,
schedule-mixed,5,52,1000,3,3,0,0,0,optimal,optimal,16,24,d4874bf595197bc8,4,5,9,constructed fixture v1,7,1,0.19975,0.186958,0.20125,115,,5,3,f222110bd803d413,25031.289111389236,2457600,0.001088,0.001228,0.007891250000000127,584,566,639,253,14,2,215,571,1,,,,,,,,,,,,,,,,,,,,,,,,,,,,,,,,,,,,
bounded-schedule-mixed,5,52,1000,3,3,0,0,0,feasible,feasible,16,24,d4874bf595197bc8,4,5,9,constructed fixture v1,7,1,0.156125,0.142792,0.157083,115,,5,3,f222110bd803d413,32025.620496397114,2424832,0.001175,0.001206,0.0076914169999966475,0,0,0,0,0,0,0,0,0,0,0,,,,,,,,,,,,,,,,,,,,,,,,,,,,,,,,,,
schedule-mixed,5,53,1000,3,3,0,0,0,optimal,optimal,19,24,ed677d950ae702f9,4,5,7,constructed fixture v1,7,1,0.246458,0.234875,0.247542,210,,6,6,31549bbd1dca7582,20287.43234141314,2506752,0.0012129999999999999,0.001291,0.00798604199999886,697,683,699,272,38,2,412,815,1,,,,,,,,,,,,,,,,,,,,,,,,,,,,,,,,,,,,
bounded-schedule-mixed,5,53,1000,3,3,0,0,0,feasible,feasible,19,24,ed677d950ae702f9,4,5,7,constructed fixture v1,7,1,0.272583,0.267833,0.272916,210,,6,6,31549bbd1dca7582,18343.036799800426,2523136,0.001276,0.0015509999999999999,0.007749165999999974,0,0,0,0,0,0,0,0,0,0,0,,,,,,,,,,,,,,,,,,,,,,,,,,,,,,,,,,
schedule-mixed,5,54,1000,3,3,0,0,0,optimal,optimal,20,24,86e14b687404bfc1,4,5,8,constructed fixture v1,7,1,0.216083,0.209167,0.224666,208,,5,3,40060769d1a6118b,23139.256674518587,2457600,0.001242,0.001261,0.007943749999999028,260,254,657,259,0,1,434,808,1,,,,,,,,,,,,,,,,,,,,,,,,,,,,,,,,,,,,
bounded-schedule-mixed,5,54,1000,3,3,0,0,0,feasible,feasible,20,24,86e14b687404bfc1,4,5,8,constructed fixture v1,7,1,0.223375,0.216792,0.239875,208,,5,3,40060769d1a6118b,22383.88360380526,2457600,0.001168,0.001193,0.007890415999998623,0,0,0,0,0,0,0,0,0,0,0,,,,,,,,,,,,,,,,,,,,,,,,,,,,,,,,,,
schedule-mixed,5,55,1000,3,3,0,0,0,optimal,optimal,20,24,0b4ca1d55939034a,4,5,7,constructed fixture v1,7,1,0.338458,0.33125,0.34875,108,,6,8,72f7a6128e7ed9ce,14772.881716490674,2768896,0.001316,0.001249,0.007851875000000064,485,479,1300,489,5,1,220,888,1,,,,,,,,,,,,,,,,,,,,,,,,,,,,,,,,,,,,
bounded-schedule-mixed,5,55,1000,3,3,0,0,0,feasible,feasible,20,24,0b4ca1d55939034a,4,5,7,constructed fixture v1,7,1,0.301667,0.28975,0.310125,108,,6,8,72f7a6128e7ed9ce,16574.567320920087,2555904,0.0012699999999999999,0.001237,0.007769374999998746,0,0,0,0,0,0,0,0,0,0,0,,,,,,,,,,,,,,,,,,,,,,,,,,,,,,,,,,
schedule-mixed,5,56,1000,3,3,0,0,0,optimal,optimal,19,24,10d1656e06f2efdc,4,5,6,constructed fixture v1,7,1,0.226834,0.220459,0.239167,116,,7,8,2fb6f6af3fa4c151,22042.550940335223,2506752,0.001134,0.0011459999999999999,0.007739125000000513,449,437,764,298,40,2,324,753,1,,,,,,,,,,,,,,,,,,,,,,,,,,,,,,,,,,,,
bounded-schedule-mixed,5,56,1000,3,3,0,0,0,feasible,feasible,19,24,10d1656e06f2efdc,4,5,6,constructed fixture v1,7,1,0.237375,0.227125,0.261958,116,,7,8,2fb6f6af3fa4c151,21063.7177461822,2506752,0.001197,0.001174,0.007755416999998488,0,0,0,0,0,0,0,0,0,0,0,,,,,,,,,,,,,,,,,,,,,,,,,,,,,,,,,,
schedule-mixed,5,57,1000,3,3,0,0,0,optimal,optimal,18,24,b1d09c77404bfea5,4,5,6,constructed fixture v1,7,1,0.320834,0.317,0.327958,20,,6,9,0d3d4697168f51d9,15584.38320128166,2637824,0.001279,0.001157,0.007575082999998983,942,925,1010,391,156,4,534,1107,1,,,,,,,,,,,,,,,,,,,,,,,,,,,,,,,,,,,,
bounded-schedule-mixed,5,57,1000,3,3,0,0,0,feasible,feasible,18,24,b1d09c77404bfea5,4,5,6,constructed fixture v1,7,1,0.27925,0.273083,0.282709,20,,6,9,0d3d4697168f51d9,17905.10295434199,2539520,0.001241,0.001117,0.007509916000000061,0,0,0,0,0,0,0,0,0,0,0,,,,,,,,,,,,,,,,,,,,,,,,,,,,,,,,,,
schedule-mixed,5,58,1000,3,3,0,0,0,optimal,optimal,16,24,f70d70987b62e106,4,5,6,constructed fixture v1,7,1,0.232833,0.223625,0.235541,25,,6,5,27b6e62f6e257a2f,21474.619147629415,2506752,0.0012159999999999999,0.001096,0.007684541999999794,308,302,797,307,0,1,292,730,1,,,,,,,,,,,,,,,,,,,,,,,,,,,,,,,,,,,,
bounded-schedule-mixed,5,58,1000,3,3,0,0,0,feasible,feasible,16,24,f70d70987b62e106,4,5,6,constructed fixture v1,7,1,0.278667,0.261541,0.304042,25,,6,5,27b6e62f6e257a2f,17942.562269662354,2506752,0.0012599999999999998,0.001073,0.007606834000000617,0,0,0,0,0,0,0,0,0,0,0,,,,,,,,,,,,,,,,,,,,,,,,,,,,,,,,,,
schedule-mixed,5,59,1000,3,3,0,0,0,optimal,optimal,16,24,93db1bbbba54f854,4,5,9,constructed fixture v1,7,1,0.172084,0.164208,0.1795,311,,5,3,80a7b537a19725ec,29055.577508658567,2424832,0.001111,0.0012339999999999999,0.007989584000000605,191,185,478,190,0,1,210,499,1,,,,,,,,,,,,,,,,,,,,,,,,,,,,,,,,,,,,
bounded-schedule-mixed,5,59,1000,3,3,0,0,0,feasible,feasible,16,24,93db1bbbba54f854,4,5,9,constructed fixture v1,7,1,0.17625,0.1685,0.184458,311,,5,3,80a7b537a19725ec,28368.794326241135,2424832,0.001111,0.0012599999999999998,0.00769683300000068,0,0,0,0,0,0,0,0,0,0,0,,,,,,,,,,,,,,,,,,,,,,,,,,,,,,,,,,
schedule-mixed,5,60,1000,3,3,0,0,0,optimal,optimal,21,24,b64035588ef02cc8,4,5,8,constructed fixture v1,7,1,0.218584,0.20375,0.2315,127,,6,5,80ad2a3ab141957b,22874.50133587088,2523136,0.001077,0.001064,0.007686374999998691,707,691,700,276,42,2,142,542,1,,,,,,,,,,,,,,,,,,,,,,,,,,,,,,,,,,,,
bounded-schedule-mixed,5,60,1000,3,3,0,0,0,feasible,feasible,21,24,b64035588ef02cc8,4,5,8,constructed fixture v1,7,1,0.221458,0.216,0.230667,127,,6,5,80ad2a3ab141957b,22577.64451950257,2506752,0.001052,0.000927,0.007573374999999771,0,0,0,0,0,0,0,0,0,0,0,,,,,,,,,,,,,,,,,,,,,,,,,,,,,,,,,,
schedule-mixed,5,61,1000,3,3,0,0,0,optimal,optimal,18,24,1d48793f92c039b3,4,5,6,constructed fixture v1,7,1,0.231208,0.22075,0.236292,115,,6,6,513ccfbda8ead612,21625.54928895194,2457600,0.001072,0.000946,0.007791999999998467,243,237,646,251,9,1,417,786,1,,,,,,,,,,,,,,,,,,,,,,,,,,,,,,,,,,,,
bounded-schedule-mixed,5,61,1000,3,3,0,0,0,feasible,feasible,18,24,1d48793f92c039b3,4,5,6,constructed fixture v1,7,1,0.231084,0.2235,0.250083,115,,6,6,513ccfbda8ead612,21637.153589171037,2539520,0.001093,0.001039,0.007664417000000867,0,0,0,0,0,0,0,0,0,0,0,,,,,,,,,,,,,,,,,,,,,,,,,,,,,,,,,,
schedule-mixed,5,62,1000,3,3,0,0,0,optimal,optimal,16,24,fa2a36bad410eab5,4,5,9,constructed fixture v1,7,1,0.216041,0.205833,0.220292,206,,5,7,d258a1790e8018b6,23143.75512055582,2539520,0.001067,0.00095,0.007703958000000455,297,291,813,316,20,1,283,723,1,,,,,,,,,,,,,,,,,,,,,,,,,,,,,,,,,,,,
bounded-schedule-mixed,5,62,1000,3,3,0,0,0,feasible,feasible,16,24,fa2a36bad410eab5,4,5,9,constructed fixture v1,7,1,0.171959,0.168417,0.173625,206,,5,7,d258a1790e8018b6,29076.69851534377,2424832,0.001015,0.0009559999999999999,0.007621000000000322,0,0,0,0,0,0,0,0,0,0,0,,,,,,,,,,,,,,,,,,,,,,,,,,,,,,,,,,
schedule-mixed,5,63,1000,3,3,0,0,0,optimal,optimal,22,24,86c13ca954b91d21,4,5,6,constructed fixture v1,7,1,0.299708,0.293792,0.3075,216,,7,2,7b8a54ca4244cb59,16682.904693902066,2572288,0.00114,0.0009239999999999999,0.007509291000001639,568,557,926,350,35,2,559,1108,1,,,,,,,,,,,,,,,,,,,,,,,,,,,,,,,,,,,,
bounded-schedule-mixed,5,63,1000,3,3,0,0,0,feasible,feasible,22,24,86c13ca954b91d21,4,5,6,constructed fixture v1,7,1,0.448708,0.430917,0.463708,216,,7,2,7b8a54ca4244cb59,11143.104201396009,2588672,0.00134,0.000966,0.007664416000000784,0,0,0,0,0,0,0,0,0,0,0,,,,,,,,,,,,,,,,,,,,,,,,,,,,,,,,,,
sim-quality,3,0,3,3,3,0,0,0,simulated,simulated,,6,10a77d9d42a59fa9,2,,,,3,1,0.050167,0.046792,0.050959,407,407,,,67734fbf673d094c,,2293760,0.000971,0.000919,0.007606124999998798,0,4,7,7,0,0,0,18,7,0,0,,,,64,32,0,0,0,7,0,7,16,7,44,0,7,0,0,0,0,0,0,32,0,23333,23333,2.3333333333333335,139533.95658500606,59800.26710785975,0.0,0.0,0,15625,identical complete generated cohort; zero SLA; no carry-in or background; exact full schedule
bounded-sim-quality,3,0,3,3,3,0,0,0,simulated,simulated,,6,9682fd352e063807,2,,,,3,1,0.073333,0.068792,0.07425,407,407,,,5faa8d0f7330e094,,2392064,0.001017,0.000979,0.007802625000000063,0,0,0,0,0,0,0,0,0,0,0,,,,64,32,0,0,0,7,0,7,16,7,44,0,7,0,0,0,0,0,1,32,0,35250,35250,2.3333333333333335,95454.97934081519,40909.27686034937,0.0,0.0,0,15125,identical complete generated cohort; zero SLA; no carry-in or background; exact full schedule
sim-quality,3,1,3,3,3,0,0,0,simulated,simulated,,6,a765b196725a0257,2,,,,3,1,0.032541,0.030042,0.035208,102,102,,,cfe3703e501cb6ec,,2244608,0.000997,0.001147,0.007708791999998965,0,4,3,3,0,0,0,10,3,0,0,,,,64,32,0,0,0,3,0,3,6,3,24,0,3,0,0,0,0,0,0,24,0,11041,11041,1.0,92191.38932423711,92191.38932423711,0.0,0.0,0,16417,identical complete generated cohort; zero SLA; no carry-in or background; exact full schedule
bounded-sim-quality,3,1,3,3,3,0,0,0,simulated,simulated,,6,a3292538c4fca51d,2,,,,3,1,0.045916,0.043667,0.058125,102,102,,,c24cbaae1ead81cf,,2277376,0.001031,0.001189,0.007860208000000313,0,0,0,0,0,0,0,0,0,0,0,,,,64,32,0,0,0,3,0,3,6,3,24,0,3,0,0,0,0,0,0,24,0,21208,21208,1.0,65336.70180329297,65336.70180329297,0.0,0.0,0,10417,identical complete generated cohort; zero SLA; no carry-in or background; exact full schedule
sim-quality,3,2,3,3,3,0,0,0,simulated,simulated,,6,4a1d7d0318ae10b1,2,,,,3,1,0.054541,0.051458,0.056375,205,108,,,09c88418cb86b125,,2326528,0.001044,0.0011949999999999999,0.007847124999997845,0,9,7,7,0,0,0,23,7,0,0,,,,64,32,0,0,0,7,0,7,14,7,44,0,7,0,0,0,0,0,0,32,0,22292,22292,2.3333333333333335,128343.81474487083,55004.49203351607,0.0,0.0,89.81481481481481,26625,identical complete generated cohort; zero SLA; no carry-in or background; exact full schedule
bounded-sim-quality,3,2,3,3,3,0,0,0,simulated,simulated,,6,e5d694c485e100c7,2,,,,3,1,0.083375,0.0825,0.08425,108,108,,,f0459b603558a27d,,2457600,0.001119,0.001108,0.0077338339999997174,0,0,0,0,0,0,0,0,0,0,0,,,,64,32,0,0,0,7,0,7,14,7,44,0,7,0,0,0,0,0,1,32,0,36250,36250,2.3333333333333335,83958.02098950524,35982.00899550225,0.0,0.0,0,19750,identical complete generated cohort; zero SLA; no carry-in or background; exact full schedule
sim-quality,3,3,3,3,3,0,0,0,simulated,simulated,,6,a1bcacecd4c73e07,2,,,,3,1,0.057208,0.053375,0.07,15,15,,,d356496a78bc1529,,2326528,0.0011639999999999999,0.0015719999999999998,0.007922624999999073,0,9,7,7,0,0,0,23,7,0,0,,,,64,32,0,0,0,7,0,7,12,7,44,0,7,0,0,0,0,0,0,32,0,18750,18750,2.3333333333333335,122360.50901971752,52440.218151307505,0.0,0.0,0,18584,identical complete generated cohort; zero SLA; no carry-in or background; exact full schedule
bounded-sim-quality,3,3,3,3,3,0,0,0,simulated,simulated,,6,6e78d025e2fba5cd,2,,,,3,1,0.084792,0.080792,0.086459,15,15,,,a1394936227219f6,,2473984,0.001047,0.001041,0.007789916000000119,0,0,0,0,0,0,0,0,0,0,0,,,,64,32,0,0,0,7,0,7,12,7,44,0,7,0,0,0,0,0,2,32,0,27708,27708,2.3333333333333335,82554.95801490705,35380.69629210302,0.0,0.0,0,17875,identical complete generated cohort; zero SLA; no carry-in or background; exact full schedule
sim-quality,3,4,3,3,3,0,0,0,simulated,simulated,,6,2ff6f1b9217686b3,2,,,,3,1,0.039458,0.038875,0.040416,103,103,,,3a671174a40cc80f,,2260992,0.0010329999999999998,0.001166,0.0077291250000008915,0,6,4,4,0,0,0,14,4,0,0,,,,64,32,0,0,0,4,0,4,7,4,29,0,4,0,0,0,0,0,0,29,0,19625,19625,1.3333333333333333,101373.6124486796,76030.20933650971,0.0,0.0,0,12833,identical complete generated cohort; zero SLA; no carry-in or background; exact full schedule
bounded-sim-quality,3,4,3,3,3,0,0,0,simulated,simulated,,6,220f0a6fb0eeab5d,2,,,,3,1,0.046667,0.046,0.04775,103,103,,,f823b69698c0283e,,2260992,0.001015,0.001181,0.00780166700000251,0,0,0,0,0,0,0,0,0,0,0,,,,64,32,0,0,0,4,0,4,7,4,29,0,4,0,0,0,0,0,0,29,0,22375,22375,1.3333333333333333,85713.67347376091,64285.25510532068,0.0,0.0,0,13083,identical complete generated cohort; zero SLA; no carry-in or background; exact full schedule
sim-quality,3,5,3,3,3,0,0,0,simulated,simulated,,6,4ff7f2e0e36c516b,2,,,,3,1,0.04525,0.043375,0.046875,9,7,,,d5f6be002e39cc7c,,2277376,0.001044,0.0011979999999999998,0.007681333000000734,0,8,5,5,0,0,0,18,5,0,0,,,,64,32,0,0,0,5,0,5,10,5,34,0,5,0,0,0,0,0,0,32,0,17666,17666,1.6666666666666667,110497.23756906079,66298.34254143648,0.0,0.0,28.571428571428573,15416,identical complete generated cohort; zero SLA; no carry-in or background; exact full schedule
bounded-sim-quality,3,5,3,3,3,0,0,0,simulated,simulated,,6,49f7ceb64ef8c521,2,,,,3,1,0.065542,0.063583,0.067083,7,7,,,6c0014acc7d423b4,,2392064,0.001088,0.001205,0.007850583999999827,0,0,0,0,0,0,0,0,0,0,0,,,,64,32,0,0,0,5,0,5,10,5,34,0,5,0,0,0,0,0,1,32,0,33875,33875,1.6666666666666667,76286.9610326203,45772.17661957218,0.0,0.0,0,16708,identical complete generated cohort; zero SLA; no carry-in or background; exact full schedule
sim-quality,3,6,3,3,3,0,0,0,simulated,simulated,,6,fd99d81eb4a09a3b,2,,,,3,1,0.047917,0.047167,0.05025,210,210,,,b1af0d993eac0292,,2326528,0.001085,0.0011819999999999999,0.007777458000003179,0,5,6,6,0,0,0,17,6,0,0,,,,64,32,0,0,0,6,0,6,13,6,39,0,6,0,0,0,0,0,0,32,0,16959,16959,2.0,125216.52023290272,62608.26011645136,0.0,0.0,0,17791,identical complete generated cohort; zero SLA; no carry-in or background; exact full schedule
bounded-sim-quality,3,6,3,3,3,0,0,0,simulated,simulated,,6,5f6ed8e3f1aea43d,2,,,,3,1,0.068125,0.064709,0.069542,210,210,,,033f0516a4c6f51f,,2408448,0.001078,0.001176,0.00752758300000167,0,0,0,0,0,0,0,0,0,0,0,,,,64,32,0,0,0,6,0,6,13,6,39,0,6,0,0,0,0,0,1,32,0,24667,24667,2.0,88073.39449541284,44036.69724770642,0.0,0.0,0,15708,identical complete generated cohort; zero SLA; no carry-in or background; exact full schedule
sim-quality,3,7,3,3,3,0,0,0,simulated,simulated,,6,1e413f8e5ef2a33d,2,,,,3,1,0.056875,0.054834,0.057333,206,206,,,6746ddf6107eca28,,2359296,0.001076,0.00108,0.007663832999998732,0,12,8,8,0,0,0,28,8,0,0,,,,64,32,0,0,0,8,0,8,14,8,49,0,8,0,0,0,0,0,0,32,0,25375,25375,2.6666666666666665,140659.34065934067,52747.25274725274,0.0,0.0,0,24334,identical complete generated cohort; zero SLA; no carry-in or background; exact full schedule
bounded-sim-quality,3,7,3,3,3,0,0,0,simulated,simulated,,6,6bea8d52ecb1fd67,2,,,,3,1,0.079625,0.068083,0.08125,206,206,,,f99141cd06358e6d,,2424832,0.001132,0.001284,0.007788541000000038,0,0,0,0,0,0,0,0,0,0,0,,,,64,32,0,0,0,8,0,8,14,8,49,0,8,0,0,0,0,0,1,32,0,31541,31541,2.6666666666666665,100470.95761381475,37676.609105180534,0.0,0.0,0,23500,identical complete generated cohort; zero SLA; no carry-in or background; exact full schedule
sim-quality,3,8,3,3,3,0,0,0,simulated,simulated,,6,8a3f5174be606567,2,,,,3,1,0.050875,0.04825,0.051708,209,209,,,fd8d1fd0264b0786,,2326528,0.000982,0.0009739999999999999,0.007524457999998901,0,8,7,7,0,0,0,22,7,0,0,,,,64,32,0,0,0,7,0,7,13,7,44,0,7,0,0,0,0,0,0,32,0,21750,21750,2.3333333333333335,137592.1375921376,58968.05896805897,0.0,0.0,0,18375,identical complete generated cohort; zero SLA; no carry-in or background; exact full schedule
bounded-sim-quality,3,8,3,3,3,0,0,0,simulated,simulated,,6,302e1a80cedc6f39,2,,,,3,1,0.079292,0.072042,0.081917,209,209,,,f2c8ee67297f31b8,,2441216,0.0009649999999999999,0.000966,0.007430750000001041,0,0,0,0,0,0,0,0,0,0,0,,,,64,32,0,0,0,7,0,7,13,7,44,0,7,0,0,0,0,0,1,32,0,23000,23000,2.3333333333333335,88281.28941128992,37834.83831912425,0.0,0.0,0,18917,identical complete generated cohort; zero SLA; no carry-in or background; exact full schedule
sim-quality,3,9,3,3,3,0,0,0,simulated,simulated,,6,b684dfff9be97ce9,2,,,,3,1,0.059041,0.051833,0.067083,212,212,,,355245faee352dd7,,2375680,0.000918,0.0009119999999999999,0.007490125000000347,0,9,8,8,0,0,0,25,8,0,0,,,,64,32,0,0,0,8,0,8,15,8,49,0,8,0,0,0,0,0,0,32,0,23750,23750,2.6666666666666665,135499.0599752714,50812.14749072678,0.0,0.0,0,21917,identical complete generated cohort; zero SLA; no carry-in or background; exact full schedule
bounded-sim-quality,3,9,3,3,3,0,0,0,simulated,simulated,,6,fc08815680d55e23,2,,,,3,1,0.085,0.081541,0.087542,212,212,,,33847ebeaeb30901,,2490368,0.000977,0.000966,0.00767520900000207,0,0,0,0,0,0,0,0,0,0,0,,,,64,32,0,0,0,8,0,8,15,8,49,0,8,0,0,0,0,0,2,32,0,35042,35042,2.6666666666666665,94117.64705882352,35294.11764705882,0.0,0.0,0,21917,identical complete generated cohort; zero SLA; no carry-in or background; exact full schedule
sim-quality,3,10,3,3,3,0,0,0,simulated,simulated,,6,efb6d9b32a6b685e,2,,,,3,1,0.050958,0.050083,0.052125,12,12,,,337a73823a6f3095,,2342912,0.000982,0.000908,0.007556333000000137,0,14,8,8,0,0,0,30,8,0,0,,,,64,32,0,0,0,8,0,8,13,8,49,0,8,0,0,0,0,0,0,32,0,15375,15375,2.6666666666666665,156992.0326543428,58872.012245378544,0.0,0.0,0,20000,identical complete generated cohort; zero SLA; no carry-in or background; exact full schedule
bounded-sim-quality,3,10,3,3,3,0,0,0,simulated,simulated,,6,2d545973ad1c527c,2,,,,3,1,0.085292,0.084166,0.090334,12,12,,,533cc18cc7ebe8fc,,2457600,0.00106,0.001196,0.00759750000000281,0,0,0,0,0,0,0,0,0,0,0,,,,64,32,0,0,0,8,0,8,13,8,49,0,8,0,0,0,0,0,2,32,0,27333,27333,2.6666666666666665,93795.43216245368,35173.28706092013,0.0,0.0,0,23500,identical complete generated cohort; zero SLA; no carry-in or background; exact full schedule
sim-quality,3,11,3,3,3,0,0,0,simulated,simulated,,6,822d984a160f03fc,2,,,,3,1,0.042541,0.039833,0.04325,5,5,,,7846642634bad65a,,2260992,0.000972,0.000971,0.0075174169999989715,0,10,5,5,0,0,0,20,5,0,0,,,,64,32,0,0,0,5,0,5,8,5,34,0,5,0,0,0,0,0,0,32,0,22750,22750,1.6666666666666667,117533.67339742836,70520.20403845701,0.0,0.0,0,15125,identical complete generated cohort; zero SLA; no carry-in or background; exact full schedule
bounded-sim-quality,3,11,3,3,3,0,0,0,simulated,simulated,,6,d9737a83564c1efe,2,,,,3,1,0.044458,0.041834,0.047208,5,5,,,cd793406b4a70ad9,,2277376,0.000971,0.001147,0.007722208000000563,0,0,0,0,0,0,0,0,0,0,0,,,,64,32,0,0,0,5,0,5,8,5,34,0,5,0,0,0,0,0,1,32,0,26792,26792,1.6666666666666667,112465.69796212156,67479.41877727293,0.0,0.0,0,17666,identical complete generated cohort; zero SLA; no carry-in or background; exact full schedule
sim-quality,3,12,3,3,3,0,0,0,simulated,simulated,,6,a3d56dcd1f6ab236,2,,,,3,1,0.039416,0.038375,0.040167,305,305,,,1c78da95f1eb071f,,2293760,0.000888,0.0009069999999999999,0.007460791999999827,0,5,6,6,0,0,0,17,6,0,0,,,,64,32,0,0,0,6,0,6,13,6,39,0,6,0,0,0,0,0,0,32,0,13833,13833,2.0,152222.4477369596,76111.2238684798,0.0,0.0,0,12625,identical complete generated cohort; zero SLA; no carry-in or background; exact full schedule
bounded-sim-quality,3,12,3,3,3,0,0,0,simulated,simulated,,6,085dd2a9e22c661c,2,,,,3,1,0.056542,0.054,0.058375,305,305,,,c09fc136c1a6c3e5,,2375680,0.000972,0.001536,0.007709374999997465,0,0,0,0,0,0,0,0,0,0,0,,,,64,32,0,0,0,6,0,6,13,6,39,0,6,0,0,0,0,0,1,32,0,27917,27917,2.0,106115.80771815641,53057.90385907821,0.0,0.0,0,11625,identical complete generated cohort; zero SLA; no carry-in or background; exact full schedule
sim-quality,3,13,3,3,3,0,0,0,simulated,simulated,,6,9555438a48d7d44e,2,,,,3,1,0.0515,0.045833,0.051708,109,109,,,fa81890209a58648,,2359296,0.000812,0.00085,0.007409375000001717,0,13,8,8,0,0,0,29,8,0,0,,,,64,32,0,0,0,8,0,8,12,8,49,0,8,0,0,0,0,0,0,32,0,20833,20833,2.6666666666666665,155339.8058252427,58252.42718446602,0.0,0.0,0,19333,identical complete generated cohort; zero SLA; no carry-in or background; exact full schedule
bounded-sim-quality,3,13,3,3,3,0,0,0,simulated,simulated,,6,07267976e05993a4,2,,,,3,1,0.071875,0.068042,0.078125,109,109,,,423ab3b852bd87d9,,2473984,0.0009299999999999999,0.000873,0.007607999999997617,0,0,0,0,0,0,0,0,0,0,0,,,,64,32,0,0,0,8,0,8,12,8,49,0,8,0,0,0,0,0,2,32,0,31125,31125,2.6666666666666665,111304.34782608696,41739.13043478261,0.0,0.0,0,17917,identical complete generated cohort; zero SLA; no carry-in or background; exact full schedule
sim-quality,3,14,3,3,3,0,0,0,simulated,simulated,,6,25ebd6b1c51b4bea,2,,,,3,1,0.041834,0.039416,0.050833,8,8,,,5f7fcf4a858a628e,,2310144,0.000906,0.001263,0.0078864170000017,0,9,6,6,0,0,0,21,6,0,0,,,,64,32,0,0,0,6,0,6,10,6,39,0,6,0,0,0,0,0,0,32,0,11166,11166,2.0,143424.00917913657,71712.00458956829,0.0,0.0,0,14750,identical complete generated cohort; zero SLA; no carry-in or background; exact full schedule
bounded-sim-quality,3,14,3,3,3,0,0,0,simulated,simulated,,6,2557934ba1ca0d20,2,,,,3,1,0.075209,0.070208,0.106417,8,8,,,059035558919b954,,2424832,0.001202,0.001877,0.01107874999999936,0,0,0,0,0,0,0,0,0,0,0,,,,64,32,0,0,0,6,0,6,10,6,39,0,6,0,0,0,0,0,2,32,0,53625,53625,2.0,79777.68618117512,39888.84309058756,0.0,0.0,0,19625,identical complete generated cohort; zero SLA; no carry-in or background; exact full schedule
sim-quality,3,15,3,3,3,0,0,0,simulated,simulated,,6,7800c379fe79975e,2,,,,3,1,0.051916,0.048917,0.05625,16,16,,,9fa676b0d1a22d1c,,2293760,0.001158,0.001692,0.016354249999999126,0,7,6,6,0,0,0,19,6,0,0,,,,64,32,0,0,0,6,0,6,12,6,39,0,6,0,0,0,0,0,0,32,0,25625,25625,2.0,115571.3074967255,57785.65374836275,0.0,0.0,0,17209,identical complete generated cohort; zero SLA; no carry-in or background; exact full schedule
bounded-sim-quality,3,15,3,3,3,0,0,0,simulated,simulated,,6,0284ee72bf853534,2,,,,3,1,0.059667,0.059542,0.068958,16,16,,,7f908d438ee26340,,2326528,0.001165,0.001748,0.013562499999999034,0,0,0,0,0,0,0,0,0,0,0,,,,64,32,0,0,0,6,0,6,12,6,39,0,6,0,0,0,0,0,1,32,0,28125,28125,2.0,100558.09744079642,50279.04872039821,0.0,0.0,0,14916,identical complete generated cohort; zero SLA; no carry-in or background; exact full schedule
bounded-schedule-ties,2048,42,1000,3,3,0,0,0,feasible,feasible,2,4,1f7320c898a5200a,2,2048,2048,constructed fixture v1,2,1,2.315333,1.797292,2.679583,2048,2048,2048,0,57d951bce6d57c36,884537.9908635174,6373376,0.010374,0.002165,0.02097379099999941,0,0,0,0,0,0,0,0,0,0,0,,,,,,,,,,,,,,,,,,,,,,,,,,,,,,,,,,
bounded-schedule-contention,512,42,1000,3,3,0,0,0,feasible,feasible,512,2,1abce411ad462840,2,512,512,constructed fixture v1,1,1,37.550417,33.719208,62.460625,512,512,512,130816,91f84c5cd66c6c98,13635.00170983454,4177920,0.035747,0.002918,0.07693079099999878,0,0,0,0,0,0,0,0,0,0,0,,,,,,,,,,,,,,,,,,,,,,,,,,,,,,,,,,
bounded-schedule-reverse-deadline,512,42,1000,3,3,0,0,0,feasible,feasible,512,2,ca4a49773e3e0b18,2,512,512,constructed fixture v1,1,1,10.691334,10.430833,10.798917,512,512,512,130816,03deb2d31a615de6,47889.25310910687,4112384,0.013117,0.001771,0.022556542000000235,0,0,0,0,0,0,0,0,0,0,256,,,,,,,,,,,,,,,,,,,,,,,,,,,,,,,,,,
bounded-schedule-multihop-slots,1024,42,1000,3,3,0,0,0,feasible,feasible,3072,6,b973954145e6b1f2,4,1,1,constructed fixture v1,3,1,9.830875,9.63325,10.485,3,3,3,0,45ca6455695d556b,101.72034534057242,4046848,0.020332,0.00251,0.041929957999997214,0,0,0,0,0,0,0,0,0,0,0,,,,,,,,,,,,,,,,,,,,,,,,,,,,,,,,,,
bounded-sim-density,512,42,1000,3,3,0,0,0,simulated,simulated,,261632,72bbe8c4a02b0793,512,,,,1,1,70.683709,66.524708,75.026625,0,,,,c99e2ae36f3d3a07,,3850240,0.069518,0.002577,0.08480116700000195,0,0,0,0,0,0,0,0,0,0,0,,,,64,32,0,0,0,759,0,759,759,759,4795,0,759,0,0,0,0,0,0,32,0,3498042,103792,0.759,10737.976412641277,14147.531505456229,0.0,0.0,,,
bounded-sim-mesh,16,42,100,3,3,0,0,0,simulated,simulated,,304,080827481c7a8b18,16,,,,33,1,362.6265,358.72,363.42075,297,,,,77e9a7ee1c3c6a6f,,3866624,0.358073,0.005965,0.3725891250000011,0,0,0,0,0,0,0,0,0,1828,0,,,,64,32,36,46,3648,579,3522,579,579,2503,10115,0,615,6,36,39,1145,0,49,32,0,9317458,6382291,5.79,1695.9598926167832,275.76583619785094,11.45,0.0,,,
bounded-sim-mesh,32,42,100,3,3,0,0,0,simulated,simulated,,1120,23cbd36cee485b4f,32,,,,65,1,1892.950875,1885.482291,1952.779583,14016,,,,a28bc49482c9d2df,,4407296,1.925305,0.019388,1.960195333999998,0,0,0,0,0,0,0,0,0,6561,0,,,,64,32,28,37,2846,587,2735,587,587,2246,12805,0,615,6,27,29,600,0,57,32,0,39282750,26772792,5.87,324.889572213542,52.827572717649105,6.0,0.0,,,
bounded-sim-mesh,64,42,100,3,3,0,0,0,simulated,simulated,,4288,0e8f0235806d5720,64,,,,129,1,852.250583,845.2625,871.634709,30750,,,,c8c2caa1ea14aaa0,,5259264,0.863169,0.008675,0.8779662500000001,0,0,0,0,0,0,0,0,0,1242,0,,,,64,32,8,8,615,607,607,607,607,615,15959,0,615,0,0,0,0,0,1,32,0,14775541,11255834,6.07,721.6187495409434,117.33638203917779,0.0,0.0,,,
bounded-sim-mesh,128,42,100,3,3,0,0,0,simulated,simulated,,16768,82716c6becd6a0f8,128,,,,257,1,1731.575167,1720.925834,1749.181583,30750,,,,67043b55f3e90423,,7045120,1.7335399999999999,0.024808,1.7556799999999981,0,0,0,0,0,0,0,0,0,1242,0,,,,64,32,8,8,615,607,607,607,607,615,28759,0,615,0,0,0,0,0,1,32,0,29388125,22827625,6.07,355.1679486519224,57.750885959662185,0.0,0.0,,,
