family,scale,seed,ticks,repeats,finished,timeouts,rss_limits,errors,status,counter_status,departure_slots,directed_rail_choices,input_digest,institutions,payments,principal_cents,provenance,rails,schema,solve_ms_median,solve_ms_min,solve_ms_max,fee_cents,known_optimum_fee,objective_hops,objective_minutes,result_digest,instructions_per_wall_second,peak_rss_bytes_max,cpu_user_seconds_max,cpu_system_seconds_max,process_seconds_max,assignment_states,bound_prunes,candidate_hops,candidates,capacity_rejects,complete_assignments,deadline_prunes,path_states,solver_calls,routing_truncated,routing_unresolved,reference_elapsed_upper_bound,reference_feasible,reference_fee_cents,active_limit,history_limit,active_end,active_peak,active_sum,completed,completed_elapsed_minutes,completed_on_time,completed_volume_cents,departed_hops,events,expired,generated,oldest_queued_age_peak,queue_p95,queue_peak,queue_sum,rejected,reservation_entries_end,retained_events,sla_failures,tick_ns_max,tick_ns_p95,completed_per_sim_minute,generated_per_wall_second,ticks_per_wall_second,queue_mean,sla_failure_fraction,optimality_gap_percent,oracle_ns,oracle_scope
schedule-ties,16,42,1000,3,3,0,0,0,optimal,optimal,2,4,061d6ca01ecdb633,2,16,16,constructed fixture v1,2,1,3.367125,3.040458,4.010667,16,16,16,0,690049661eed5431,4751.828340201209,2211840,0.005458,0.0025859999999999998,0.27968970800000026,131071,0,32,32,0,65536,0,48,1,,,,,,,,,,,,,,,,,,,,,,,,,,,,,,,,,,,,
bounded-schedule-ties,16,42,1000,3,3,0,0,0,feasible,feasible,2,4,061d6ca01ecdb633,2,16,16,constructed fixture v1,2,1,0.072458,0.070875,0.126417,16,16,16,0,690049661eed5431,220817.57707913552,2228224,0.00154,0.0018499999999999999,0.00832754200000041,0,0,0,0,0,0,0,0,0,0,0,,,,,,,,,,,,,,,,,,,,,,,,,,,,,,,,,,
schedule-latency-ties,16,42,1000,3,3,0,0,0,optimal,optimal,2,4,67f5760d930e0338,2,16,16,constructed fixture v1,2,1,0.050916,0.043542,0.051333,16,16,16,0,690049661eed5431,314243.067012334,2195456,0.001162,0.001251,0.007993083000000123,33,16,32,32,0,1,0,48,1,,,,,,,,,,,,,,,,,,,,,,,,,,,,,,,,,,,,
bounded-schedule-latency-ties,16,42,1000,3,3,0,0,0,feasible,feasible,2,4,67f5760d930e0338,2,16,16,constructed fixture v1,2,1,0.052542,0.04925,0.061667,16,16,16,0,690049661eed5431,304518.2901298009,2244608,0.001071,0.001067,0.007607457999999845,0,0,0,0,0,0,0,0,0,0,0,,,,,,,,,,,,,,,,,,,,,,,,,,,,,,,,,,
schedule-contention,8,42,1000,3,3,0,0,0,optimal,optimal,8,2,4c72264757d84082,2,8,8,constructed fixture v1,1,1,4.220584,3.791042,4.285417,8,8,8,28,609132083b07f365,1895.47228535198,2129920,0.005137999999999999,0.0011799999999999998,0.013471290999999663,109601,0,64,64,444648,40320,0,72,1,,,,,,,,,,,,,,,,,,,,,,,,,,,,,,,,,,,,
bounded-schedule-contention,8,42,1000,3,3,0,0,0,feasible,feasible,8,2,4c72264757d84082,2,8,8,constructed fixture v1,1,1,0.041458,0.040083,0.041666,8,8,8,28,609132083b07f365,192966.37560905013,2195456,0.0009299999999999999,0.001011,0.00756187499999994,0,0,0,0,0,0,0,0,0,0,0,,,,,,,,,,,,,,,,,,,,,,,,,,,,,,,,,,
schedule-reverse-deadline,12,42,1000,3,3,0,0,0,optimal,optimal,12,2,acdceeecf700360b,2,12,12,constructed fixture v1,1,1,26.902709,26.681416,29.434792,12,12,12,66,c5e5f7c4ae100ac7,446.0517340465601,2228224,0.029993,0.001168,0.03714470900000011,1151915,0,78,78,3714956,1,66,156,1,,,,,,,,,,,,,,,,,,,,,,,,,,,,,,,,,,,,
bounded-schedule-reverse-deadline,12,42,1000,3,3,0,0,0,feasible,feasible,12,2,acdceeecf700360b,2,12,12,constructed fixture v1,1,1,0.036334,0.035,0.036416,12,12,12,66,c5e5f7c4ae100ac7,330269.16937303904,2228224,0.0008049999999999999,0.000833,0.007385082999999959,0,0,0,0,0,0,0,0,0,0,6,,,,,,,,,,,,,,,,,,,,,,,,,,,,,,,,,,
schedule-trap,2,42,1000,3,3,0,0,0,optimal,optimal,3,6,154d4918a429c962,2,2,2,constructed fixture v1,3,1,0.014333,0.014,0.014708,4,4,2,2,f62a1102d56f2a83,139538.1287936929,2064384,0.000722,0.000757,0.007320333000000012,7,2,5,5,1,2,1,8,1,,,,,,,,,,,,,,,,,,,,,,,,,,,,,,,,,,,,
bounded-schedule-trap,2,42,1000,3,3,0,0,0,feasible,feasible,3,6,154d4918a429c962,2,2,2,constructed fixture v1,3,1,0.029791,0.029583,0.031042,4,4,2,2,f62a1102d56f2a83,67134.36944043502,2129920,0.000823,0.000792,0.007409790999999721,0,0,0,0,0,0,0,0,0,0,0,,,,,,,,,,,,,,,,,,,,,,,,,,,,,,,,,,
schedule-trap-blocked,2,42,1000,3,3,0,0,0,optimal,optimal,2,4,c52b6e8232b89c5b,2,2,2,constructed fixture v1,2,1,0.014667,0.014083,0.01475,4,4,2,2,0118bab4129c75d4,136360.5372605168,2064384,0.000799,0.000828,0.007315457999999886,4,0,3,3,1,1,1,6,1,,,,,,,,,,,,,,,,,,,,,,,,,,,,,,,,,,,,
bounded-schedule-trap-blocked,2,42,1000,3,3,0,0,0,feasible,feasible,2,4,c52b6e8232b89c5b,2,2,2,constructed fixture v1,2,1,0.026875,0.026125,0.027875,4,4,2,2,0118bab4129c75d4,74418.6046511628,2129920,0.000792,0.000774,0.007360583000000531,0,0,0,0,0,0,0,0,0,0,2,,,,,,,,,,,,,,,,,,,,,,,,,,,,,,,,,,
schedule-nonfifo,2,42,1000,3,3,0,0,0,optimal,optimal,3,4,f9c8d9754b060f91,3,1,1,constructed fixture v1,2,1,0.013042,0.01225,0.014083,4,4,2,4,e8e5d566f9caa9d9,76675.35654040791,2064384,0.000812,0.0008669999999999999,0.00746158299999955,2,0,2,1,0,1,1,4,1,,,,,,,,,,,,,,,,,,,,,,,,,,,,,,,,,,,,
bounded-schedule-nonfifo,2,42,1000,3,3,0,0,0,feasible,feasible,3,4,f9c8d9754b060f91,3,1,1,constructed fixture v1,2,1,0.021125,0.020458,0.022917,4,4,2,4,e8e5d566f9caa9d9,47337.27810650887,2113536,0.0008349999999999999,0.001057,0.007639584000000532,0,0,0,0,0,0,0,0,0,0,0,,,,,,,,,,,,,,,,,,,,,,,,,,,,,,,,,,
schedule-knapsack,8,42,1000,3,3,0,0,0,optimal,optimal,2,4,7ff022e29c2d7233,2,8,14,constructed fixture v1,2,1,0.024209,0.0225,0.026708,12,12,8,0,af03296dfc4d45a6,330455.61568011896,2113536,0.000828,0.000972,0.007476083000000244,24,7,16,16,7,2,0,24,1,,,,,,,,,,,,,,,,,,,,,,,,,,,,,,,,,,,,
bounded-schedule-knapsack,8,42,1000,3,3,0,0,0,feasible,feasible,2,4,7ff022e29c2d7233,2,8,14,constructed fixture v1,2,1,0.08075,0.07875,0.081083,12,12,8,0,af03296dfc4d45a6,99071.20743034055,2277376,0.00086,0.000848,0.007423041000000019,0,0,0,0,0,0,0,0,0,0,0,,,,,,,,,,,,,,,,,,,,,,,,,,,,,,,,,,
schedule-multihop-slots,16,42,1000,3,3,0,0,0,optimal,optimal,48,6,193846b9e16e96f0,4,1,1,constructed fixture v1,3,1,0.511833,0.502416,0.516583,3,3,3,0,883b672fe09aa5d9,1953.762262300399,3457024,0.00129,0.000954,0.007375542000000124,817,815,2448,816,0,1,0,969,1,,,,,,,,,,,,,,,,,,,,,,,,,,,,,,,,,,,,
bounded-schedule-multihop-slots,16,42,1000,3,3,0,0,0,feasible,feasible,48,6,193846b9e16e96f0,4,1,1,constructed fixture v1,3,1,0.046292,0.045667,0.058,3,3,3,0,883b672fe09aa5d9,21602.004666033008,2277376,0.0008659999999999999,0.001017,0.00738570900000024,0,0,0,0,0,0,0,0,0,0,0,,,,,,,,,,,,,,,,,,,,,,,,,,,,,,,,,,
schedule-dense,8,42,1000,3,3,0,0,0,optimal,optimal,1,56,d8764a1366f022bc,8,1,1,constructed fixture v1,1,1,0.012875,0.012875,0.013583,1,1,1,1,4c7dc0077516b93e,77669.90291262136,2048000,0.0007599999999999999,0.000976,0.007487874999999811,2,0,1,1,0,1,0,8,1,,,,,,,,,,,,,,,,,,,,,,,,,,,,,,,,,,,,
bounded-schedule-dense,8,42,1000,3,3,0,0,0,feasible,feasible,1,56,d8764a1366f022bc,8,1,1,constructed fixture v1,1,1,0.022667,0.022334,0.024042,1,1,1,1,4c7dc0077516b93e,44116.99827943707,2129920,0.000734,0.000879,0.007341958000000481,0,0,0,0,0,0,0,0,0,0,0,,,,,,,,,,,,,,,,,,,,,,,,,,,,,,,,,,
schedule-demo,12,42,1000,3,3,0,0,0,optimal,optimal,4,60,a20d43575d3fd4ca,6,12,22500150,constructed fixture v1,4,1,0.314416,0.311542,0.328417,60,60,12,17280,0e7740599d3d2725,38165.996641392296,2637824,0.0010119999999999999,0.000807,0.007430041999999304,504,491,1549,503,0,1,0,1446,1,,,,,,,,,,,,,,,,,,,,,,,,,,,,,,,,,,,,
bounded-schedule-demo,12,42,1000,3,3,0,0,0,feasible,feasible,4,60,a20d43575d3fd4ca,6,12,22500150,constructed fixture v1,4,1,0.086875,0.085708,0.091834,60,60,12,17280,0e7740599d3d2725,138129.4964028777,2359296,0.000851,0.0009029999999999999,0.007524291000000183,0,0,0,0,0,0,0,0,0,0,0,,,,,,,,,,,,,,,,,,,,,,,,,,,,,,,,,,
schedule-random,3,0,1000,3,3,0,0,0,optimal,optimal,15,12,2fca86b913e3d51a,4,3,5,constructed fixture v1,6,1,0.026333,0.02575,0.026458,11,,3,4,b577225f190604b8,113925.49272775605,2113536,0.0007469999999999999,0.000779,0.007444915999999857,8,4,17,10,3,1,5,27,1,,,,,,,,,,,,,,,,,,,,,,,,,,,,,,,,,,,,
bounded-schedule-random,3,0,1000,3,3,0,0,0,feasible,feasible,15,12,2fca86b913e3d51a,4,3,5,constructed fixture v1,6,1,0.071916,0.07175,0.0795,11,,3,4,b577225f190604b8,41715.33455698315,2244608,0.000852,0.0008269999999999999,0.007348458000000058,0,0,0,0,0,0,0,0,0,0,0,,,,,,,,,,,,,,,,,,,,,,,,,,,,,,,,,,
schedule-random,3,1,1000,3,3,0,0,0,infeasible,infeasible,13,12,4b640036a0eac15d,4,3,4,constructed fixture v1,6,1,0.023417,0.022709,0.024709,,,,,669b18c6d2d9c95b,128112.05534440791,2080768,0.0008139999999999999,0.0008129999999999999,0.0074446659999996,2,0,15,8,1,0,9,31,1,,,,,,,,,,,,,,,,,,,,,,,,,,,,,,,,,,,,
bounded-schedule-random,3,1,1000,3,3,0,0,0,unresolved,unresolved,13,12,4b640036a0eac15d,4,3,4,constructed fixture v1,6,1,0.077792,0.076875,0.079208,,,,,669b18c6d2d9c95b,38564.376799670914,2293760,0.000972,0.000873,0.007530542000000473,0,0,0,0,0,0,0,0,0,0,7,,,,,,,,,,,,,,,,,,,,,,,,,,,,,,,,,,
schedule-random,3,2,1000,3,3,0,0,0,optimal,optimal,13,12,8abc424306d55f3a,4,3,4,constructed fixture v1,6,1,0.028375,0.027,0.0295,29,,6,4,42446409bc6fb4b9,105726.87224669603,2113536,0.000945,0.000928,0.007611708000000661,8,4,15,7,0,1,9,27,1,,,,,,,,,,,,,,,,,,,,,,,,,,,,,,,,,,,,
bounded-schedule-random,3,2,1000,3,3,0,0,0,feasible,feasible,13,12,8abc424306d55f3a,4,3,4,constructed fixture v1,6,1,0.075792,0.072917,0.077208,29,,6,4,42446409bc6fb4b9,39582.013932868904,2260992,0.000928,0.0008939999999999999,0.00751383299999997,0,0,0,0,0,0,0,0,0,0,0,,,,,,,,,,,,,,,,,,,,,,,,,,,,,,,,,,
schedule-random,3,3,1000,3,3,0,0,0,infeasible,infeasible,12,12,b157402771337d45,4,3,4,constructed fixture v1,6,1,0.021583,0.019958,0.021917,,,,,669b18c6d2d9c95b,138998.28568780984,2064384,0.0009299999999999999,0.0010869999999999999,0.007410500000000653,9,0,8,7,12,0,3,18,1,,,,,,,,,,,,,,,,,,,,,,,,,,,,,,,,,,,,
bounded-schedule-random,3,3,1000,3,3,0,0,0,unresolved,unresolved,12,12,b157402771337d45,4,3,4,constructed fixture v1,6,1,0.059,0.05325,0.059334,,,,,669b18c6d2d9c95b,50847.457627118645,2179072,0.000975,0.00105,0.007714583000000275,0,0,0,0,0,0,0,0,0,0,6,,,,,,,,,,,,,,,,,,,,,,,,,,,,,,,,,,
schedule-random,3,4,1000,3,3,0,0,0,infeasible,infeasible,13,12,1802102ad5eda64e,4,3,3,constructed fixture v1,6,1,0.022292,0.021416,0.022541,,,,,669b18c6d2d9c95b,134577.42687959806,2064384,0.0009549999999999999,0.001236,0.007897250000000078,0,0,9,5,0,0,10,23,1,,,,,,,,,,,,,,,,,,,,,,,,,,,,,,,,,,,,
bounded-schedule-random,3,4,1000,3,3,0,0,0,unresolved,unresolved,13,12,1802102ad5eda64e,4,3,3,constructed fixture v1,6,1,0.097166,0.09525,0.111667,,,,,669b18c6d2d9c95b,30874.99742708355,2326528,0.001078,0.001273,0.007948292000000023,0,0,0,0,0,0,0,0,0,0,7,,,,,,,,,,,,,,,,,,,,,,,,,,,,,,,,,,
schedule-random,3,5,1000,3,3,0,0,0,optimal,optimal,15,12,b5a249d77499a746,4,3,6,constructed fixture v1,6,1,0.024792,0.023584,0.025625,8,,4,5,06a603eaee6dd1d1,121006.77637947723,2080768,0.001044,0.001504,0.008149208999999935,5,1,6,4,0,1,4,14,1,,,,,,,,,,,,,,,,,,,,,,,,,,,,,,,,,,,,
bounded-schedule-random,3,5,1000,3,3,0,0,0,feasible,feasible,15,12,b5a249d77499a746,4,3,6,constructed fixture v1,6,1,0.06375,0.062583,0.0645,8,,4,5,06a603eaee6dd1d1,47058.82352941176,2228224,0.001027,0.0010659999999999999,0.00763945899999996,0,0,0,0,0,0,0,0,0,0,0,,,,,,,,,,,,,,,,,,,,,,,,,,,,,,,,,,
schedule-random,3,6,1000,3,3,0,0,0,infeasible,infeasible,12,12,cdc19b7e8c346196,4,3,6,constructed fixture v1,6,1,0.0155,0.015208,0.015833,,,,,669b18c6d2d9c95b,193548.38709677418,2064384,0.001029,0.0010999999999999998,0.00787699999999969,0,0,0,0,0,0,1,4,1,,,,,,,,,,,,,,,,,,,,,,,,,,,,,,,,,,,,
bounded-schedule-random,3,6,1000,3,3,0,0,0,unresolved,unresolved,12,12,cdc19b7e8c346196,4,3,6,constructed fixture v1,6,1,0.047458,0.047208,0.0505,,,,,669b18c6d2d9c95b,63213.78903451473,2162688,0.000979,0.0009939999999999999,0.007611374999999754,0,0,0,0,0,0,0,0,0,0,18,,,,,,,,,,,,,,,,,,,,,,,,,,,,,,,,,,
schedule-random,3,7,1000,3,3,0,0,0,optimal,optimal,15,12,75e9ff76da26db05,4,3,3,constructed fixture v1,6,1,0.040458,0.037,0.046083,7,,3,3,1acb948bfe4934c9,74150.97137772506,2129920,0.000988,0.001075,0.007631500000000457,22,16,36,19,1,2,22,59,1,,,,,,,,,,,,,,,,,,,,,,,,,,,,,,,,,,,,
bounded-schedule-random,3,7,1000,3,3,0,0,0,feasible,feasible,15,12,75e9ff76da26db05,4,3,3,constructed fixture v1,6,1,0.074834,0.07425,0.075875,7,,3,3,1acb948bfe4934c9,40088.72972178422,2260992,0.000991,0.001024,0.0075208749999999824,0,0,0,0,0,0,0,0,0,0,0,,,,,,,,,,,,,,,,,,,,,,,,,,,,,,,,,,
schedule-random,3,8,1000,3,3,0,0,0,infeasible,infeasible,15,12,fbfb65d8356a9c05,4,3,5,constructed fixture v1,6,1,0.016584,0.015167,0.035292,,,,,669b18c6d2d9c95b,180897.25036179446,2064384,0.000988,0.001302,0.007928332999999732,0,0,0,0,0,0,0,3,1,,,,,,,,,,,,,,,,,,,,,,,,,,,,,,,,,,,,
bounded-schedule-random,3,8,1000,3,3,0,0,0,unresolved,unresolved,15,12,fbfb65d8356a9c05,4,3,5,constructed fixture v1,6,1,0.087209,0.085834,0.09025,,,,,669b18c6d2d9c95b,34400.11925374675,2277376,0.001026,0.001089,0.007634749999999357,0,0,0,0,0,0,0,0,0,0,16,,,,,,,,,,,,,,,,,,,,,,,,,,,,,,,,,,
schedule-random,3,9,1000,3,3,0,0,0,infeasible,infeasible,14,12,2598a722f030bfbe,4,3,6,constructed fixture v1,6,1,0.014584,0.014375,0.014791,,,,,669b18c6d2d9c95b,205704.88206253428,2064384,0.0009509999999999999,0.0009939999999999999,0.007543832999999722,0,0,0,0,0,0,0,1,1,,,,,,,,,,,,,,,,,,,,,,,,,,,,,,,,,,,,
bounded-schedule-random,3,9,1000,3,3,0,0,0,unresolved,unresolved,14,12,2598a722f030bfbe,4,3,6,constructed fixture v1,6,1,0.046625,0.045166,0.047083,,,,,669b18c6d2d9c95b,64343.16353887399,2162688,0.001008,0.0011539999999999999,0.0076323750000000246,0,0,0,0,0,0,0,0,0,0,6,,,,,,,,,,,,,,,,,,,,,,,,,,,,,,,,,,
schedule-random,3,10,1000,3,3,0,0,0,infeasible,infeasible,11,12,68f93512d1e3ee6c,4,3,4,constructed fixture v1,6,1,0.017542,0.017292,0.017625,,,,,669b18c6d2d9c95b,171018.1279215597,2064384,0.000976,0.001111,0.007677624999999466,0,0,1,1,0,0,0,9,1,,,,,,,,,,,,,,,,,,,,,,,,,,,,,,,,,,,,
bounded-schedule-random,3,10,1000,3,3,0,0,0,unresolved,unresolved,11,12,68f93512d1e3ee6c,4,3,4,constructed fixture v1,6,1,0.072084,0.071375,0.073916,,,,,669b18c6d2d9c95b,41618.1122024305,2260992,0.001024,0.001193,0.007768916000000736,0,0,0,0,0,0,0,0,0,0,14,,,,,,,,,,,,,,,,,,,,,,,,,,,,,,,,,,
schedule-random,3,11,1000,3,3,0,0,0,infeasible,infeasible,14,12,04462ecaac894065,4,3,6,constructed fixture v1,6,1,0.014709,0.014,0.015208,,,,,669b18c6d2d9c95b,203956.76116663267,2064384,0.001003,0.0012389999999999999,0.008089374999999954,0,0,0,0,0,0,0,1,1,,,,,,,,,,,,,,,,,,,,,,,,,,,,,,,,,,,,
bounded-schedule-random,3,11,1000,3,3,0,0,0,unresolved,unresolved,14,12,04462ecaac894065,4,3,6,constructed fixture v1,6,1,0.043625,0.04325,0.045709,,,,,669b18c6d2d9c95b,68767.9083094556,2162688,0.000908,0.001084,0.007610082999999435,0,0,0,0,0,0,0,0,0,0,21,,,,,,,,,,,,,,,,,,,,,,,,,,,,,,,,,,
schedule-random,3,12,1000,3,3,0,0,0,infeasible,infeasible,15,12,c344785ba125e56b,4,3,4,constructed fixture v1,6,1,0.023792,0.0235,0.02425,,,,,669b18c6d2d9c95b,126092.80430396771,2080768,0.0009,0.0008849999999999999,0.007606083999999846,0,0,10,6,0,0,10,28,1,,,,,,,,,,,,,,,,,,,,,,,,,,,,,,,,,,,,
bounded-schedule-random,3,12,1000,3,3,0,0,0,unresolved,unresolved,15,12,c344785ba125e56b,4,3,4,constructed fixture v1,6,1,0.067667,0.063375,0.069458,,,,,669b18c6d2d9c95b,44334.756971640534,2228224,0.001067,0.001189,0.007877792000000383,0,0,0,0,0,0,0,0,0,0,6,,,,,,,,,,,,,,,,,,,,,,,,,,,,,,,,,,
schedule-random,3,13,1000,3,3,0,0,0,optimal,optimal,17,12,7910b0f157be9b7e,4,3,4,constructed fixture v1,6,1,0.037208,0.03525,0.037541,3,,3,4,d7c74a10a989f30c,80627.82197376908,2129920,0.000927,0.001003,0.00744095799999922,16,12,25,15,0,1,21,49,1,,,,,,,,,,,,,,,,,,,,,,,,,,,,,,,,,,,,
bounded-schedule-random,3,13,1000,3,3,0,0,0,feasible,feasible,17,12,7910b0f157be9b7e,4,3,4,constructed fixture v1,6,1,0.05475,0.051,0.059625,3,,3,4,d7c74a10a989f30c,54794.520547945205,2195456,0.000897,0.000936,0.007458416000000412,0,0,0,0,0,0,0,0,0,0,0,,,,,,,,,,,,,,,,,,,,,,,,,,,,,,,,,,
schedule-random,3,14,1000,3,3,0,0,0,infeasible,infeasible,16,12,74988fbb9df029de,4,3,5,constructed fixture v1,6,1,0.015042,0.014167,0.015334,,,,,669b18c6d2d9c95b,199441.5636218588,2064384,0.0009339999999999999,0.000992,0.007513042000000247,0,0,0,0,0,0,3,4,1,,,,,,,,,,,,,,,,,,,,,,,,,,,,,,,,,,,,
bounded-schedule-random,3,14,1000,3,3,0,0,0,unresolved,unresolved,16,12,74988fbb9df029de,4,3,5,constructed fixture v1,6,1,0.053625,0.051834,0.058083,,,,,669b18c6d2d9c95b,55944.055944055945,2179072,0.000932,0.000834,0.007338333999999946,0,0,0,0,0,0,0,0,0,0,10,,,,,,,,,,,,,,,,,,,,,,,,,,,,,,,,,,
schedule-random,3,15,1000,3,3,0,0,0,infeasible,infeasible,13,12,a5d02ac9dfd51604,4,3,6,constructed fixture v1,6,1,0.013875,0.012417,0.014042,,,,,669b18c6d2d9c95b,216216.2162162162,2064384,0.0008399999999999999,0.000892,0.007732583000000126,0,0,0,0,0,0,0,1,1,,,,,,,,,,,,,,,,,,,,,,,,,,,,,,,,,,,,
bounded-schedule-random,3,15,1000,3,3,0,0,0,unresolved,unresolved,13,12,a5d02ac9dfd51604,4,3,6,constructed fixture v1,6,1,0.040292,0.039708,0.041083,,,,,669b18c6d2d9c95b,74456.46778516828,2146304,0.000869,0.001083,0.007568833000000552,0,0,0,0,0,0,0,0,0,0,6,,,,,,,,,,,,,,,,,,,,,,,,,,,,,,,,,,
schedule-random,3,16,1000,3,3,0,0,0,infeasible,infeasible,12,12,d41a685886bbe125,4,3,5,constructed fixture v1,6,1,0.013958,0.013417,0.014417,,,,,669b18c6d2d9c95b,214930.50580312367,2064384,0.000918,0.000932,0.007583458000000043,0,0,0,0,0,0,0,1,1,,,,,,,,,,,,,,,,,,,,,,,,,,,,,,,,,,,,
bounded-schedule-random,3,16,1000,3,3,0,0,0,unresolved,unresolved,12,12,d41a685886bbe125,4,3,5,constructed fixture v1,6,1,0.053083,0.052292,0.054,,,,,669b18c6d2d9c95b,56515.26854171769,2179072,0.000948,0.000887,0.007471167000000278,0,0,0,0,0,0,0,0,0,0,14,,,,,,,,,,,,,,,,,,,,,,,,,,,,,,,,,,
schedule-random,3,17,1000,3,3,0,0,0,infeasible,infeasible,14,12,accb9a55142686ca,4,3,6,constructed fixture v1,6,1,0.019042,0.018,0.019125,,,,,669b18c6d2d9c95b,157546.4762104821,2064384,0.000896,0.0008749999999999999,0.007478124999999558,5,0,4,4,2,0,2,9,1,,,,,,,,,,,,,,,,,,,,,,,,,,,,,,,,,,,,
bounded-schedule-random,3,17,1000,3,3,0,0,0,unresolved,unresolved,14,12,accb9a55142686ca,4,3,6,constructed fixture v1,6,1,0.042875,0.041917,0.044292,,,,,669b18c6d2d9c95b,69970.84548104956,2162688,0.000883,0.0008529999999999999,0.0074449579999997795,0,0,0,0,0,0,0,0,0,0,7,,,,,,,,,,,,,,,,,,,,,,,,,,,,,,,,,,
schedule-random,3,18,1000,3,3,0,0,0,infeasible,infeasible,13,12,69630a8f2e29f99c,4,3,5,constructed fixture v1,6,1,0.014,0.013291,0.014584,,,,,669b18c6d2d9c95b,214285.7142857143,2064384,0.000851,0.0008439999999999999,0.007556250000000375,0,0,0,0,0,0,1,3,1,,,,,,,,,,,,,,,,,,,,,,,,,,,,,,,,,,,,
bounded-schedule-random,3,18,1000,3,3,0,0,0,unresolved,unresolved,13,12,69630a8f2e29f99c,4,3,5,constructed fixture v1,6,1,0.047958,0.043417,0.052542,,,,,669b18c6d2d9c95b,62554.73539346928,2146304,0.000919,0.000848,0.007286957999999899,0,0,0,0,0,0,0,0,0,0,12,,,,,,,,,,,,,,,,,,,,,,,,,,,,,,,,,,
schedule-random,3,19,1000,3,3,0,0,0,optimal,optimal,18,12,c6c5932ab861afbc,4,3,3,constructed fixture v1,6,1,0.034,0.030959,0.038,4,,4,4,6cf386950d7fd58a,88235.29411764706,2129920,0.000919,0.0008539999999999999,0.007400917000000007,15,11,22,14,0,1,25,49,1,,,,,,,,,,,,,,,,,,,,,,,,,,,,,,,,,,,,
bounded-schedule-random,3,19,1000,3,3,0,0,0,feasible,feasible,18,12,c6c5932ab861afbc,4,3,3,constructed fixture v1,6,1,0.077459,0.075167,0.079417,4,,4,4,6cf386950d7fd58a,38730.166927019454,2277376,0.000962,0.000838,0.00737083300000041,0,0,0,0,0,0,0,0,0,0,0,,,,,,,,,,,,,,,,,,,,,,,,,,,,,,,,,,
schedule-random,3,20,1000,3,3,0,0,0,infeasible,infeasible,13,12,2722325421078de1,4,3,5,constructed fixture v1,6,1,0.019125,0.018583,0.019875,,,,,669b18c6d2d9c95b,156862.74509803922,2064384,0.000923,0.001201,0.008119332999999784,0,0,1,1,0,0,10,16,1,,,,,,,,,,,,,,,,,,,,,,,,,,,,,,,,,,,,
bounded-schedule-random,3,20,1000,3,3,0,0,0,unresolved,unresolved,13,12,2722325421078de1,4,3,5,constructed fixture v1,6,1,0.054292,0.051625,0.061458,,,,,669b18c6d2d9c95b,55256.759743608636,2179072,0.001088,0.0013549999999999999,0.007978582999999873,0,0,0,0,0,0,0,0,0,0,14,,,,,,,,,,,,,,,,,,,,,,,,,,,,,,,,,,
schedule-random,3,21,1000,3,3,0,0,0,infeasible,infeasible,16,12,c504d51fcf6bdc7d,4,3,3,constructed fixture v1,6,1,0.020958,0.0205,0.021333,,,,,669b18c6d2d9c95b,143143.429716576,2064384,0.0009239999999999999,0.000958,0.007583541999999888,0,0,4,3,0,0,20,27,1,,,,,,,,,,,,,,,,,,,,,,,,,,,,,,,,,,,,
bounded-schedule-random,3,21,1000,3,3,0,0,0,unresolved,unresolved,16,12,c504d51fcf6bdc7d,4,3,3,constructed fixture v1,6,1,0.049334,0.046958,0.053792,,,,,669b18c6d2d9c95b,60809.989054201964,2162688,0.00095,0.00095,0.007545041999999391,0,0,0,0,0,0,0,0,0,0,7,,,,,,,,,,,,,,,,,,,,,,,,,,,,,,,,,,
schedule-random,3,22,1000,3,3,0,0,0,infeasible,infeasible,14,12,3612655b12601303,4,3,5,constructed fixture v1,6,1,0.013417,0.013416,0.015125,,,,,669b18c6d2d9c95b,223596.92926883802,2064384,0.000914,0.0009559999999999999,0.007603624999999781,0,0,0,0,0,0,0,1,1,,,,,,,,,,,,,,,,,,,,,,,,,,,,,,,,,,,,
bounded-schedule-random,3,22,1000,3,3,0,0,0,unresolved,unresolved,14,12,3612655b12601303,4,3,5,constructed fixture v1,6,1,0.060542,0.06025,0.061375,,,,,669b18c6d2d9c95b,49552.3768623435,2195456,0.0009729999999999999,0.0009029999999999999,0.007618875000000358,0,0,0,0,0,0,0,0,0,0,14,,,,,,,,,,,,,,,,,,,,,,,,,,,,,,,,,,
schedule-random,3,23,1000,3,3,0,0,0,infeasible,infeasible,14,12,f11d1b2b18be34fe,4,3,5,constructed fixture v1,6,1,0.019458,0.019167,0.019916,,,,,669b18c6d2d9c95b,154178.23003391922,2064384,0.000899,0.000972,0.0074664999999995985,0,0,7,3,0,0,5,14,1,,,,,,,,,,,,,,,,,,,,,,,,,,,,,,,,,,,,
bounded-schedule-random,3,23,1000,3,3,0,0,0,unresolved,unresolved,14,12,f11d1b2b18be34fe,4,3,5,constructed fixture v1,6,1,0.059375,0.055292,0.059625,,,,,669b18c6d2d9c95b,50526.31578947369,2179072,0.00091,0.000851,0.007453041999999854,0,0,0,0,0,0,0,0,0,0,6,,,,,,,,,,,,,,,,,,,,,,,,,,,,,,,,,,
schedule-random,3,24,1000,3,3,0,0,0,infeasible,infeasible,9,12,15dba070628e05d3,4,3,6,constructed fixture v1,6,1,0.013125,0.012917,0.014875,,,,,669b18c6d2d9c95b,228571.42857142858,2064384,0.000881,0.0008619999999999999,0.0074555000000007254,0,0,0,0,0,0,0,2,1,,,,,,,,,,,,,,,,,,,,,,,,,,,,,,,,,,,,
bounded-schedule-random,3,24,1000,3,3,0,0,0,unresolved,unresolved,9,12,15dba070628e05d3,4,3,6,constructed fixture v1,6,1,0.037625,0.037,0.040208,,,,,669b18c6d2d9c95b,79734.21926910299,2162688,0.000878,0.0008939999999999999,0.007473832999999708,0,0,0,0,0,0,0,0,0,0,21,,,,,,,,,,,,,,,,,,,,,,,,,,,,,,,,,,
schedule-random,3,25,1000,3,3,0,0,0,optimal,optimal,13,12,0f3104d27257cc71,4,3,3,constructed fixture v1,6,1,0.029417,0.027041,0.031083,10,,3,3,a8293c2adb70db47,101981.84723119285,2113536,0.000979,0.000908,0.00754274999999982,9,5,17,10,2,1,6,27,1,,,,,,,,,,,,,,,,,,,,,,,,,,,,,,,,,,,,
bounded-schedule-random,3,25,1000,3,3,0,0,0,feasible,feasible,13,12,0f3104d27257cc71,4,3,3,constructed fixture v1,6,1,0.074917,0.073542,0.079333,10,,3,3,a8293c2adb70db47,40044.31570938505,2260992,0.00101,0.0009809999999999999,0.007672041000000185,0,0,0,0,0,0,0,0,0,0,0,,,,,,,,,,,,,,,,,,,,,,,,,,,,,,,,,,
schedule-random,3,26,1000,3,3,0,0,0,infeasible,infeasible,13,12,5ff78f4f847f1978,4,3,5,constructed fixture v1,6,1,0.015209,0.014583,0.0155,,,,,669b18c6d2d9c95b,197251.62732592545,2064384,0.0009429999999999999,0.000939,0.007542584000000296,0,0,0,0,0,0,1,2,1,,,,,,,,,,,,,,,,,,,,,,,,,,,,,,,,,,,,
bounded-schedule-random,3,26,1000,3,3,0,0,0,unresolved,unresolved,13,12,5ff78f4f847f1978,4,3,5,constructed fixture v1,6,1,0.055209,0.052375,0.055958,,,,,669b18c6d2d9c95b,54338.96647285769,2179072,0.000975,0.001005,0.00758970800000025,0,0,0,0,0,0,0,0,0,0,14,,,,,,,,,,,,,,,,,,,,,,,,,,,,,,,,,,
schedule-random,3,27,1000,3,3,0,0,0,infeasible,infeasible,13,12,641739b44cf142c9,4,3,5,constructed fixture v1,6,1,0.013875,0.012875,0.015167,,,,,669b18c6d2d9c95b,216216.2162162162,2064384,0.000966,0.001134,0.007542958000000155,0,0,0,0,0,0,0,1,1,,,,,,,,,,,,,,,,,,,,,,,,,,,,,,,,,,,,
bounded-schedule-random,3,27,1000,3,3,0,0,0,unresolved,unresolved,13,12,641739b44cf142c9,4,3,5,constructed fixture v1,6,1,0.059209,0.053458,0.05925,,,,,669b18c6d2d9c95b,50667.9727744093,2211840,0.0009109999999999999,0.000859,0.007478458000000465,0,0,0,0,0,0,0,0,0,0,14,,,,,,,,,,,,,,,,,,,,,,,,,,,,,,,,,,
schedule-random,3,28,1000,3,3,0,0,0,infeasible,infeasible,16,12,ee001af71c5f49b4,4,3,4,constructed fixture v1,6,1,0.020958,0.019833,0.021,,,,,669b18c6d2d9c95b,143143.429716576,2064384,0.000908,0.000838,0.007448083000000771,0,0,6,4,0,0,10,24,1,,,,,,,,,,,,,,,,,,,,,,,,,,,,,,,,,,,,
bounded-schedule-random,3,28,1000,3,3,0,0,0,unresolved,unresolved,16,12,ee001af71c5f49b4,4,3,4,constructed fixture v1,6,1,0.059167,0.058292,0.064209,,,,,669b18c6d2d9c95b,50703.93969611439,2228224,0.0008839999999999999,0.000851,0.007395125000000391,0,0,0,0,0,0,0,0,0,0,12,,,,,,,,,,,,,,,,,,,,,,,,,,,,,,,,,,
schedule-random,3,29,1000,3,3,0,0,0,optimal,optimal,16,12,4934778784c6e2a8,4,3,4,constructed fixture v1,6,1,0.025958,0.025584,0.026458,18,,5,6,29a272cde99e7597,115571.3074967255,2097152,0.001005,0.0009209999999999999,0.007439999999999891,5,1,8,5,1,1,14,26,1,,,,,,,,,,,,,,,,,,,,,,,,,,,,,,,,,,,,
bounded-schedule-random,3,29,1000,3,3,0,0,0,feasible,feasible,16,12,4934778784c6e2a8,4,3,4,constructed fixture v1,6,1,0.070667,0.068583,0.071083,18,,5,6,29a272cde99e7597,42452.62994042481,2244608,0.000953,0.000859,0.007452791999999597,0,0,0,0,0,0,0,0,0,0,2,,,,,,,,,,,,,,,,,,,,,,,,,,,,,,,,,,
schedule-random,3,30,1000,3,3,0,0,0,infeasible,infeasible,12,12,4522ca06a78bceb8,4,3,5,constructed fixture v1,6,1,0.016208,0.015125,0.017833,,,,,669b18c6d2d9c95b,185093.78084896345,2064384,0.001045,0.001356,0.008438332999999965,0,0,2,2,0,0,2,8,1,,,,,,,,,,,,,,,,,,,,,,,,,,,,,,,,,,,,
bounded-schedule-random,3,30,1000,3,3,0,0,0,unresolved,unresolved,12,12,4522ca06a78bceb8,4,3,5,constructed fixture v1,6,1,0.054667,0.053167,0.059292,,,,,669b18c6d2d9c95b,54877.71416027951,2179072,0.001027,0.001004,0.007644541999999532,0,0,0,0,0,0,0,0,0,0,7,,,,,,,,,,,,,,,,,,,,,,,,,,,,,,,,,,
schedule-random,3,31,1000,3,3,0,0,0,infeasible,infeasible,17,12,986a3535af5f81fb,4,3,6,constructed fixture v1,6,1,0.014458,0.014208,0.021125,,,,,669b18c6d2d9c95b,207497.57919490937,2064384,0.000887,0.0008449999999999999,0.007378957999999436,0,0,0,0,0,0,2,5,1,,,,,,,,,,,,,,,,,,,,,,,,,,,,,,,,,,,,
bounded-schedule-random,3,31,1000,3,3,0,0,0,unresolved,unresolved,17,12,986a3535af5f81fb,4,3,6,constructed fixture v1,6,1,0.060792,0.059916,0.07425,,,,,669b18c6d2d9c95b,49348.59849980261,2211840,0.000941,0.000914,0.007717290999999626,0,0,0,0,0,0,0,0,0,0,6,,,,,,,,,,,,,,,,,,,,,,,,,,,,,,,,,,
schedule-random,3,32,1000,3,3,0,0,0,infeasible,infeasible,17,12,dae9a33e8ba9aa9b,4,3,5,constructed fixture v1,6,1,0.022,0.021167,0.02225,,,,,669b18c6d2d9c95b,136363.63636363635,2064384,0.000892,0.000906,0.007447166000000394,0,0,9,4,0,0,8,20,1,,,,,,,,,,,,,,,,,,,,,,,,,,,,,,,,,,,,
bounded-schedule-random,3,32,1000,3,3,0,0,0,unresolved,unresolved,17,12,dae9a33e8ba9aa9b,4,3,5,constructed fixture v1,6,1,0.062333,0.060541,0.062333,,,,,669b18c6d2d9c95b,48128.599618179775,2211840,0.0009289999999999999,0.0008659999999999999,0.007434417000000693,0,0,0,0,0,0,0,0,0,0,6,,,,,,,,,,,,,,,,,,,,,,,,,,,,,,,,,,
schedule-random,3,33,1000,3,3,0,0,0,infeasible,infeasible,15,12,cc12cf9f58450959,4,3,5,constructed fixture v1,6,1,0.02075,0.019959,0.022542,,,,,669b18c6d2d9c95b,144578.31325301205,2064384,0.000873,0.001168,0.007689208999999586,3,0,6,5,3,0,14,26,1,,,,,,,,,,,,,,,,,,,,,,,,,,,,,,,,,,,,
bounded-schedule-random,3,33,1000,3,3,0,0,0,unresolved,unresolved,15,12,cc12cf9f58450959,4,3,5,constructed fixture v1,6,1,0.045833,0.044291,0.0475,,,,,669b18c6d2d9c95b,65455.02149106539,2162688,0.000834,0.000788,0.007455832999999856,0,0,0,0,0,0,0,0,0,0,6,,,,,,,,,,,,,,,,,,,,,,,,,,,,,,,,,,
schedule-random,3,34,1000,3,3,0,0,0,infeasible,infeasible,14,12,15cceae3ed9957e5,4,3,5,constructed fixture v1,6,1,0.01875,0.0185,0.019625,,,,,669b18c6d2d9c95b,160000.0,2064384,0.000802,0.000801,0.007322541999999821,0,0,9,7,0,0,2,20,1,,,,,,,,,,,,,,,,,,,,,,,,,,,,,,,,,,,,
bounded-schedule-random,3,34,1000,3,3,0,0,0,unresolved,unresolved,14,12,15cceae3ed9957e5,4,3,5,constructed fixture v1,6,1,0.066667,0.065084,0.0715,,,,,669b18c6d2d9c95b,44999.77500112499,2244608,0.000882,0.0007909999999999999,0.007354958999999717,0,0,0,0,0,0,0,0,0,0,7,,,,,,,,,,,,,,,,,,,,,,,,,,,,,,,,,,
schedule-random,3,35,1000,3,3,0,0,0,optimal,optimal,17,12,ec0eacb39a5c12aa,4,3,5,constructed fixture v1,6,1,0.037292,0.035041,0.037709,18,,4,3,7ad5114a1e8d1603,80446.20830204869,2129920,0.000857,0.0008269999999999999,0.007373457999999999,19,15,41,19,1,1,15,48,1,,,,,,,,,,,,,,,,,,,,,,,,,,,,,,,,,,,,
bounded-schedule-random,3,35,1000,3,3,0,0,0,feasible,feasible,17,12,ec0eacb39a5c12aa,4,3,5,constructed fixture v1,6,1,0.078917,0.078583,0.080208,18,,4,3,7ad5114a1e8d1603,38014.62295829796,2260992,0.0009889999999999999,0.001236,0.0077209580000001665,0,0,0,0,0,0,0,0,0,0,0,,,,,,,,,,,,,,,,,,,,,,,,,,,,,,,,,,
schedule-random,3,36,1000,3,3,0,0,0,infeasible,infeasible,9,12,24ac7af6550cad39,4,3,4,constructed fixture v1,6,1,0.015291,0.014708,0.015583,,,,,669b18c6d2d9c95b,196193.83951343928,2064384,0.00085,0.0010069999999999999,0.007681582999999215,0,0,1,1,0,0,4,9,1,,,,,,,,,,,,,,,,,,,,,,,,,,,,,,,,,,,,
bounded-schedule-random,3,36,1000,3,3,0,0,0,unresolved,unresolved,9,12,24ac7af6550cad39,4,3,4,constructed fixture v1,6,1,0.05275,0.051042,0.054666,,,,,669b18c6d2d9c95b,56872.037914691944,2195456,0.0008719999999999999,0.001011,0.00745283399999952,0,0,0,0,0,0,0,0,0,0,9,,,,,,,,,,,,,,,,,,,,,,,,,,,,,,,,,,
schedule-random,3,37,1000,3,3,0,0,0,infeasible,infeasible,12,12,32b29fbcddd6818c,4,3,4,constructed fixture v1,6,1,0.018792,0.0185,0.019208,,,,,669b18c6d2d9c95b,159642.40102171138,2064384,0.000937,0.0009839999999999998,0.007415167000000444,0,0,5,4,0,0,3,13,1,,,,,,,,,,,,,,,,,,,,,,,,,,,,,,,,,,,,
bounded-schedule-random,3,37,1000,3,3,0,0,0,unresolved,unresolved,12,12,32b29fbcddd6818c,4,3,4,constructed fixture v1,6,1,0.062083,0.060833,0.070333,,,,,669b18c6d2d9c95b,48322.40710017236,2228224,0.000923,0.0008709999999999999,0.00744400000000045,0,0,0,0,0,0,0,0,0,0,7,,,,,,,,,,,,,,,,,,,,,,,,,,,,,,,,,,
schedule-random,3,38,1000,3,3,0,0,0,infeasible,infeasible,14,12,64bfc4baa8996c74,4,3,5,constructed fixture v1,6,1,0.024958,0.024792,0.025041,,,,,669b18c6d2d9c95b,120201.93925795336,2080768,0.000919,0.0009199999999999999,0.007502332999999695,0,0,13,7,0,0,8,29,1,,,,,,,,,,,,,,,,,,,,,,,,,,,,,,,,,,,,
bounded-schedule-random,3,38,1000,3,3,0,0,0,unresolved,unresolved,14,12,64bfc4baa8996c74,4,3,5,constructed fixture v1,6,1,0.069542,0.065166,0.069625,,,,,669b18c6d2d9c95b,43139.39777400707,2244608,0.0009469999999999999,0.0009109999999999999,0.007525959000000526,0,0,0,0,0,0,0,0,0,0,7,,,,,,,,,,,,,,,,,,,,,,,,,,,,,,,,,,
schedule-random,3,39,1000,3,3,0,0,0,infeasible,infeasible,17,12,4a7c565f9febf528,4,3,6,constructed fixture v1,6,1,0.015542,0.015375,0.015958,,,,,669b18c6d2d9c95b,193025.35066272036,2064384,0.0009209999999999999,0.0009249999999999999,0.007579374999999722,0,0,0,0,0,0,0,3,1,,,,,,,,,,,,,,,,,,,,,,,,,,,,,,,,,,,,
bounded-schedule-random,3,39,1000,3,3,0,0,0,unresolved,unresolved,17,12,4a7c565f9febf528,4,3,6,constructed fixture v1,6,1,0.069209,0.066667,0.071958,,,,,669b18c6d2d9c95b,43346.96354520365,2260992,0.00104,0.000991,0.0076021669999999375,0,0,0,0,0,0,0,0,0,0,21,,,,,,,,,,,,,,,,,,,,,,,,,,,,,,,,,,
schedule-random,3,40,1000,3,3,0,0,0,optimal,optimal,10,12,de4ba30ab92afc34,4,3,5,constructed fixture v1,6,1,0.030459,0.028916,0.031375,11,,4,3,aa6661a9e49ff545,98493.05623953512,2113536,0.001047,0.0011769999999999999,0.007878374999999771,9,5,16,8,0,1,8,26,1,,,,,,,,,,,,,,,,,,,,,,,,,,,,,,,,,,,,
bounded-schedule-random,3,40,1000,3,3,0,0,0,feasible,feasible,10,12,de4ba30ab92afc34,4,3,5,constructed fixture v1,6,1,0.082083,0.075458,0.087125,11,,4,3,aa6661a9e49ff545,36548.371770037644,2293760,0.000983,0.000883,0.007481708000000253,0,0,0,0,0,0,0,0,0,0,0,,,,,,,,,,,,,,,,,,,,,,,,,,,,,,,,,,
schedule-random,3,41,1000,3,3,0,0,0,optimal,optimal,15,12,d4cddc1917c654f2,4,3,5,constructed fixture v1,6,1,0.040666,0.039042,0.042917,16,,5,3,92f3ea2f66d161e5,73771.7011754291,2129920,0.0008759999999999999,0.0008349999999999999,0.007469500000000018,37,30,47,21,3,2,5,54,1,,,,,,,,,,,,,,,,,,,,,,,,,,,,,,,,,,,,
bounded-schedule-random,3,41,1000,3,3,0,0,0,feasible,feasible,15,12,d4cddc1917c654f2,4,3,5,constructed fixture v1,6,1,0.101875,0.100209,0.105459,16,,5,3,92f3ea2f66d161e5,29447.852760736198,2326528,0.000948,0.0008359999999999999,0.007379499999999872,0,0,0,0,0,0,0,0,0,0,0,,,,,,,,,,,,,,,,,,,,,,,,,,,,,,,,,,
schedule-random,3,42,1000,3,3,0,0,0,optimal,optimal,15,12,3a88ec1a4aa2425f,4,3,4,constructed fixture v1,6,1,0.022209,0.022084,0.025291,7,,3,3,3e65d5476ba163fa,135080.372821829,2097152,0.0008529999999999999,0.0008089999999999999,0.007628416999999388,6,2,5,5,0,1,5,24,1,,,,,,,,,,,,,,,,,,,,,,,,,,,,,,,,,,,,
bounded-schedule-random,3,42,1000,3,3,0,0,0,feasible,feasible,15,12,3a88ec1a4aa2425f,4,3,4,constructed fixture v1,6,1,0.0765,0.074083,0.076584,7,,3,3,3e65d5476ba163fa,39215.686274509804,2277376,0.000935,0.0009729999999999999,0.0074842920000000035,0,0,0,0,0,0,0,0,0,0,0,,,,,,,,,,,,,,,,,,,,,,,,,,,,,,,,,,
schedule-random,3,43,1000,3,3,0,0,0,optimal,optimal,15,12,4ae24d8677819647,4,3,6,constructed fixture v1,6,1,0.033042,0.031666,0.03325,15,,4,5,69dcf1e68344ed68,90793.53550027238,2129920,0.000913,0.000823,0.007418207999999815,7,3,18,10,4,1,25,49,1,,,,,,,,,,,,,,,,,,,,,,,,,,,,,,,,,,,,
bounded-schedule-random,3,43,1000,3,3,0,0,0,feasible,feasible,15,12,4ae24d8677819647,4,3,6,constructed fixture v1,6,1,0.082791,0.081042,0.088583,15,,4,5,69dcf1e68344ed68,36235.822734355184,2293760,0.000895,0.000788,0.007412500000000044,0,0,0,0,0,0,0,0,0,0,2,,,,,,,,,,,,,,,,,,,,,,,,,,,,,,,,,,
schedule-random,3,44,1000,3,3,0,0,0,infeasible,infeasible,17,12,aa88444e6923a211,4,3,5,constructed fixture v1,6,1,0.03475,0.032042,0.036625,,,,,669b18c6d2d9c95b,86330.93525179855,2113536,0.0008889999999999999,0.000856,0.007513499999999951,10,0,24,11,9,0,14,41,1,,,,,,,,,,,,,,,,,,,,,,,,,,,,,,,,,,,,
bounded-schedule-random,3,44,1000,3,3,0,0,0,unresolved,unresolved,17,12,aa88444e6923a211,4,3,5,constructed fixture v1,6,1,0.091917,0.090459,0.094542,,,,,669b18c6d2d9c95b,32638.140931492544,2310144,0.0009209999999999999,0.0008489999999999999,0.007597125000000204,0,0,0,0,0,0,0,0,0,0,9,,,,,,,,,,,,,,,,,,,,,,,,,,,,,,,,,,
schedule-random,3,45,1000,3,3,0,0,0,optimal,optimal,13,12,796f474564b7c596,4,3,4,constructed fixture v1,6,1,0.03225,0.03025,0.032458,20,,5,3,f329325184a650bb,93023.2558139535,2129920,0.0010789999999999999,0.0015249999999999999,0.007670916999999555,8,4,14,7,0,1,17,43,1,,,,,,,,,,,,,,,,,,,,,,,,,,,,,,,,,,,,
bounded-schedule-random,3,45,1000,3,3,0,0,0,feasible,feasible,13,12,796f474564b7c596,4,3,4,constructed fixture v1,6,1,0.089625,0.087791,0.089625,20,,5,3,f329325184a650bb,33472.803347280336,2310144,0.001036,0.001178,0.007854415999999809,0,0,0,0,0,0,0,0,0,0,0,,,,,,,,,,,,,,,,,,,,,,,,,,,,,,,,,,
schedule-random,3,46,1000,3,3,0,0,0,optimal,optimal,13,12,2665402be4634d1a,4,3,4,constructed fixture v1,6,1,0.032542,0.03225,0.037667,8,,4,6,29b8ce74cad2e3c9,92188.55632720792,2129920,0.001019,0.0011539999999999999,0.008390000000000342,19,13,20,12,0,2,9,38,1,,,,,,,,,,,,,,,,,,,,,,,,,,,,,,,,,,,,
bounded-schedule-random,3,46,1000,3,3,0,0,0,feasible,feasible,13,12,2665402be4634d1a,4,3,4,constructed fixture v1,6,1,0.088167,0.086708,0.091416,8,,4,6,29b8ce74cad2e3c9,34026.33638436149,2310144,0.001094,0.001191,0.00762525000000025,0,0,0,0,0,0,0,0,0,0,0,,,,,,,,,,,,,,,,,,,,,,,,,,,,,,,,,,
schedule-random,3,47,1000,3,3,0,0,0,infeasible,infeasible,15,12,17c7be846bbf0519,4,3,4,constructed fixture v1,6,1,0.016084,0.015917,0.016291,,,,,669b18c6d2d9c95b,186520.76597861227,2064384,0.0009699999999999999,0.001316,0.007814791000000376,0,0,0,0,0,0,3,7,1,,,,,,,,,,,,,,,,,,,,,,,,,,,,,,,,,,,,
bounded-schedule-random,3,47,1000,3,3,0,0,0,unresolved,unresolved,15,12,17c7be846bbf0519,4,3,4,constructed fixture v1,6,1,0.081083,0.080125,0.08375,,,,,669b18c6d2d9c95b,36999.124354056956,2293760,0.001028,0.0009989999999999999,0.0075061669999998415,0,0,0,0,0,0,0,0,0,0,7,,,,,,,,,,,,,,,,,,,,,,,,,,,,,,,,,,
window-contended-schedule,4,0,1000,3,3,0,0,0,optimal,optimal,12,2,60515e5a784e07aa,2,7,7,"seed=0; warmup=8; releases=[8,12); timetable=[8,19]; full generated cohort including rejections; isolated from carry-in and background",1,1,0.031334,0.031333,0.03275,7,,7,8,36a969387b3c0d65,223399.50213825237,2490368,0.001119,0.0009519999999999999,0.007515999999999856,181,155,56,56,4,3,18,81,1,,,8,True,7,,,,,,,,,,,,,,,,,,,,,,,,,,,,,,,
bounded-window-contended-schedule,4,0,1000,3,3,0,0,0,feasible,feasible,12,2,60515e5a784e07aa,2,7,7,"seed=0; warmup=8; releases=[8,12); timetable=[8,19]; full generated cohort including rejections; isolated from carry-in and background",1,1,0.033125,0.032291,0.060167,7,,7,8,36a969387b3c0d65,211320.75471698114,2506752,0.00112,0.0009689999999999999,0.007600416999999915,0,0,0,0,0,0,0,0,0,0,0,8,True,7,,,,,,,,,,,,,,,,,,,,,,,,,,,,,,,
window-contended-schedule,4,42,1000,3,3,0,0,0,optimal,optimal,12,2,6bd6abe3732d2ed9,2,11,11,"seed=42; warmup=8; releases=[8,12); timetable=[8,19]; full generated cohort including rejections; isolated from carry-in and background",1,1,3.792917,3.717541,4.053042,11,,11,20,77df4a6cad5c253c,2900.1425551890534,2637824,0.005166,0.000954,0.0074990000000001444,176782,148602,88,88,22739,3240,28,127,1,,,20,True,11,,,,,,,,,,,,,,,,,,,,,,,,,,,,,,,
bounded-window-contended-schedule,4,42,1000,3,3,0,0,0,feasible,feasible,12,2,6bd6abe3732d2ed9,2,11,11,"seed=42; warmup=8; releases=[8,12); timetable=[8,19]; full generated cohort including rejections; isolated from carry-in and background",1,1,0.037083,0.036042,0.037375,11,,11,20,77df4a6cad5c253c,296631.87983712216,2555904,0.001039,0.0009989999999999999,0.007435833999999808,0,0,0,0,0,0,0,0,0,0,0,20,True,11,,,,,,,,,,,,,,,,,,,,,,,,,,,,,,,
window-contended-schedule,4,99,1000,3,3,0,0,0,optimal,optimal,12,2,12dfd45e120a79ee,2,11,11,"seed=99; warmup=8; releases=[8,12); timetable=[8,19]; full generated cohort including rejections; isolated from carry-in and background",1,1,0.956584,0.913333,1.315042,11,,11,18,9fdd432479e9a773,11499.251503265787,2621440,0.002382,0.001075,0.007646583999999734,42729,36170,88,88,5424,540,26,125,1,,,18,True,11,,,,,,,,,,,,,,,,,,,,,,,,,,,,,,,
bounded-window-contended-schedule,4,99,1000,3,3,0,0,0,feasible,feasible,12,2,12dfd45e120a79ee,2,11,11,"seed=99; warmup=8; releases=[8,12); timetable=[8,19]; full generated cohort including rejections; isolated from carry-in and background",1,1,0.038458,0.0355,0.039917,11,,11,18,9fdd432479e9a773,286026.31442092673,2523136,0.0010609999999999999,0.001037,0.00787075000000037,0,0,0,0,0,0,0,0,0,0,0,18,True,11,,,,,,,,,,,,,,,,,,,,,,,,,,,,,,,
bounded-schedule-ties,128,42,1000,3,3,0,0,0,feasible,feasible,2,4,29681e2de3d0e1d7,2,128,128,constructed fixture v1,2,1,0.165459,0.163041,0.176084,128,128,128,0,4adcdaff0dfb9ccf,773605.5457847564,2736128,0.001238,0.000982,0.0076609579999997734,0,0,0,0,0,0,0,0,0,0,0,,,,,,,,,,,,,,,,,,,,,,,,,,,,,,,,,,
bounded-schedule-contention,128,42,1000,3,3,0,0,0,feasible,feasible,128,2,cebe05ff9d0af13f,2,128,128,constructed fixture v1,1,1,1.882958,1.7875,1.907791,128,128,128,8128,82eecdef89d071a6,67978.14927364286,2965504,0.0030859999999999998,0.0010199999999999999,0.0075248750000005415,0,0,0,0,0,0,0,0,0,0,0,,,,,,,,,,,,,,,,,,,,,,,,,,,,,,,,,,
bounded-schedule-reverse-deadline,128,42,1000,3,3,0,0,0,feasible,feasible,128,2,c475011007df7357,2,128,128,constructed fixture v1,1,1,0.655375,0.647792,0.695458,128,128,128,8128,596a0cd98ba998a8,195308.02975395764,2932736,0.0017239999999999998,0.000987,0.0075087909999993485,0,0,0,0,0,0,0,0,0,0,64,,,,,,,,,,,,,,,,,,,,,,,,,,,,,,,,,,
bounded-schedule-dense,128,42,1000,3,3,0,0,0,feasible,feasible,1,16256,f658c28d08d3b626,128,1,1,constructed fixture v1,1,1,0.076958,0.0705,0.081917,1,1,1,1,e0f6c4abd6209805,12994.100678292054,2408448,0.0009599999999999999,0.000883,0.007525915999998745,0,0,0,0,0,0,0,0,0,0,0,,,,,,,,,,,,,,,,,,,,,,,,,,,,,,,,,,
bounded-schedule-multihop-slots,256,42,1000,3,3,0,0,0,feasible,feasible,768,6,91b84130596e0d3c,4,1,1,constructed fixture v1,3,1,0.779834,0.771625,0.817375,3,3,3,0,7cf088236923f309,1282.3241869423493,2916352,0.0025499999999999997,0.000932,0.007361416999998482,0,0,0,0,0,0,0,0,0,0,0,,,,,,,,,,,,,,,,,,,,,,,,,,,,,,,,,,
bounded-schedule-knapsack,128,42,1000,3,3,0,0,0,feasible,feasible,2,4,dc33c0d09288cde3,2,128,254,constructed fixture v1,2,1,0.194084,0.188875,0.194333,132,132,128,0,93b5fe6ebeaefb3d,659508.2541579935,2736128,0.0011229999999999999,0.000859,0.007411583999999749,0,0,0,0,0,0,0,0,0,0,0,,,,,,,,,,,,,,,,,,,,,,,,,,,,,,,,,,
sim-pinned,2,42,1000,3,3,0,0,0,simulated,simulated,,6,6cac184ac5262d11,3,,,,3,1,2.257584,2.231708,2.261667,2263,,,,4b5f141396f29834,,2637824,0.0031119999999999997,0.0009149999999999999,0.007362583000000811,0,383,1142,759,0,0,0,2660,759,0,0,,,,64,32,0,1,383,376,0,376,376,759,7178,383,759,0,0,0,0,0,0,32,383,10292,3000,0.376,336200.11481300363,442951.40291568334,0.0,0.5046113306982872,,,
bounded-sim-pinned,2,42,1000,3,3,0,0,0,simulated,simulated,,6,1dbc9af1f6cada93,3,,,,3,1,1.923292,1.90525,2.105916,2667,,,,47998e80a28c7ade,,2752512,0.002889,0.000851,0.007305875000000128,0,0,0,0,0,0,0,0,0,0,0,,,,64,32,0,1,376,759,376,759,759,1135,7547,0,759,0,0,0,0,0,0,32,0,11167,2584,0.759,394635.8639249786,519941.84970352915,0.0,0.0,,,
sim-load,13,42,1000,3,3,0,0,0,simulated,simulated,,2,3c6a37ee9fbfd289,2,,,,1,1,15.861416,15.848458,15.966083,9780,,,,ee76ccd6715b2b18,,2883584,0.016725999999999998,0.000841,0.019965208000000345,0,0,9780,9780,0,0,0,22525,12745,0,0,,,,64,32,17,25,12745,9770,12723,9770,9770,9780,49887,0,9787,1,9,15,2965,0,0,32,0,30916,18875,9.77,617031.9219923366,63046.07356619359,2.965,0.0,,,
bounded-sim-load,13,42,1000,3,3,0,0,0,simulated,simulated,,2,52ce1a41a92f71cb,2,,,,1,1,21.638208,20.598791,22.493167,9780,,,,3e91bbfee3b7c23c,,3227648,0.023240999999999998,0.0008849999999999999,0.03059599999999918,0,0,0,0,0,0,0,0,0,0,0,,,,64,32,17,25,12745,9770,12723,9770,9770,9780,49894,0,9787,1,9,15,2965,0,2,32,0,50000,25583,9.77,452301.78025832825,46214.54789601801,2.965,0.0,,,
sim-load,16,42,1000,3,3,0,0,0,simulated,simulated,,2,7a89d8d2675a270e,2,,,,1,1,43.508416,43.137875,43.948208,10000,,,,7ce01f6ecb37fb64,,2949120,0.044691999999999996,0.000946,0.051272292000000164,0,0,10000,10000,0,0,0,73266,63266,0,0,,,,64,32,64,64,63266,9990,63028,9990,9990,10000,54914,0,11994,5,54,54,53266,1940,0,32,1940,69333,47250,9.99,275670.803552122,22984.05899217292,53.266,0.1617475404368851,,,
bounded-sim-load,16,42,1000,3,3,0,0,0,simulated,simulated,,2,eefc86894fcc210c,2,,,,1,1,32.270291,32.081458,32.986291,10000,,,,fc14269ad51f6783,,3293184,0.033773,0.001212,0.03901037500000015,0,0,0,0,0,0,0,0,0,0,0,,,,64,32,64,64,63266,9990,63028,9990,9990,10000,54968,0,11994,5,54,54,53266,1940,7,32,1940,59334,35375,9.99,371673.1280793222,30988.254800677194,53.266,0.1617475404368851,,,
sim-outage,8,42,1000,3,3,0,0,0,simulated,simulated,,2,b0c350e1388b9d26,2,,,,1,1,31.097167,30.795542,31.498375,1246,,,,707d606767b903ae,,2867200,0.032292999999999995,0.0009509999999999999,0.03877879100000037,0,0,1246,1246,0,0,740,53969,51983,0,0,,,,64,32,46,56,47273,1246,9393,1246,1246,1246,21406,4710,6002,7,53,56,46027,0,0,32,4710,59292,37250,1.246,193007.93541739671,32157.27014618406,46.027,0.7847384205264911,,,
bounded-sim-outage,8,42,1000,3,3,0,0,0,simulated,simulated,,2,f9a9968fcdb2dd64,2,,,,1,1,38.910959,37.435542,38.947459,1246,,,,f1a6419ae4f7c577,,3342336,0.039692,0.0009889999999999999,0.04500924999999967,0,0,0,0,0,0,0,0,0,0,85954,,,,64,32,46,56,47273,1246,9393,1246,1246,1246,21416,4710,6002,7,53,56,46027,0,1,32,4710,67083,47292,1.246,154249.60356284204,25699.700693575815,46.027,0.7847384205264911,,,
sim-backlog,256,42,1000,3,3,0,0,0,simulated,simulated,,2,a98d031615b48781,2,,,,1,1,139.483208,138.829375,140.113542,0,,,,96f93cd4c8cff4d5,,3244032,0.14082,0.0010249999999999999,0.14717170799999835,0,0,0,0,0,0,0,250815,250815,0,0,,,,256,32,256,256,250815,0,0,0,0,0,12748,0,6002,999,256,256,250815,5746,0,32,5746,173292,153959,0.0,43030.26927800514,7169.321772410052,250.815,0.9573475508163946,,,
bounded-sim-backlog,256,42,1000,3,3,0,0,0,simulated,simulated,,2,68ab790aea5897ff,2,,,,1,1,122.646625,121.0005,123.846125,0,,,,580dd8808d68b22b,,3719168,0.124543,0.001024,0.13136358300000062,0,0,0,0,0,0,0,0,0,0,752563,,,,256,32,256,256,250815,0,0,0,0,0,12748,0,6002,999,256,256,250815,5746,0,32,5746,150417,132375,0.0,48937.343363504704,8153.506058564596,250.815,0.9573475508163946,,,
sim-density,9,42,1000,3,0,3,0,0,censored,timeout,,72,66136791fbac3451,9,,,,1,1,,,,,,,,,,2703360,1.991554,0.023544,2.0060969580000005,,,,,,,,,,,,,,,64,32,,,,,,,,,,,,,,,,,,,,,,,,,,,,,
bounded-sim-density,9,42,1000,3,3,0,0,0,simulated,simulated,,72,c08a487ef37a34d3,9,,,,1,1,1.933916,1.928333,1.933917,0,,,,e66e7225134b0cc2,,2686976,0.002826,0.0011149999999999999,0.007978583000003425,0,0,0,0,0,0,0,0,0,0,0,,,,64,32,0,0,0,759,0,759,759,759,4795,0,759,0,0,0,0,0,0,32,0,20292,2375,0.759,392467.92518392735,517085.54042678175,0.0,0.0,,,
bounded-sim-density,32,42,1000,3,3,0,0,0,simulated,simulated,,992,9c4645c591a08782,32,,,,1,1,4.295375,4.151083,4.523375,0,,,,93c3056ecff87be8,,2703360,0.00536,0.001098,0.013718917000002051,0,0,0,0,0,0,0,0,0,0,0,,,,64,32,0,0,0,759,0,759,759,759,4795,0,759,0,0,0,0,0,0,32,0,18292,5375,0.759,176701.68495183776,232808.54407356752,0.0,0.0,,,
bounded-sim-density,128,42,1000,3,3,0,0,0,simulated,simulated,,16256,5b9ffed9fb676932,128,,,,1,1,14.160667,13.758208,14.2215,0,,,,3dfbe9dc61758593,,2949120,0.014823999999999999,0.001214,0.020030999999999466,0,0,0,0,0,0,0,0,0,0,0,,,,64,32,0,0,0,759,0,759,759,759,4795,0,759,0,0,0,0,0,0,32,0,43250,21000,0.759,53599.170152083934,70618.14249286421,0.0,0.0,,,
bounded-sim-density,256,42,1000,3,3,0,0,0,simulated,simulated,,65280,acfde56d78dce8a2,256,,,,1,1,27.344625,26.946,27.753917,0,,,,5d46a02fa5bc6106,,3194880,0.028363,0.001472,0.03677208300000245,0,0,0,0,0,0,0,0,0,0,0,,,,64,32,0,0,0,759,0,759,759,759,4795,0,759,0,0,0,0,0,0,32,0,70084,41000,0.759,27756.826067280133,36570.25832316223,0.0,0.0,,,
schedule-mixed,3,0,1000,3,3,0,0,0,optimal,optimal,20,24,9cec41b1e43e911c,4,3,5,constructed fixture v1,7,1,0.174167,0.17,0.187333,11,,3,4,f23f7307048cb797,17224.84741655997,2555904,0.0009649999999999999,0.001058,0.007560833999999517,295,291,872,330,36,1,121,572,1,,,,,,,,,,,,,,,,,,,,,,,,,,,,,,,,,,,,
bounded-schedule-mixed,3,0,1000,3,3,0,0,0,feasible,feasible,20,24,9cec41b1e43e911c,4,3,5,constructed fixture v1,7,1,0.105292,0.104625,0.106084,11,,3,4,f23f7307048cb797,28492.193139079893,2293760,0.000923,0.001005,0.008000415999998012,0,0,0,0,0,0,0,0,0,0,0,,,,,,,,,,,,,,,,,,,,,,,,,,,,,,,,,,
schedule-mixed,3,1,1000,3,3,0,0,0,optimal,optimal,18,24,9eca8073db0a81d1,4,3,4,constructed fixture v1,7,1,0.192,0.187791,0.193625,107,,4,3,04f8481d9140666d,15625.0,2539520,0.001086,0.001267,0.007738958000000906,321,317,867,328,8,1,101,553,1,,,,,,,,,,,,,,,,,,,,,,,,,,,,,,,,,,,,
bounded-schedule-mixed,3,1,1000,3,3,0,0,0,feasible,feasible,18,24,9eca8073db0a81d1,4,3,4,constructed fixture v1,7,1,0.125916,0.117875,0.129667,107,,4,3,04f8481d9140666d,23825.407414466787,2342912,0.001004,0.001192,0.007718707999998742,0,0,0,0,0,0,0,0,0,0,0,,,,,,,,,,,,,,,,,,,,,,,,,,,,,,,,,,
schedule-mixed,3,2,1000,3,3,0,0,0,optimal,optimal,18,24,db19a742ba255800,4,3,4,constructed fixture v1,7,1,0.1355,0.129625,0.138084,29,,6,4,e78ff15b54f1db1a,22140.22140221402,2342912,0.001034,0.001062,0.007864292000000717,148,144,380,147,0,1,238,454,1,,,,,,,,,,,,,,,,,,,,,,,,,,,,,,,,,,,,
bounded-schedule-mixed,3,2,1000,3,3,0,0,0,feasible,feasible,18,24,db19a742ba255800,4,3,4,constructed fixture v1,7,1,0.122542,0.116375,0.12375,29,,6,4,e78ff15b54f1db1a,24481.40229472344,2326528,0.001022,0.0011949999999999999,0.007783374999998927,0,0,0,0,0,0,0,0,0,0,0,,,,,,,,,,,,,,,,,,,,,,,,,,,,,,,,,,
schedule-mixed,3,3,1000,3,3,0,0,0,optimal,optimal,17,24,916a8fcdaed7fc65,4,3,4,constructed fixture v1,7,1,0.16675,0.147625,0.170583,104,,3,3,7c3203f0f3f297f5,17991.004497751124,2375680,0.0011309999999999998,0.0010249999999999999,0.0071421250000014425,495,485,472,185,20,1,143,407,1,,,,,,,,,,,,,,,,,,,,,,,,,,,,,,,,,,,,
bounded-schedule-mixed,3,3,1000,3,3,0,0,0,feasible,feasible,17,24,916a8fcdaed7fc65,4,3,4,constructed fixture v1,7,1,0.096042,0.087375,0.122,104,,3,3,7c3203f0f3f297f5,31236.334103829573,2260992,0.0009559999999999999,0.001015,0.007648709000001475,0,0,0,0,0,0,0,0,0,0,0,,,,,,,,,,,,,,,,,,,,,,,,,,,,,,,,,,
schedule-mixed,3,4,1000,3,3,0,0,0,optimal,optimal,18,24,f7cc9714fe189894,4,3,3,constructed fixture v1,7,1,0.153375,0.149333,0.166125,112,,3,3,e4c88b4035fbd025,19559.902200488996,2392064,0.001054,0.0009069999999999999,0.007538833000001688,194,190,497,193,0,1,253,523,1,,,,,,,,,,,,,,,,,,,,,,,,,,,,,,,,,,,,
bounded-schedule-mixed,3,4,1000,3,3,0,0,0,feasible,feasible,18,24,f7cc9714fe189894,4,3,3,constructed fixture v1,7,1,0.152875,0.139833,0.163333,112,,3,3,e4c88b4035fbd025,19623.8757154538,2342912,0.001049,0.000932,0.007599416000001469,0,0,0,0,0,0,0,0,0,0,0,,,,,,,,,,,,,,,,,,,,,,,,,,,,,,,,,,
schedule-mixed,3,5,1000,3,3,0,0,0,optimal,optimal,20,24,15fe19fadcd60da4,4,3,6,constructed fixture v1,7,1,0.111292,0.111083,0.114916,8,,4,5,0ae55011cb6febe2,26956.115444057075,2342912,0.001022,0.0009639999999999999,0.007546707999999569,142,138,367,145,4,1,95,306,1,,,,,,,,,,,,,,,,,,,,,,,,,,,,,,,,,,,,
bounded-schedule-mixed,3,5,1000,3,3,0,0,0,feasible,feasible,20,24,15fe19fadcd60da4,4,3,6,constructed fixture v1,7,1,0.096917,0.093708,0.099375,8,,4,5,0ae55011cb6febe2,30954.321739220155,2310144,0.000991,0.001259,0.007706292000001724,0,0,0,0,0,0,0,0,0,0,0,,,,,,,,,,,,,,,,,,,,,,,,,,,,,,,,,,
schedule-mixed,3,6,1000,3,3,0,0,0,optimal,optimal,17,24,8538eb4eb908e64c,4,3,6,constructed fixture v1,7,1,0.155667,0.154334,0.15875,300,,3,0,3f86e455e18a917c,19271.907340669506,2408448,0.001065,0.001085,0.0075146250000024395,221,217,566,220,0,1,114,438,1,,,,,,,,,,,,,,,,,,,,,,,,,,,,,,,,,,,,
bounded-schedule-mixed,3,6,1000,3,3,0,0,0,feasible,feasible,17,24,8538eb4eb908e64c,4,3,6,constructed fixture v1,7,1,0.059083,0.058458,0.059417,300,,3,0,3f86e455e18a917c,50776.02694514497,2211840,0.000982,0.001047,0.007714333000002682,0,0,0,0,0,0,0,0,0,0,0,,,,,,,,,,,,,,,,,,,,,,,,,,,,,,,,,,
schedule-mixed,3,7,1000,3,3,0,0,0,optimal,optimal,20,24,592aa3b01280cfb1,4,3,3,constructed fixture v1,7,1,0.17875,0.176125,0.181125,7,,3,3,7f1c4e7f27f190f2,16783.216783216783,2408448,0.001024,0.001103,0.00764791599999981,251,245,565,221,3,2,323,632,1,,,,,,,,,,,,,,,,,,,,,,,,,,,,,,,,,,,,
bounded-schedule-mixed,3,7,1000,3,3,0,0,0,feasible,feasible,20,24,592aa3b01280cfb1,4,3,3,constructed fixture v1,7,1,0.08825,0.086792,0.089042,7,,3,3,7f1c4e7f27f190f2,33994.3342776204,2260992,0.000966,0.0010479999999999999,0.007793541000001625,0,0,0,0,0,0,0,0,0,0,0,,,,,,,,,,,,,,,,,,,,,,,,,,,,,,,,,,
schedule-mixed,3,8,1000,3,3,0,0,0,optimal,optimal,20,24,363aaa897897f3e9,4,3,5,constructed fixture v1,7,1,0.193834,0.189792,0.196583,203,,3,0,1705b07d8251cd38,15477.160869610077,2473984,0.001138,0.0012159999999999999,0.007789875000000279,260,256,688,259,0,1,177,536,1,,,,,,,,,,,,,,,,,,,,,,,,,,,,,,,,,,,,
bounded-schedule-mixed,3,8,1000,3,3,0,0,0,feasible,feasible,20,24,363aaa897897f3e9,4,3,5,constructed fixture v1,7,1,0.137,0.13425,0.139292,203,,3,0,1705b07d8251cd38,21897.8102189781,2326528,0.001096,0.0013549999999999999,0.007811541000002364,0,0,0,0,0,0,0,0,0,0,0,,,,,,,,,,,,,,,,,,,,,,,,,,,,,,,,,,
schedule-mixed,3,9,1000,3,3,0,0,0,optimal,optimal,19,24,cf34db0e033fde4c,4,3,6,constructed fixture v1,7,1,0.10925,0.106916,0.113208,103,,3,4,0726f2154caecd2b,27459.95423340961,2277376,0.001058,0.001013,0.007678458000000887,113,109,276,112,0,1,187,356,1,,,,,,,,,,,,,,,,,,,,,,,,,,,,,,,,,,,,
bounded-schedule-mixed,3,9,1000,3,3,0,0,0,feasible,feasible,19,24,cf34db0e033fde4c,4,3,6,constructed fixture v1,7,1,0.071083,0.070541,0.074375,103,,3,4,0726f2154caecd2b,42204.18384142481,2228224,0.0010329999999999998,0.0010119999999999999,0.007625916999998594,0,0,0,0,0,0,0,0,0,0,0,,,,,,,,,,,,,,,,,,,,,,,,,,,,,,,,,,
schedule-mixed,3,10,1000,3,3,0,0,0,optimal,optimal,16,24,7b1db8e80e013cd6,4,3,4,constructed fixture v1,7,1,0.138042,0.132042,0.139792,205,,3,1,58f7bda43b3ab35b,21732.51619072456,2342912,0.0010869999999999999,0.001068,0.007717667000001427,339,328,431,169,11,2,84,336,1,,,,,,,,,,,,,,,,,,,,,,,,,,,,,,,,,,,,
bounded-schedule-mixed,3,10,1000,3,3,0,0,0,feasible,feasible,16,24,7b1db8e80e013cd6,4,3,4,constructed fixture v1,7,1,0.131583,0.128416,0.136459,205,,3,1,58f7bda43b3ab35b,22799.297781628324,2310144,0.001055,0.001053,0.00760724999999951,0,0,0,0,0,0,0,0,0,0,0,,,,,,,,,,,,,,,,,,,,,,,,,,,,,,,,,,
schedule-mixed,3,11,1000,3,3,0,0,0,optimal,optimal,19,24,1379d8852ecc1de1,4,3,6,constructed fixture v1,7,1,0.127583,0.124167,0.129375,300,,3,0,3e83fbdf8f35d2c7,23514.1045437088,2359296,0.001081,0.001047,0.007670416999999929,144,140,365,143,0,1,121,336,1,,,,,,,,,,,,,,,,,,,,,,,,,,,,,,,,,,,,
bounded-schedule-mixed,3,11,1000,3,3,0,0,0,feasible,feasible,19,24,1379d8852ecc1de1,4,3,6,constructed fixture v1,7,1,0.057666,0.054917,0.060042,300,,3,0,3e83fbdf8f35d2c7,52023.72281760483,2195456,0.000958,0.0009559999999999999,0.007624958000000959,0,0,0,0,0,0,0,0,0,0,0,,,,,,,,,,,,,,,,,,,,,,,,,,,,,,,,,,
schedule-mixed,3,12,1000,3,3,0,0,0,optimal,optimal,20,24,f79562ec6ed442cb,4,3,4,constructed fixture v1,7,1,0.15,0.147666,0.156333,104,,4,2,7f1368e1dc559f1f,20000.0,2375680,0.00108,0.001027,0.007653582999999742,147,143,399,157,11,1,191,421,1,,,,,,,,,,,,,,,,,,,,,,,,,,,,,,,,,,,,
bounded-schedule-mixed,3,12,1000,3,3,0,0,0,feasible,feasible,20,24,f79562ec6ed442cb,4,3,4,constructed fixture v1,7,1,0.101208,0.095875,0.105541,104,,4,2,7f1368e1dc559f1f,29641.925539483043,2310144,0.0010329999999999998,0.001199,0.00785745800000015,0,0,0,0,0,0,0,0,0,0,0,,,,,,,,,,,,,,,,,,,,,,,,,,,,,,,,,,
schedule-mixed,3,13,1000,3,3,0,0,0,optimal,optimal,22,24,b43d38171c6f7cb8,4,3,4,constructed fixture v1,7,1,0.18675,0.181459,0.196291,3,,3,4,20e51bbb4aadb0db,16064.257028112448,2441216,0.001161,0.001003,0.007677582999999544,202,198,553,217,16,1,301,601,1,,,,,,,,,,,,,,,,,,,,,,,,,,,,,,,,,,,,
bounded-schedule-mixed,3,13,1000,3,3,0,0,0,feasible,feasible,22,24,b43d38171c6f7cb8,4,3,4,constructed fixture v1,7,1,0.0725,0.071625,0.072709,3,,3,4,20e51bbb4aadb0db,41379.31034482759,2244608,0.001011,0.001006,0.007712292000000787,0,0,0,0,0,0,0,0,0,0,0,,,,,,,,,,,,,,,,,,,,,,,,,,,,,,,,,,
schedule-mixed,3,14,1000,3,3,0,0,0,optimal,optimal,21,24,c4e221e4cfe823f0,4,3,5,constructed fixture v1,7,1,0.093666,0.089833,0.094042,116,,5,1,9fd47ab865f3eb41,32028.697713150985,2228224,0.000987,0.000978,0.00749554200000091,137,129,174,71,2,2,239,349,1,,,,,,,,,,,,,,,,,,,,,,,,,,,,,,,,,,,,
bounded-schedule-mixed,3,14,1000,3,3,0,0,0,feasible,feasible,21,24,c4e221e4cfe823f0,4,3,5,constructed fixture v1,7,1,0.096375,0.090875,0.103583,116,,5,1,9fd47ab865f3eb41,31128.4046692607,2375680,0.001,0.001077,0.007652584000002349,0,0,0,0,0,0,0,0,0,0,0,,,,,,,,,,,,,,,,,,,,,,,,,,,,,,,,,,
schedule-mixed,3,15,1000,3,3,0,0,0,optimal,optimal,18,24,476fd698db4c901a,4,3,6,constructed fixture v1,7,1,0.123875,0.123125,0.134334,102,,3,2,a6a99890dd829853,24217.96165489405,2342912,0.001047,0.001035,0.007609291999997936,164,160,414,165,2,1,93,325,1,,,,,,,,,,,,,,,,,,,,,,,,,,,,,,,,,,,,
bounded-schedule-mixed,3,15,1000,3,3,0,0,0,feasible,feasible,18,24,476fd698db4c901a,4,3,6,constructed fixture v1,7,1,0.07325,0.072209,0.074125,102,,3,2,a6a99890dd829853,40955.63139931741,2211840,0.0010199999999999999,0.001059,0.007527875000000961,0,0,0,0,0,0,0,0,0,0,0,,,,,,,,,,,,,,,,,,,,,,,,,,,,,,,,,,
schedule-mixed,3,16,1000,3,3,0,0,0,optimal,optimal,17,24,6852e77f7088d429,4,3,5,constructed fixture v1,7,1,0.231416,0.223667,0.234375,201,,3,3,6c508e1c3d638eaf,12963.667162166832,2506752,0.001168,0.001053,0.007628749999998519,341,337,903,340,0,1,128,599,1,,,,,,,,,,,,,,,,,,,,,,,,,,,,,,,,,,,,
bounded-schedule-mixed,3,16,1000,3,3,0,0,0,feasible,feasible,17,24,6852e77f7088d429,4,3,5,constructed fixture v1,7,1,0.103208,0.099833,0.110834,201,,3,3,6c508e1c3d638eaf,29067.51414619022,2310144,0.0010199999999999999,0.001075,0.007790666999998308,0,0,0,0,0,0,0,0,0,0,0,,,,,,,,,,,,,,,,,,,,,,,,,,,,,,,,,,
schedule-mixed,3,17,1000,3,3,0,0,0,optimal,optimal,19,24,863ab72d76d1f860,4,3,6,constructed fixture v1,7,1,0.129041,0.124375,0.138084,110,,3,4,7d63df0f539351d5,23248.424919211724,2342912,0.001049,0.001011,0.007494375000000275,198,190,373,148,2,2,124,335,1,,,,,,,,,,,,,,,,,,,,,,,,,,,,,,,,,,,,
bounded-schedule-mixed,3,17,1000,3,3,0,0,0,feasible,feasible,19,24,863ab72d76d1f860,4,3,6,constructed fixture v1,7,1,0.074875,0.074,0.076709,110,,3,4,7d63df0f539351d5,40066.77796327213,2228224,0.001019,0.001062,0.00752254199999669,0,0,0,0,0,0,0,0,0,0,0,,,,,,,,,,,,,,,,,,,,,,,,,,,,,,,,,,
schedule-mixed,3,18,1000,3,3,0,0,0,optimal,optimal,18,24,2e983c8d55b5928a,4,3,5,constructed fixture v1,7,1,0.114,0.11325,0.114792,202,,3,1,d38cccf3a56921ad,26315.78947368421,2260992,0.0010789999999999999,0.000993,0.007610124999999357,112,108,278,111,0,1,189,364,1,,,,,,,,,,,,,,,,,,,,,,,,,,,,,,,,,,,,
bounded-schedule-mixed,3,18,1000,3,3,0,0,0,feasible,feasible,18,24,2e983c8d55b5928a,4,3,5,constructed fixture v1,7,1,0.089083,0.089042,0.090709,202,,3,1,d38cccf3a56921ad,33676.45903258758,2277376,0.001029,0.0010659999999999999,0.007613125000002441,0,0,0,0,0,0,0,0,0,0,0,,,,,,,,,,,,,,,,,,,,,,,,,,,,,,,,,,
schedule-mixed,3,19,1000,3,3,0,0,0,optimal,optimal,23,24,d6abceca535a7cc2,4,3,3,constructed fixture v1,7,1,0.16775,0.160084,0.170958,4,,4,4,eb4a78632ea65201,17883.75558867362,2375680,0.0011229999999999999,0.0010119999999999999,0.0076157919999992885,181,177,458,182,2,1,276,521,1,,,,,,,,,,,,,,,,,,,,,,,,,,,,,,,,,,,,
bounded-schedule-mixed,3,19,1000,3,3,0,0,0,feasible,feasible,23,24,d6abceca535a7cc2,4,3,3,constructed fixture v1,7,1,0.107208,0.102125,0.107791,4,,4,4,eb4a78632ea65201,27982.986344302666,2310144,0.00106,0.001028,0.007610749999997779,0,0,0,0,0,0,0,0,0,0,0,,,,,,,,,,,,,,,,,,,,,,,,,,,,,,,,,,
schedule-mixed,3,20,1000,3,3,0,0,0,optimal,optimal,18,24,377cff865ba0b171,4,3,5,constructed fixture v1,7,1,0.091334,0.09125,0.092958,200,,3,1,4230b9f6ae77d0f6,32846.475573170996,2211840,0.001037,0.0010689999999999999,0.007578250000001674,133,125,158,66,30,1,192,300,1,,,,,,,,,,,,,,,,,,,,,,,,,,,,,,,,,,,,
bounded-schedule-mixed,3,20,1000,3,3,0,0,0,feasible,feasible,18,24,377cff865ba0b171,4,3,5,constructed fixture v1,7,1,0.106666,0.100791,0.108083,200,,3,1,4230b9f6ae77d0f6,28125.17578234864,2310144,0.001096,0.0010659999999999999,0.007352958999998549,0,0,0,0,0,0,0,0,0,0,0,,,,,,,,,,,,,,,,,,,,,,,,,,,,,,,,,,
schedule-mixed,3,21,1000,3,3,0,0,0,optimal,optimal,21,24,2c597db7635f09c5,4,3,3,constructed fixture v1,7,1,0.109583,0.100958,0.11375,105,,4,3,3c60169402c09087,27376.509130065795,2244608,0.001098,0.001178,0.007728290999999388,91,87,224,92,2,1,207,345,1,,,,,,,,,,,,,,,,,,,,,,,,,,,,,,,,,,,,
bounded-schedule-mixed,3,21,1000,3,3,0,0,0,feasible,feasible,21,24,2c597db7635f09c5,4,3,3,constructed fixture v1,7,1,0.0875,0.082583,0.090417,105,,4,3,3c60169402c09087,34285.71428571428,2310144,0.0013469999999999999,0.001468,0.007612334000000942,0,0,0,0,0,0,0,0,0,0,0,,,,,,,,,,,,,,,,,,,,,,,,,,,,,,,,,,
schedule-mixed,3,22,1000,3,3,0,0,0,optimal,optimal,19,24,9ce3f3cbdcc1ecd3,4,3,5,constructed fixture v1,7,1,0.227625,0.219917,0.232292,202,,3,3,16be99400eb056fd,13179.571663920924,2605056,0.001148,0.0010479999999999999,0.007588708000000111,352,348,949,351,0,1,79,547,1,,,,,,,,,,,,,,,,,,,,,,,,,,,,,,,,,,,,
bounded-schedule-mixed,3,22,1000,3,3,0,0,0,feasible,feasible,19,24,9ce3f3cbdcc1ecd3,4,3,5,constructed fixture v1,7,1,0.114542,0.112959,0.129292,202,,3,3,16be99400eb056fd,26191.26608580259,2342912,0.0010019999999999999,0.001009,0.0076203750000019,0,0,0,0,0,0,0,0,0,0,0,,,,,,,,,,,,,,,,,,,,,,,,,,,,,,,,,,
schedule-mixed,3,23,1000,3,3,0,0,0,optimal,optimal,19,24,b78760b6f69cc9a8,4,3,5,constructed fixture v1,7,1,0.111459,0.106667,0.120708,104,,4,2,9adcec1729074b0e,26915.72685920383,2293760,0.0010429999999999999,0.001019,0.007710791000000938,143,138,282,112,9,1,180,350,1,,,,,,,,,,,,,,,,,,,,,,,,,,,,,,,,,,,,
bounded-schedule-mixed,3,23,1000,3,3,0,0,0,feasible,feasible,19,24,b78760b6f69cc9a8,4,3,5,constructed fixture v1,7,1,0.092083,0.090458,0.093083,104,,4,2,9adcec1729074b0e,32579.303454492147,2293760,0.001016,0.001035,0.007744124999998547,0,0,0,0,0,0,0,0,0,0,0,,,,,,,,,,,,,,,,,,,,,,,,,,,,,,,,,,
schedule-mixed,3,24,1000,3,3,0,0,0,optimal,optimal,14,24,5cab0149550ca9df,4,3,6,constructed fixture v1,7,1,0.116042,0.114166,0.116708,300,,3,0,d6ff11d00adc86f2,25852.70850209407,2277376,0.0011179999999999999,0.001089,0.007801000000000613,131,127,328,130,0,1,150,341,1,,,,,,,,,,,,,,,,,,,,,,,,,,,,,,,,,,,,
bounded-schedule-mixed,3,24,1000,3,3,0,0,0,feasible,feasible,14,24,5cab0149550ca9df,4,3,6,constructed fixture v1,7,1,0.052584,0.051292,0.052875,300,,3,0,d6ff11d00adc86f2,57051.57462345961,2179072,0.0009839999999999998,0.000995,0.007615375000000313,0,0,0,0,0,0,0,0,0,0,0,,,,,,,,,,,,,,,,,,,,,,,,,,,,,,,,,,
schedule-mixed,3,25,1000,3,3,0,0,0,optimal,optimal,18,24,04dfc67a65a0fbb1,4,3,3,constructed fixture v1,7,1,0.186917,0.186208,0.192,10,,3,3,21924cacc992a946,16049.904503068206,2457600,0.0011279999999999999,0.001019,0.0076766669999983606,242,238,684,264,23,1,143,503,1,,,,,,,,,,,,,,,,,,,,,,,,,,,,,,,,,,,,
bounded-schedule-mixed,3,25,1000,3,3,0,0,0,feasible,feasible,18,24,04dfc67a65a0fbb1,4,3,3,constructed fixture v1,7,1,0.107125,0.099792,0.109542,10,,3,3,21924cacc992a946,28004.667444574094,2293760,0.0010739999999999999,0.001027,0.00758120799999773,0,0,0,0,0,0,0,0,0,0,0,,,,,,,,,,,,,,,,,,,,,,,,,,,,,,,,,,
schedule-mixed,3,26,1000,3,3,0,0,0,optimal,optimal,18,24,5885f1ae04e597aa,4,3,5,constructed fixture v1,7,1,0.11,0.101,0.121333,202,,4,0,de6ae93050f30b6e,27272.727272727272,2277376,0.001044,0.001036,0.007613250000002125,110,106,273,109,0,1,122,278,1,,,,,,,,,,,,,,,,,,,,,,,,,,,,,,,,,,,,
bounded-schedule-mixed,3,26,1000,3,3,0,0,0,feasible,feasible,18,24,5885f1ae04e597aa,4,3,5,constructed fixture v1,7,1,0.091375,0.089125,0.091875,202,,4,0,de6ae93050f30b6e,32831.73734610123,2293760,0.001021,0.001028,0.007675582999997488,0,0,0,0,0,0,0,0,0,0,0,,,,,,,,,,,,,,,,,,,,,,,,,,,,,,,,,,
schedule-mixed,3,27,1000,3,3,0,0,0,optimal,optimal,18,24,79d5a341bd063119,4,3,5,constructed fixture v1,7,1,0.158917,0.149,0.167791,202,,3,0,82625122b1805df2,18877.778966378675,2408448,0.0010739999999999999,0.001018,0.007504458999999741,201,197,514,200,0,1,199,483,1,,,,,,,,,,,,,,,,,,,,,,,,,,,,,,,,,,,,
bounded-schedule-mixed,3,27,1000,3,3,0,0,0,feasible,feasible,18,24,79d5a341bd063119,4,3,5,constructed fixture v1,7,1,0.109209,0.104792,0.11175,202,,3,0,82625122b1805df2,27470.263439826387,2293760,0.0010609999999999999,0.001302,0.007858207999998257,0,0,0,0,0,0,0,0,0,0,0,,,,,,,,,,,,,,,,,,,,,,,,,,,,,,,,,,
schedule-mixed,3,28,1000,3,3,0,0,0,optimal,optimal,21,24,ef8afb3d7f39c18a,4,3,4,constructed fixture v1,7,1,0.131375,0.127167,0.140459,200,,3,1,3a85ccb07b5b0b65,22835.39486203616,2326528,0.001109,0.0010479999999999999,0.00787166699999986,274,266,361,143,6,2,131,345,1,,,,,,,,,,,,,,,,,,,,,,,,,,,,,,,,,,,,
bounded-schedule-mixed,3,28,1000,3,3,0,0,0,feasible,feasible,21,24,ef8afb3d7f39c18a,4,3,4,constructed fixture v1,7,1,0.112542,0.109875,0.129292,200,,3,1,3a85ccb07b5b0b65,26656.714826464784,2326528,0.001046,0.001031,0.007717166999999137,0,0,0,0,0,0,0,0,0,0,0,,,,,,,,,,,,,,,,,,,,,,,,,,,,,,,,,,
schedule-mixed,3,29,1000,3,3,0,0,0,optimal,optimal,21,24,5acb4f06ec1de49e,4,3,4,constructed fixture v1,7,1,0.149875,0.1475,0.153792,18,,5,6,a26debf1371a3144,20016.680567139283,2375680,0.001089,0.001026,0.007633042000001922,169,165,432,169,1,1,152,399,1,,,,,,,,,,,,,,,,,,,,,,,,,,,,,,,,,,,,
bounded-schedule-mixed,3,29,1000,3,3,0,0,0,feasible,feasible,21,24,5acb4f06ec1de49e,4,3,4,constructed fixture v1,7,1,0.115292,0.1135,0.115583,18,,5,6,a26debf1371a3144,26020.886097907918,2342912,0.001071,0.001143,0.007664915999999522,0,0,0,0,0,0,0,0,0,0,0,,,,,,,,,,,,,,,,,,,,,,,,,,,,,,,,,,
schedule-mixed,3,30,1000,3,3,0,0,0,optimal,optimal,17,24,983143106b28d972,4,3,5,constructed fixture v1,7,1,0.108375,0.107792,0.113042,117,,4,2,60899f2a7fcd52fb,27681.660899653976,2277376,0.001058,0.001009,0.007472082999999685,107,103,279,113,7,1,175,346,1,,,,,,,,,,,,,,,,,,,,,,,,,,,,,,,,,,,,
bounded-schedule-mixed,3,30,1000,3,3,0,0,0,feasible,feasible,17,24,983143106b28d972,4,3,5,constructed fixture v1,7,1,0.105375,0.102708,0.107417,117,,4,2,60899f2a7fcd52fb,28469.750889679715,2293760,0.001059,0.001054,0.007552416999999423,0,0,0,0,0,0,0,0,0,0,0,,,,,,,,,,,,,,,,,,,,,,,,,,,,,,,,,,
schedule-mixed,3,31,1000,3,3,0,0,0,optimal,optimal,22,24,4ee587f919fd4f27,4,3,6,constructed fixture v1,7,1,0.131292,0.131166,0.133625,110,,3,0,6c351912620494d7,22849.830911251258,2293760,0.001101,0.001044,0.007892709000000053,119,115,292,118,0,1,283,470,1,,,,,,,,,,,,,,,,,,,,,,,,,,,,,,,,,,,,
bounded-schedule-mixed,3,31,1000,3,3,0,0,0,feasible,feasible,22,24,4ee587f919fd4f27,4,3,6,constructed fixture v1,7,1,0.112583,0.108334,0.112708,110,,3,0,6c351912620494d7,26647.007096986224,2326528,0.0010559999999999999,0.001111,0.007756665999998802,0,0,0,0,0,0,0,0,0,0,0,,,,,,,,,,,,,,,,,,,,,,,,,,,,,,,,,,
schedule-mixed,5,32,1000,3,3,0,0,0,optimal,optimal,22,24,e30cb2420d4f8654,4,5,7,constructed fixture v1,7,1,0.352667,0.329375,0.364584,106,,7,6,3b336af2b8dd5793,14177.680361360715,2654208,0.001276,0.001005,0.007658332999998407,775,765,1105,417,45,1,454,1029,1,,,,,,,,,,,,,,,,,,,,,,,,,,,,,,,,,,,,
bounded-schedule-mixed,5,32,1000,3,3,0,0,0,feasible,feasible,22,24,e30cb2420d4f8654,4,5,7,constructed fixture v1,7,1,0.308792,0.305708,0.31475,106,,7,6,3b336af2b8dd5793,16192.129329775382,2473984,0.001286,0.001104,0.007628167000000019,0,0,0,0,0,0,0,0,0,0,0,,,,,,,,,,,,,,,,,,,,,,,,,,,,,,,,,,
schedule-mixed,5,33,1000,3,3,0,0,0,optimal,optimal,20,24,b02a03e89a2a0a78,4,5,7,constructed fixture v1,7,1,0.256791,0.248292,0.261125,210,,5,5,d5fbae4777b5ecb1,19471.087382345955,2555904,0.00116,0.001023,0.007617834000001267,850,836,854,336,56,2,290,758,1,,,,,,,,,,,,,,,,,,,,,,,,,,,,,,,,,,,,
bounded-schedule-mixed,5,33,1000,3,3,0,0,0,feasible,feasible,20,24,b02a03e89a2a0a78,4,5,7,constructed fixture v1,7,1,0.204917,0.196375,0.227458,210,,5,5,d5fbae4777b5ecb1,24400.122976619805,2424832,0.001139,0.001189,0.00798233299999751,0,0,0,0,0,0,0,0,0,0,0,,,,,,,,,,,,,,,,,,,,,,,,,,,,,,,,,,
schedule-mixed,5,34,1000,3,3,0,0,0,optimal,optimal,19,24,2842ab86e6196a95,4,5,8,constructed fixture v1,7,1,0.321875,0.312584,0.325708,207,,6,7,c230916ce0b59f6f,15533.980582524271,2703360,0.001253,0.0012959999999999998,0.007789459000001386,456,450,1329,507,52,1,264,960,1,,,,,,,,,,,,,,,,,,,,,,,,,,,,,,,,,,,,
bounded-schedule-mixed,5,34,1000,3,3,0,0,0,feasible,feasible,19,24,2842ab86e6196a95,4,5,8,constructed fixture v1,7,1,0.276416,0.26625,0.326583,207,,6,7,c230916ce0b59f6f,18088.67793470711,2457600,0.001212,0.001073,0.00776750000000348,0,0,0,0,0,0,0,0,0,0,0,,,,,,,,,,,,,,,,,,,,,,,,,,,,,,,,,,
schedule-mixed,5,35,1000,3,3,0,0,0,optimal,optimal,22,24,7dc85de77e1dc572,4,5,9,constructed fixture v1,7,1,0.963417,0.951583,0.971208,209,,5,3,fa802478f748ce60,5189.860673000373,2654208,0.0018989999999999999,0.001041,0.007709041999998334,18899,18449,1068,411,6008,4,397,962,1,,,,,,,,,,,,,,,,,,,,,,,,,,,,,,,,,,,,
bounded-schedule-mixed,5,35,1000,3,3,0,0,0,feasible,feasible,22,24,7dc85de77e1dc572,4,5,9,constructed fixture v1,7,1,0.261542,0.260083,0.283292,209,,5,3,fa802478f748ce60,19117.388411803844,2490368,0.001163,0.001089,0.007687957999998218,0,0,0,0,0,0,0,0,0,0,0,,,,,,,,,,,,,,,,,,,,,,,,,,,,,,,,,,
schedule-mixed,5,36,1000,3,3,0,0,0,optimal,optimal,14,24,932683ea1c3a42a8,4,5,7,constructed fixture v1,7,1,0.196042,0.193417,0.208583,309,,5,3,b4f860444f284faf,25504.73878046541,2408448,0.001135,0.001175,0.00791662500000001,934,908,610,240,141,1,206,572,1,,,,,,,,,,,,,,,,,,,,,,,,,,,,,,,,,,,,
bounded-schedule-mixed,5,36,1000,3,3,0,0,0,feasible,feasible,14,24,932683ea1c3a42a8,4,5,7,constructed fixture v1,7,1,0.200125,0.192625,0.2055,309,,5,3,b4f860444f284faf,24984.384759525296,2441216,0.0011309999999999998,0.0010119999999999999,0.0076908749999979875,0,0,0,0,0,0,0,0,0,0,0,,,,,,,,,,,,,,,,,,,,,,,,,,,,,,,,,,
schedule-mixed,5,37,1000,3,3,0,0,0,optimal,optimal,17,24,39b668f35be66df7,4,5,8,constructed fixture v1,7,1,0.176416,0.173917,0.185833,206,,5,4,98de1f5eae08969e,28342.100489751498,2424832,0.001029,0.000967,0.0075578339999999855,251,245,635,250,0,1,346,707,1,,,,,,,,,,,,,,,,,,,,,,,,,,,,,,,,,,,,
bounded-schedule-mixed,5,37,1000,3,3,0,0,0,feasible,feasible,17,24,39b668f35be66df7,4,5,8,constructed fixture v1,7,1,0.158375,0.157833,0.162792,206,,5,4,98de1f5eae08969e,31570.639305445937,2408448,0.001057,0.000986,0.007550458000000759,0,0,0,0,0,0,0,0,0,0,0,,,,,,,,,,,,,,,,,,,,,,,,,,,,,,,,,,
schedule-mixed,5,38,1000,3,3,0,0,0,optimal,optimal,19,24,da1abe7775cd70a2,4,5,9,constructed fixture v1,7,1,0.216958,0.212291,0.228708,203,,5,3,e1da7da6ab667e4e,23045.93515795684,2572288,0.001073,0.0009739999999999999,0.00744558299999909,330,324,895,347,18,1,275,766,1,,,,,,,,,,,,,,,,,,,,,,,,,,,,,,,,,,,,
bounded-schedule-mixed,5,38,1000,3,3,0,0,0,feasible,feasible,19,24,da1abe7775cd70a2,4,5,9,constructed fixture v1,7,1,0.175833,0.167292,0.190084,203,,5,3,e1da7da6ab667e4e,28436.07286459311,2424832,0.001046,0.0009549999999999999,0.007603749999997689,0,0,0,0,0,0,0,0,0,0,0,,,,,,,,,,,,,,,,,,,,,,,,,,,,,,,,,,
schedule-mixed,5,39,1000,3,3,0,0,0,optimal,optimal,22,24,7ec61bc4a535a460,4,5,8,constructed fixture v1,7,1,0.200458,0.198125,0.217125,307,,5,0,5796ad60e8dcad32,24942.88080296122,2523136,0.0011309999999999998,0.001158,0.0075568330000024275,276,270,724,278,3,1,258,672,1,,,,,,,,,,,,,,,,,,,,,,,,,,,,,,,,,,,,
bounded-schedule-mixed,5,39,1000,3,3,0,0,0,feasible,feasible,22,24,7ec61bc4a535a460,4,5,8,constructed fixture v1,7,1,0.240042,0.226041,0.251042,307,,5,0,5796ad60e8dcad32,20829.688137909197,2506752,0.001157,0.000968,0.007579041000003173,0,0,0,0,0,0,0,0,0,0,0,,,,,,,,,,,,,,,,,,,,,,,,,,,,,,,,,,
schedule-mixed,5,40,1000,3,3,0,0,0,optimal,optimal,15,24,f890c9142d82a749,4,5,7,constructed fixture v1,7,1,0.25975,0.255292,0.260417,111,,8,5,e01abf49d55c2511,19249.2781520693,2457600,0.001181,0.00117,0.007800917000000851,2080,2028,746,289,317,3,368,771,1,,,,,,,,,,,,,,,,,,,,,,,,,,,,,,,,,,,,
bounded-schedule-mixed,5,40,1000,3,3,0,0,0,feasible,feasible,15,24,f890c9142d82a749,4,5,7,constructed fixture v1,7,1,0.224,0.220292,0.224208,111,,8,5,e01abf49d55c2511,22321.428571428572,2490368,0.001125,0.001225,0.0076430840000014655,0,0,0,0,0,0,0,0,0,0,0,,,,,,,,,,,,,,,,,,,,,,,,,,,,,,,,,,
schedule-mixed,5,41,1000,3,3,0,0,0,optimal,optimal,20,24,6f679a194b3db6b4,4,5,9,constructed fixture v1,7,1,0.331916,0.312333,0.349792,26,,7,6,3433767d9f335db4,15064.05235059473,2555904,0.001205,0.001202,0.007906666000000229,2654,2568,907,349,2157,3,427,929,1,,,,,,,,,,,,,,,,,,,,,,,,,,,,,,,,,,,,
bounded-schedule-mixed,5,41,1000,3,3,0,0,0,feasible,feasible,20,24,6f679a194b3db6b4,4,5,9,constructed fixture v1,7,1,0.228125,0.223041,0.233708,26,,7,6,3433767d9f335db4,21917.80821917808,2441216,0.0010919999999999999,0.001477,0.007616041000002127,0,0,0,0,0,0,0,0,0,0,0,,,,,,,,,,,,,,,,,,,,,,,,,,,,,,,,,,
schedule-mixed,5,42,1000,3,3,0,0,0,optimal,optimal,20,24,24925befe934da5b,4,5,7,constructed fixture v1,7,1,0.274958,0.260916,0.290459,110,,5,3,0e08a6ab3f2a11b0,18184.595465489274,2572288,0.001124,0.00121,0.0076795409999981246,1814,1777,896,350,158,1,172,682,1,,,,,,,,,,,,,,,,,,,,,,,,,,,,,,,,,,,,
bounded-schedule-mixed,5,42,1000,3,3,0,0,0,feasible,feasible,20,24,24925befe934da5b,4,5,7,constructed fixture v1,7,1,0.217792,0.21475,0.224084,110,,5,3,0e08a6ab3f2a11b0,22957.68439612107,2424832,0.00107,0.001009,0.0076225829999998496,0,0,0,0,0,0,0,0,0,0,0,,,,,,,,,,,,,,,,,,,,,,,,,,,,,,,,,,
schedule-mixed,5,43,1000,3,3,0,0,0,optimal,optimal,20,24,c0a3d805c4c7da60,4,5,9,constructed fixture v1,7,1,0.315875,0.312916,0.337833,113,,6,7,8ee8962934a394f6,15829.046299960426,2555904,0.001138,0.001009,0.007610791999997701,2284,2246,971,374,412,4,465,988,1,,,,,,,,,,,,,,,,,,,,,,,,,,,,,,,,,,,,
bounded-schedule-mixed,5,43,1000,3,3,0,0,0,feasible,feasible,20,24,c0a3d805c4c7da60,4,5,9,constructed fixture v1,7,1,0.252,0.243167,0.254417,113,,6,7,8ee8962934a394f6,19841.26984126984,2490368,0.001009,0.000838,0.007482249999998913,0,0,0,0,0,0,0,0,0,0,0,,,,,,,,,,,,,,,,,,,,,,,,,,,,,,,,,,
schedule-mixed,5,44,1000,3,3,0,0,0,optimal,optimal,22,24,8a8b8304e78c0e58,4,5,8,constructed fixture v1,7,1,0.576375,0.570709,0.580083,210,,8,6,d284fe0c2d056a18,8674.907829104317,2539520,0.001365,0.000878,0.007537499999997976,13185,12879,833,325,938,1,383,854,1,,,,,,,,,,,,,,,,,,,,,,,,,,,,,,,,,,,,
bounded-schedule-mixed,5,44,1000,3,3,0,0,0,feasible,feasible,22,24,8a8b8304e78c0e58,4,5,8,constructed fixture v1,7,1,0.251875,0.24575,0.255291,210,,8,6,d284fe0c2d056a18,19851.11662531017,2539520,0.00106,0.001158,0.007740084000001701,0,0,0,0,0,0,0,0,0,0,0,,,,,,,,,,,,,,,,,,,,,,,,,,,,,,,,,,
schedule-mixed,5,45,1000,3,3,0,0,0,optimal,optimal,18,24,63aa752014959279,4,5,8,constructed fixture v1,7,1,0.281291,0.263541,0.290875,213,,7,3,3568bdb0d6e83511,17775.186550582846,2654208,0.001058,0.001121,0.007732541999999398,1410,1390,1191,453,111,2,369,1019,1,,,,,,,,,,,,,,,,,,,,,,,,,,,,,,,,,,,,
bounded-schedule-mixed,5,45,1000,3,3,0,0,0,feasible,feasible,18,24,63aa752014959279,4,5,8,constructed fixture v1,7,1,0.266958,0.265625,0.285083,213,,7,3,3568bdb0d6e83511,18729.53797975712,2506752,0.0011099999999999999,0.0009639999999999999,0.00756320799999699,0,0,0,0,0,0,0,0,0,0,0,,,,,,,,,,,,,,,,,,,,,,,,,,,,,,,,,,
schedule-mixed,5,46,1000,3,3,0,0,0,optimal,optimal,18,24,8b2d808eb9fd7276,4,5,7,constructed fixture v1,7,1,0.254209,0.243958,0.285125,208,,6,6,c6b9c69792dd3983,19668.855154616867,2605056,0.001035,0.000968,0.007445875000001934,564,554,980,379,10,2,419,956,1,,,,,,,,,,,,,,,,,,,,,,,,,,,,,,,,,,,,
bounded-schedule-mixed,5,46,1000,3,3,0,0,0,feasible,feasible,18,24,8b2d808eb9fd7276,4,5,7,constructed fixture v1,7,1,0.205875,0.190375,0.209125,208,,6,6,c6b9c69792dd3983,24286.581663630845,2457600,0.000932,0.000859,0.007624290999999062,0,0,0,0,0,0,0,0,0,0,0,,,,,,,,,,,,,,,,,,,,,,,,,,,,,,,,,,
schedule-mixed,5,47,1000,3,3,0,0,0,optimal,optimal,20,24,a5b1212488c09231,4,5,8,constructed fixture v1,7,1,0.227292,0.222709,0.238375,216,,6,5,670e3680fd0e896e,21998.134558189464,2490368,0.00101,0.000833,0.007443291999997825,2156,2114,692,268,88,3,378,799,1,,,,,,,,,,,,,,,,,,,,,,,,,,,,,,,,,,,,
bounded-schedule-mixed,5,47,1000,3,3,0,0,0,feasible,feasible,20,24,a5b1212488c09231,4,5,8,constructed fixture v1,7,1,0.258917,0.250167,0.260417,216,,6,5,670e3680fd0e896e,19311.207838805487,2490368,0.001058,0.0009209999999999999,0.007654333000001401,0,0,0,0,0,0,0,0,0,0,0,,,,,,,,,,,,,,,,,,,,,,,,,,,,,,,,,,
schedule-mixed,5,48,1000,3,3,0,0,0,optimal,optimal,18,24,c6a804dad007e743,4,5,9,constructed fixture v1,7,1,0.205209,0.205208,0.21425,306,,5,1,c326f68971110a87,24365.4030768631,2490368,0.001023,0.001027,0.0076651660000024435,1625,1572,722,284,82,2,249,661,1,,,,,,,,,,,,,,,,,,,,,,,,,,,,,,,,,,,,
bounded-schedule-mixed,5,48,1000,3,3,0,0,0,feasible,feasible,18,24,c6a804dad007e743,4,5,9,constructed fixture v1,7,1,0.131042,0.12825,0.131542,306,,5,1,c326f68971110a87,38155.70580424597,2392064,0.00094,0.001039,0.007776542000001996,0,0,0,0,0,0,0,0,0,0,0,,,,,,,,,,,,,,,,,,,,,,,,,,,,,,,,,,
schedule-mixed,5,49,1000,3,3,0,0,0,optimal,optimal,17,24,28b598bfeb6f89e2,4,5,5,constructed fixture v1,7,1,0.247458,0.245958,0.260917,107,,5,4,b3dbcf038a48bc64,20205.4490054878,2539520,0.0010969999999999999,0.001135,0.007816541000000399,1790,1763,859,332,18,2,383,867,1,,,,,,,,,,,,,,,,,,,,,,,,,,,,,,,,,,,,
bounded-schedule-mixed,5,49,1000,3,3,0,0,0,feasible,feasible,17,24,28b598bfeb6f89e2,4,5,5,constructed fixture v1,7,1,0.148625,0.145708,0.163917,107,,5,4,b3dbcf038a48bc64,33641.7157275021,2424832,0.000936,0.000982,0.007524291999999377,0,0,0,0,0,0,0,0,0,0,0,,,,,,,,,,,,,,,,,,,,,,,,,,,,,,,,,,
schedule-mixed,5,50,1000,3,3,0,0,0,optimal,optimal,17,24,b4b633eff76f326b,4,5,7,constructed fixture v1,7,1,0.489375,0.485375,0.510875,205,,5,5,84c94ed38bd48820,10217.113665389526,2670592,0.001264,0.000923,0.007642457999999408,10625,10500,1234,473,174,2,230,890,1,,,,,,,,,,,,,,,,,,,,,,,,,,,,,,,,,,,,
bounded-schedule-mixed,5,50,1000,3,3,0,0,0,feasible,feasible,17,24,b4b633eff76f326b,4,5,7,constructed fixture v1,7,1,0.150708,0.15,0.159333,205,,5,5,84c94ed38bd48820,33176.73912466491,2424832,0.0009609999999999999,0.000978,0.007711457999999283,0,0,0,0,0,0,0,0,0,0,0,,,,,,,,,,,,,,,,,,,,,,,,,,,,,,,,,,
schedule-mixed,5,51,1000,3,3,0,0,0,optimal,optimal,19,24,beed6055e8be2ea5,4,5,7,constructed fixture v1,7,1,0.1785,0.177917,0.18425,104,,5,4,01cdde7abb47ba50,28011.204481792716,2490368,0.001005,0.001271,0.0077519590000001415,363,355,695,269,39,1,344,741,1,,,,,,,,,,,,,,,,,,,,,,,,,,,,,,,,,,,,
bounded-schedule-mixed,5,51,1000,3,3,0,0,0,feasible,feasible,19,24,beed6055e8be2ea5,4,5,7,constructed fixture v1,7,1,0.1915,0.164916,0.191958,104,,5,4,01cdde7abb47ba50,26109.660574412534,2457600,0.000998,0.00114,0.00740216700000218,0,0,0,0,0,0,0,0,0,0,0,,,,,,,,,,,,,,,,,,,,,,,,,,,,,,,,,,
schedule-mixed,5,52,1000,3,3,0,0,0,optimal,optimal,16,24,d4874bf595197bc8,4,5,9,constructed fixture v1,7,1,0.173542,0.168333,0.183708,115,,5,3,f222110bd803d413,28811.469269686877,2424832,0.000995,0.0009329999999999999,0.007522208000001029,584,566,639,253,14,2,215,571,1,,,,,,,,,,,,,,,,,,,,,,,,,,,,,,,,,,,,
bounded-schedule-mixed,5,52,1000,3,3,0,0,0,feasible,feasible,16,24,d4874bf595197bc8,4,5,9,constructed fixture v1,7,1,0.120542,0.115459,0.133084,115,,5,3,f222110bd803d413,41479.31841183986,2392064,0.000878,0.000832,0.007420249999999129,0,0,0,0,0,0,0,0,0,0,0,,,,,,,,,,,,,,,,,,,,,,,,,,,,,,,,,,
schedule-mixed,5,53,1000,3,3,0,0,0,optimal,optimal,19,24,ed677d950ae702f9,4,5,7,constructed fixture v1,7,1,0.198041,0.194125,0.199833,210,,6,6,31549bbd1dca7582,25247.297276826517,2506752,0.000971,0.00098,0.007481667000000414,697,683,699,272,38,2,412,815,1,,,,,,,,,,,,,,,,,,,,,,,,,,,,,,,,,,,,
bounded-schedule-mixed,5,53,1000,3,3,0,0,0,feasible,feasible,19,24,ed677d950ae702f9,4,5,7,constructed fixture v1,7,1,0.22575,0.214333,0.228042,210,,6,6,31549bbd1dca7582,22148.394241417496,2506752,0.0010739999999999999,0.001044,0.00744987499999894,0,0,0,0,0,0,0,0,0,0,0,,,,,,,,,,,,,,,,,,,,,,,,,,,,,,,,,,
schedule-mixed,5,54,1000,3,3,0,0,0,optimal,optimal,20,24,86e14b687404bfc1,4,5,8,constructed fixture v1,7,1,0.191458,0.186,0.195542,208,,5,3,40060769d1a6118b,26115.38823136145,2424832,0.0010559999999999999,0.001217,0.007727916000000334,260,254,657,259,0,1,434,808,1,,,,,,,,,,,,,,,,,,,,,,,,,,,,,,,,,,,,
bounded-schedule-mixed,5,54,1000,3,3,0,0,0,feasible,feasible,20,24,86e14b687404bfc1,4,5,8,constructed fixture v1,7,1,0.176083,0.170167,0.178625,208,,5,3,40060769d1a6118b,28395.699755229067,2392064,0.000971,0.001084,0.00781933299999693,0,0,0,0,0,0,0,0,0,0,0,,,,,,,,,,,,,,,,,,,,,,,,,,,,,,,,,,
schedule-mixed,5,55,1000,3,3,0,0,0,optimal,optimal,20,24,0b4ca1d55939034a,4,5,7,constructed fixture v1,7,1,0.290625,0.271166,0.317958,108,,6,8,72f7a6128e7ed9ce,17204.301075268817,2752512,0.001083,0.000891,0.0075978750000018636,485,479,1300,489,5,1,220,888,1,,,,,,,,,,,,,,,,,,,,,,,,,,,,,,,,,,,,
bounded-schedule-mixed,5,55,1000,3,3,0,0,0,feasible,feasible,20,24,0b4ca1d55939034a,4,5,7,constructed fixture v1,7,1,0.240708,0.239292,0.253416,108,,6,8,72f7a6128e7ed9ce,20772.055768815328,2523136,0.001044,0.000908,0.007755041999999435,0,0,0,0,0,0,0,0,0,0,0,,,,,,,,,,,,,,,,,,,,,,,,,,,,,,,,,,
schedule-mixed,5,56,1000,3,3,0,0,0,optimal,optimal,19,24,10d1656e06f2efdc,4,5,6,constructed fixture v1,7,1,0.208667,0.2075,0.233709,116,,7,8,2fb6f6af3fa4c151,23961.623064499898,2523136,0.001035,0.0009119999999999999,0.007721082999999851,449,437,764,298,40,2,324,753,1,,,,,,,,,,,,,,,,,,,,,,,,,,,,,,,,,,,,
bounded-schedule-mixed,5,56,1000,3,3,0,0,0,feasible,feasible,19,24,10d1656e06f2efdc,4,5,6,constructed fixture v1,7,1,0.192167,0.185083,0.192709,116,,7,8,2fb6f6af3fa4c151,26019.035526391108,2441216,0.0010299999999999999,0.000948,0.007772833000000645,0,0,0,0,0,0,0,0,0,0,0,,,,,,,,,,,,,,,,,,,,,,,,,,,,,,,,,,
schedule-mixed,5,57,1000,3,3,0,0,0,optimal,optimal,18,24,b1d09c77404bfea5,4,5,6,constructed fixture v1,7,1,0.272,0.270792,0.283292,20,,6,9,0d3d4697168f51d9,18382.352941176472,2621440,0.001032,0.000913,0.00773604200000122,942,925,1010,391,156,4,534,1107,1,,,,,,,,,,,,,,,,,,,,,,,,,,,,,,,,,,,,
bounded-schedule-mixed,5,57,1000,3,3,0,0,0,feasible,feasible,18,24,b1d09c77404bfea5,4,5,6,constructed fixture v1,7,1,0.2065,0.201333,0.212417,20,,6,9,0d3d4697168f51d9,24213.07506053269,2457600,0.001039,0.000971,0.007651583999997769,0,0,0,0,0,0,0,0,0,0,0,,,,,,,,,,,,,,,,,,,,,,,,,,,,,,,,,,
schedule-mixed,5,58,1000,3,3,0,0,0,optimal,optimal,16,24,f70d70987b62e106,4,5,6,constructed fixture v1,7,1,0.207209,0.20575,0.214,25,,6,5,27b6e62f6e257a2f,24130.22600369675,2490368,0.001068,0.001009,0.007462834000001806,308,302,797,307,0,1,292,730,1,,,,,,,,,,,,,,,,,,,,,,,,,,,,,,,,,,,,
bounded-schedule-mixed,5,58,1000,3,3,0,0,0,feasible,feasible,16,24,f70d70987b62e106,4,5,6,constructed fixture v1,7,1,0.213,0.211792,0.220166,25,,6,5,27b6e62f6e257a2f,23474.17840375587,2441216,0.001104,0.001003,0.00758549999999758,0,0,0,0,0,0,0,0,0,0,0,,,,,,,,,,,,,,,,,,,,,,,,,,,,,,,,,,
schedule-mixed,5,59,1000,3,3,0,0,0,optimal,optimal,16,24,93db1bbbba54f854,4,5,9,constructed fixture v1,7,1,0.150375,0.142792,0.153083,311,,5,3,80a7b537a19725ec,33250.207813798836,2408448,0.001022,0.00101,0.007700958999997454,191,185,478,190,0,1,210,499,1,,,,,,,,,,,,,,,,,,,,,,,,,,,,,,,,,,,,
bounded-schedule-mixed,5,59,1000,3,3,0,0,0,feasible,feasible,16,24,93db1bbbba54f854,4,5,9,constructed fixture v1,7,1,0.163042,0.158208,0.16925,311,,5,3,80a7b537a19725ec,30666.944713632074,2424832,0.001068,0.001207,0.007792124999998151,0,0,0,0,0,0,0,0,0,0,0,,,,,,,,,,,,,,,,,,,,,,,,,,,,,,,,,,
schedule-mixed,5,60,1000,3,3,0,0,0,optimal,optimal,21,24,b64035588ef02cc8,4,5,8,constructed fixture v1,7,1,0.215208,0.179666,0.333625,127,,6,5,80ad2a3ab141957b,23233.337050667258,2523136,0.001383,0.002175,0.00870537500000168,707,691,700,276,42,2,142,542,1,,,,,,,,,,,,,,,,,,,,,,,,,,,,,,,,,,,,
bounded-schedule-mixed,5,60,1000,3,3,0,0,0,feasible,feasible,21,24,b64035588ef02cc8,4,5,8,constructed fixture v1,7,1,0.187083,0.175375,0.190625,127,,6,5,80ad2a3ab141957b,26726.105525355055,2441216,0.001093,0.0015719999999999998,0.0079860829999987,0,0,0,0,0,0,0,0,0,0,0,,,,,,,,,,,,,,,,,,,,,,,,,,,,,,,,,,
schedule-mixed,5,61,1000,3,3,0,0,0,optimal,optimal,18,24,1d48793f92c039b3,4,5,6,constructed fixture v1,7,1,0.178375,0.174958,0.181083,115,,6,6,513ccfbda8ead612,28030.83391730904,2424832,0.000976,0.000899,0.007524708000001823,243,237,646,251,9,1,417,786,1,,,,,,,,,,,,,,,,,,,,,,,,,,,,,,,,,,,,
bounded-schedule-mixed,5,61,1000,3,3,0,0,0,feasible,feasible,18,24,1d48793f92c039b3,4,5,6,constructed fixture v1,7,1,0.193791,0.180625,0.229375,115,,6,6,513ccfbda8ead612,25800.991790124415,2506752,0.001021,0.001073,0.0077640000000016585,0,0,0,0,0,0,0,0,0,0,0,,,,,,,,,,,,,,,,,,,,,,,,,,,,,,,,,,
schedule-mixed,5,62,1000,3,3,0,0,0,optimal,optimal,16,24,fa2a36bad410eab5,4,5,9,constructed fixture v1,7,1,0.182167,0.182,0.187292,206,,5,7,d258a1790e8018b6,27447.342273847622,2539520,0.000996,0.000914,0.007521834000002059,297,291,813,316,20,1,283,723,1,,,,,,,,,,,,,,,,,,,,,,,,,,,,,,,,,,,,
bounded-schedule-mixed,5,62,1000,3,3,0,0,0,feasible,feasible,16,24,fa2a36bad410eab5,4,5,9,constructed fixture v1,7,1,0.14575,0.139833,0.154917,206,,5,7,d258a1790e8018b6,34305.31732418525,2375680,0.000991,0.001014,0.007528332999999776,0,0,0,0,0,0,0,0,0,0,0,,,,,,,,,,,,,,,,,,,,,,,,,,,,,,,,,,
schedule-mixed,5,63,1000,3,3,0,0,0,optimal,optimal,22,24,86c13ca954b91d21,4,5,6,constructed fixture v1,7,1,0.265709,0.2595,0.301292,216,,7,2,7b8a54ca4244cb59,18817.578629252304,2555904,0.0010429999999999999,0.000882,0.007521665999998817,568,557,926,350,35,2,559,1108,1,,,,,,,,,,,,,,,,,,,,,,,,,,,,,,,,,,,,
bounded-schedule-mixed,5,63,1000,3,3,0,0,0,feasible,feasible,22,24,86c13ca954b91d21,4,5,6,constructed fixture v1,7,1,0.395292,0.389542,0.446542,216,,7,2,7b8a54ca4244cb59,12648.877285652126,2572288,0.001224,0.001037,0.007672332999998588,0,0,0,0,0,0,0,0,0,0,0,,,,,,,,,,,,,,,,,,,,,,,,,,,,,,,,,,
sim-quality,3,0,3,3,3,0,0,0,simulated,simulated,,6,10a77d9d42a59fa9,2,,,,3,1,0.044458,0.044292,0.128083,407,407,,,67734fbf673d094c,,2359296,0.00099,0.0009209999999999999,0.007414958999998333,0,4,7,7,0,0,0,18,7,0,0,,,,64,32,0,0,0,7,0,7,16,7,44,0,7,0,0,0,0,0,0,32,0,19041,19041,2.3333333333333335,157451.97714697017,67479.41877727293,0.0,0.0,0,14000,identical complete generated cohort; zero SLA; no carry-in or background; exact full schedule
bounded-sim-quality,3,0,3,3,3,0,0,0,simulated,simulated,,6,9682fd352e063807,2,,,,3,1,0.065792,0.065333,0.071167,407,407,,,5faa8d0f7330e094,,2457600,0.000983,0.0009649999999999999,0.00761875000000245,0,0,0,0,0,0,0,0,0,0,0,,,,64,32,0,0,0,7,0,7,16,7,44,0,7,0,0,0,0,0,1,32,0,32958,32958,2.3333333333333335,106395.91439688715,45598.24902723735,0.0,0.0,0,16333,identical complete generated cohort; zero SLA; no carry-in or background; exact full schedule
sim-quality,3,1,3,3,3,0,0,0,simulated,simulated,,6,a765b196725a0257,2,,,,3,1,0.031458,0.030541,0.034292,102,102,,,cfe3703e501cb6ec,,2260992,0.00098,0.001188,0.007843874999998945,0,4,3,3,0,0,0,10,3,0,0,,,,64,32,0,0,0,3,0,3,6,3,24,0,3,0,0,0,0,0,0,24,0,11167,11167,1.0,95365.24890329962,95365.24890329962,0.0,0.0,0,10917,identical complete generated cohort; zero SLA; no carry-in or background; exact full schedule
bounded-sim-quality,3,1,3,3,3,0,0,0,simulated,simulated,,6,a3292538c4fca51d,2,,,,3,1,0.039375,0.039375,0.0395,102,102,,,c24cbaae1ead81cf,,2277376,0.001026,0.001201,0.0076913330000003555,0,0,0,0,0,0,0,0,0,0,0,,,,64,32,0,0,0,3,0,3,6,3,24,0,3,0,0,0,0,0,0,24,0,15458,15458,1.0,76190.47619047618,76190.47619047618,0.0,0.0,0,10583,identical complete generated cohort; zero SLA; no carry-in or background; exact full schedule
sim-quality,3,2,3,3,3,0,0,0,simulated,simulated,,6,4a1d7d0318ae10b1,2,,,,3,1,0.047209,0.046375,0.049792,205,108,,,09c88418cb86b125,,2359296,0.000992,0.001205,0.007847541000000291,0,9,7,7,0,0,0,23,7,0,0,,,,64,32,0,0,0,7,0,7,14,7,44,0,7,0,0,0,0,0,0,32,0,19459,19459,2.3333333333333335,148276.81162490204,63547.20498210087,0.0,0.0,89.81481481481481,18125,identical complete generated cohort; zero SLA; no carry-in or background; exact full schedule
bounded-sim-quality,3,2,3,3,3,0,0,0,simulated,simulated,,6,e5d694c485e100c7,2,,,,3,1,0.0725,0.069459,0.073459,108,108,,,f0459b603558a27d,,2473984,0.001009,0.001196,0.007739624999999251,0,0,0,0,0,0,0,0,0,0,0,,,,64,32,0,0,0,7,0,7,14,7,44,0,7,0,0,0,0,0,1,32,0,31708,31708,2.3333333333333335,96551.72413793103,41379.31034482759,0.0,0.0,0,17750,identical complete generated cohort; zero SLA; no carry-in or background; exact full schedule
sim-quality,3,3,3,3,3,0,0,0,simulated,simulated,,6,a1bcacecd4c73e07,2,,,,3,1,0.041459,0.0405,0.055542,15,15,,,d356496a78bc1529,,2342912,0.0009419999999999999,0.001113,0.007671458999997327,0,9,7,7,0,0,0,23,7,0,0,,,,64,32,0,0,0,7,0,7,12,7,44,0,7,0,0,0,0,0,0,32,0,14541,14541,2.3333333333333335,168841.50606623408,72360.64545695747,0.0,0.0,0,21875,identical complete generated cohort; zero SLA; no carry-in or background; exact full schedule
bounded-sim-quality,3,3,3,3,3,0,0,0,simulated,simulated,,6,6e78d025e2fba5cd,2,,,,3,1,0.072209,0.071625,0.078917,15,15,,,a1394936227219f6,,2457600,0.000944,0.0009199999999999999,0.007652209000003296,0,0,0,0,0,0,0,0,0,0,0,,,,64,32,0,0,0,7,0,7,12,7,44,0,7,0,0,0,0,0,2,32,0,27125,27125,2.3333333333333335,96940.82455095625,41546.06766469554,0.0,0.0,0,22167,identical complete generated cohort; zero SLA; no carry-in or background; exact full schedule
sim-quality,3,4,3,3,3,0,0,0,simulated,simulated,,6,2ff6f1b9217686b3,2,,,,3,1,0.033625,0.033084,0.03425,103,103,,,3a671174a40cc80f,,2310144,0.000954,0.001243,0.007785958000003035,0,6,4,4,0,0,0,14,4,0,0,,,,64,32,0,0,0,4,0,4,7,4,29,0,4,0,0,0,0,0,0,29,0,14750,14750,1.3333333333333333,118959.10780669143,89219.33085501858,0.0,0.0,0,12292,identical complete generated cohort; zero SLA; no carry-in or background; exact full schedule
bounded-sim-quality,3,4,3,3,3,0,0,0,simulated,simulated,,6,220f0a6fb0eeab5d,2,,,,3,1,0.039458,0.038625,0.047666,103,103,,,f823b69698c0283e,,2310144,0.000946,0.000975,0.007505125000001556,0,0,0,0,0,0,0,0,0,0,0,,,,64,32,0,0,0,4,0,4,7,4,29,0,4,0,0,0,0,0,0,29,0,17792,17792,1.3333333333333333,101373.6124486796,76030.20933650971,0.0,0.0,0,12417,identical complete generated cohort; zero SLA; no carry-in or background; exact full schedule
sim-quality,3,5,3,3,3,0,0,0,simulated,simulated,,6,4ff7f2e0e36c516b,2,,,,3,1,0.036167,0.03575,0.044875,9,7,,,d5f6be002e39cc7c,,2326528,0.0009339999999999999,0.000928,0.007541083999999643,0,8,5,5,0,0,0,18,5,0,0,,,,64,32,0,0,0,5,0,5,10,5,34,0,5,0,0,0,0,0,0,32,0,20625,20625,1.6666666666666667,138247.5737550806,82948.54425304837,0.0,0.0,28.571428571428573,14250,identical complete generated cohort; zero SLA; no carry-in or background; exact full schedule
bounded-sim-quality,3,5,3,3,3,0,0,0,simulated,simulated,,6,49f7ceb64ef8c521,2,,,,3,1,0.068042,0.066167,0.089042,7,7,,,6c0014acc7d423b4,,2392064,0.001206,0.001689,0.008958458000002167,0,0,0,0,0,0,0,0,0,0,0,,,,64,32,0,0,0,5,0,5,10,5,34,0,5,0,0,0,0,0,1,32,0,35500,35500,1.6666666666666667,73484.0245730578,44090.414743834684,0.0,0.0,0,14792,identical complete generated cohort; zero SLA; no carry-in or background; exact full schedule
sim-quality,3,6,3,3,3,0,0,0,simulated,simulated,,6,fd99d81eb4a09a3b,2,,,,3,1,0.043667,0.043625,0.051292,210,210,,,b1af0d993eac0292,,2310144,0.001175,0.001658,0.008186124999998157,0,5,6,6,0,0,0,17,6,0,0,,,,64,32,0,0,0,6,0,6,13,6,39,0,6,0,0,0,0,0,0,32,0,20958,20958,2.0,137403.53127075365,68701.76563537683,0.0,0.0,0,14584,identical complete generated cohort; zero SLA; no carry-in or background; exact full schedule
bounded-sim-quality,3,6,3,3,3,0,0,0,simulated,simulated,,6,5f6ed8e3f1aea43d,2,,,,3,1,0.057541,0.054375,0.05975,210,210,,,033f0516a4c6f51f,,2392064,0.00105,0.0010919999999999999,0.007605707999999822,0,0,0,0,0,0,0,0,0,0,0,,,,64,32,0,0,0,6,0,6,13,6,39,0,6,0,0,0,0,0,1,32,0,22167,22167,2.0,104273.47456596166,52136.73728298083,0.0,0.0,0,12917,identical complete generated cohort; zero SLA; no carry-in or background; exact full schedule
sim-quality,3,7,3,3,3,0,0,0,simulated,simulated,,6,1e413f8e5ef2a33d,2,,,,3,1,0.047958,0.046584,0.05575,206,206,,,6746ddf6107eca28,,2375680,0.001088,0.001143,0.007552416000002893,0,12,8,8,0,0,0,28,8,0,0,,,,64,32,0,0,0,8,0,8,14,8,49,0,8,0,0,0,0,0,0,32,0,22167,22167,2.6666666666666665,166812.6277159181,62554.73539346928,0.0,0.0,0,20125,identical complete generated cohort; zero SLA; no carry-in or background; exact full schedule
bounded-sim-quality,3,7,3,3,3,0,0,0,simulated,simulated,,6,6bea8d52ecb1fd67,2,,,,3,1,0.064625,0.062125,0.065334,206,206,,,f99141cd06358e6d,,2424832,0.0009639999999999999,0.0009559999999999999,0.007526041000001982,0,0,0,0,0,0,0,0,0,0,0,,,,64,32,0,0,0,8,0,8,14,8,49,0,8,0,0,0,0,0,1,32,0,23625,23625,2.6666666666666665,123791.10251450677,46421.66344294004,0.0,0.0,0,17917,identical complete generated cohort; zero SLA; no carry-in or background; exact full schedule
sim-quality,3,8,3,3,3,0,0,0,simulated,simulated,,6,8a3f5174be606567,2,,,,3,1,0.040125,0.039542,0.045625,209,209,,,fd8d1fd0264b0786,,2375680,0.000881,0.0009329999999999999,0.007628707999998596,0,8,7,7,0,0,0,22,7,0,0,,,,64,32,0,0,0,7,0,7,13,7,44,0,7,0,0,0,0,0,0,32,0,13375,13375,2.3333333333333335,174454.82866043615,74766.35514018692,0.0,0.0,0,16459,identical complete generated cohort; zero SLA; no carry-in or background; exact full schedule
bounded-sim-quality,3,8,3,3,3,0,0,0,simulated,simulated,,6,302e1a80cedc6f39,2,,,,3,1,0.062833,0.06175,0.0685,209,209,,,f2c8ee67297f31b8,,2441216,0.000887,0.000841,0.007707040999999748,0,0,0,0,0,0,0,0,0,0,0,,,,64,32,0,0,0,7,0,7,13,7,44,0,7,0,0,0,0,0,1,32,0,22083,22083,2.3333333333333335,111406.42655929209,47745.611382553754,0.0,0.0,0,18375,identical complete generated cohort; zero SLA; no carry-in or background; exact full schedule
sim-quality,3,9,3,3,3,0,0,0,simulated,simulated,,6,b684dfff9be97ce9,2,,,,3,1,0.049333,0.048333,0.053375,212,212,,,355245faee352dd7,,2375680,0.0009419999999999999,0.001071,0.007489875000000978,0,9,8,8,0,0,0,25,8,0,0,,,,64,32,0,0,0,8,0,8,15,8,49,0,8,0,0,0,0,0,0,32,0,18750,18750,2.6666666666666665,162163.2578598504,60811.2216974439,0.0,0.0,0,19791,identical complete generated cohort; zero SLA; no carry-in or background; exact full schedule
bounded-sim-quality,3,9,3,3,3,0,0,0,simulated,simulated,,6,fc08815680d55e23,2,,,,3,1,0.083958,0.082458,0.091958,212,212,,,33847ebeaeb30901,,2506752,0.001067,0.001052,0.007690000000000197,0,0,0,0,0,0,0,0,0,0,0,,,,64,32,0,0,0,8,0,8,15,8,49,0,8,0,0,0,0,0,2,32,0,38208,38208,2.6666666666666665,95285.73810714882,35732.151790180804,0.0,0.0,0,21417,identical complete generated cohort; zero SLA; no carry-in or background; exact full schedule
sim-quality,3,10,3,3,3,0,0,0,simulated,simulated,,6,efb6d9b32a6b685e,2,,,,3,1,0.047292,0.04725,0.047459,12,12,,,337a73823a6f3095,,2359296,0.0009639999999999999,0.0011279999999999999,0.007630292000001759,0,14,8,8,0,0,0,30,8,0,0,,,,64,32,0,0,0,8,0,8,13,8,49,0,8,0,0,0,0,0,0,32,0,14916,14916,2.6666666666666665,169161.8032648228,63435.67622430855,0.0,0.0,0,20458,identical complete generated cohort; zero SLA; no carry-in or background; exact full schedule
bounded-sim-quality,3,10,3,3,3,0,0,0,simulated,simulated,,6,2d545973ad1c527c,2,,,,3,1,0.080792,0.076791,0.084541,12,12,,,533cc18cc7ebe8fc,,2441216,0.000985,0.000945,0.0077711670000013555,0,0,0,0,0,0,0,0,0,0,0,,,,64,32,0,0,0,8,0,8,13,8,49,0,8,0,0,0,0,0,2,32,0,32208,32208,2.6666666666666665,99019.70492127932,37132.38934547974,0.0,0.0,0,21334,identical complete generated cohort; zero SLA; no carry-in or background; exact full schedule
sim-quality,3,11,3,3,3,0,0,0,simulated,simulated,,6,822d984a160f03fc,2,,,,3,1,0.039167,0.03775,0.041917,5,5,,,7846642634bad65a,,2326528,0.001011,0.000987,0.007822916000002067,0,10,5,5,0,0,0,20,5,0,0,,,,64,32,0,0,0,5,0,5,8,5,34,0,5,0,0,0,0,0,0,32,0,19625,19625,1.6666666666666667,127658.48801286798,76595.09280772078,0.0,0.0,0,14083,identical complete generated cohort; zero SLA; no carry-in or background; exact full schedule
bounded-sim-quality,3,11,3,3,3,0,0,0,simulated,simulated,,6,d9737a83564c1efe,2,,,,3,1,0.044542,0.043584,0.08425,5,5,,,cd793406b4a70ad9,,2342912,0.001023,0.001143,0.007674250000000882,0,0,0,0,0,0,0,0,0,0,0,,,,64,32,0,0,0,5,0,5,8,5,34,0,5,0,0,0,0,0,1,32,0,25625,25625,1.6666666666666667,112253.60334066724,67352.16200440034,0.0,0.0,0,17458,identical complete generated cohort; zero SLA; no carry-in or background; exact full schedule
sim-quality,3,12,3,3,3,0,0,0,simulated,simulated,,6,a3d56dcd1f6ab236,2,,,,3,1,0.044875,0.044334,0.047167,305,305,,,1c78da95f1eb071f,,2342912,0.000996,0.0009939999999999999,0.007666624999998817,0,5,6,6,0,0,0,17,6,0,0,,,,64,32,0,0,0,6,0,6,13,6,39,0,6,0,0,0,0,0,0,32,0,16000,16000,2.0,133704.73537604455,66852.36768802228,0.0,0.0,0,15875,identical complete generated cohort; zero SLA; no carry-in or background; exact full schedule
bounded-sim-quality,3,12,3,3,3,0,0,0,simulated,simulated,,6,085dd2a9e22c661c,2,,,,3,1,0.058417,0.056125,0.059125,305,305,,,c09fc136c1a6c3e5,,2392064,0.000996,0.0012029999999999999,0.007513291999998728,0,0,0,0,0,0,0,0,0,0,0,,,,64,32,0,0,0,6,0,6,13,6,39,0,6,0,0,0,0,0,1,32,0,24375,24375,2.0,102709.82761867264,51354.91380933632,0.0,0.0,0,13917,identical complete generated cohort; zero SLA; no carry-in or background; exact full schedule
sim-quality,3,13,3,3,3,0,0,0,simulated,simulated,,6,9555438a48d7d44e,2,,,,3,1,0.052292,0.051417,0.064334,109,109,,,fa81890209a58648,,2359296,0.001071,0.0012699999999999999,0.0075725830000017424,0,13,8,8,0,0,0,29,8,0,0,,,,64,32,0,0,0,8,0,8,12,8,49,0,8,0,0,0,0,0,0,32,0,20833,20833,2.6666666666666665,152987.07259236593,57370.15222213723,0.0,0.0,0,21125,identical complete generated cohort; zero SLA; no carry-in or background; exact full schedule
bounded-sim-quality,3,13,3,3,3,0,0,0,simulated,simulated,,6,07267976e05993a4,2,,,,3,1,0.079667,0.07675,0.084209,109,109,,,423ab3b852bd87d9,,2490368,0.001129,0.001325,0.007532209000000734,0,0,0,0,0,0,0,0,0,0,0,,,,64,32,0,0,0,8,0,8,12,8,49,0,8,0,0,0,0,0,2,32,0,35375,35375,2.6666666666666665,100417.98988288752,37656.74620608282,0.0,0.0,0,22125,identical complete generated cohort; zero SLA; no carry-in or background; exact full schedule
sim-quality,3,14,3,3,3,0,0,0,simulated,simulated,,6,25ebd6b1c51b4bea,2,,,,3,1,0.04425,0.043166,0.044333,8,8,,,5f7fcf4a858a628e,,2310144,0.001054,0.0010299999999999999,0.007604499999999348,0,9,6,6,0,0,0,21,6,0,0,,,,64,32,0,0,0,6,0,6,10,6,39,0,6,0,0,0,0,0,0,32,0,11500,11500,2.0,135593.22033898305,67796.61016949153,0.0,0.0,0,17583,identical complete generated cohort; zero SLA; no carry-in or background; exact full schedule
bounded-sim-quality,3,14,3,3,3,0,0,0,simulated,simulated,,6,2557934ba1ca0d20,2,,,,3,1,0.060042,0.052584,0.068375,8,8,,,059035558919b954,,2359296,0.000986,0.0013239999999999999,0.007658375000001882,0,0,0,0,0,0,0,0,0,0,0,,,,64,32,0,0,0,6,0,6,10,6,39,0,6,0,0,0,0,0,2,32,0,27500,27500,2.0,99930.048965724,49965.024482862,0.0,0.0,0,15625,identical complete generated cohort; zero SLA; no carry-in or background; exact full schedule
sim-quality,3,15,3,3,3,0,0,0,simulated,simulated,,6,7800c379fe79975e,2,,,,3,1,0.0395,0.039125,0.043542,16,16,,,9fa676b0d1a22d1c,,2326528,0.0009549999999999999,0.0011769999999999999,0.007690958999997832,0,7,6,6,0,0,0,19,6,0,0,,,,64,32,0,0,0,6,0,6,12,6,39,0,6,0,0,0,0,0,0,32,0,14625,14625,2.0,151898.7341772152,75949.3670886076,0.0,0.0,0,13417,identical complete generated cohort; zero SLA; no carry-in or background; exact full schedule
bounded-sim-quality,3,15,3,3,3,0,0,0,simulated,simulated,,6,0284ee72bf853534,2,,,,3,1,0.051,0.048167,0.05425,16,16,,,7f908d438ee26340,,2359296,0.001189,0.00142,0.008030333999997197,0,0,0,0,0,0,0,0,0,0,0,,,,64,32,0,0,0,6,0,6,12,6,39,0,6,0,0,0,0,0,1,32,0,20208,20208,2.0,117647.05882352941,58823.529411764706,0.0,0.0,0,14625,identical complete generated cohort; zero SLA; no carry-in or background; exact full schedule
bounded-schedule-ties,2048,42,1000,3,3,0,0,0,feasible,feasible,2,4,1f7320c898a5200a,2,2048,2048,constructed fixture v1,2,1,1.911458,1.778833,1.95925,2048,2048,2048,0,57d951bce6d57c36,1071433.4293507887,6406144,0.00947,0.0019619999999999998,0.014525917000000277,0,0,0,0,0,0,0,0,0,0,0,,,,,,,,,,,,,,,,,,,,,,,,,,,,,,,,,,
bounded-schedule-contention,512,42,1000,3,3,0,0,0,feasible,feasible,512,2,1abce411ad462840,2,512,512,constructed fixture v1,1,1,25.241417,24.783125,25.539416,512,512,512,130816,91f84c5cd66c6c98,20284.122717833157,4079616,0.027238,0.001746,0.03203716599999851,0,0,0,0,0,0,0,0,0,0,0,,,,,,,,,,,,,,,,,,,,,,,,,,,,,,,,,,
bounded-schedule-reverse-deadline,512,42,1000,3,3,0,0,0,feasible,feasible,512,2,ca4a49773e3e0b18,2,512,512,constructed fixture v1,1,1,7.968416,7.828333,8.167417,512,512,512,130816,03deb2d31a615de6,64253.6735029898,4014080,0.010435999999999999,0.001135,0.01401595800000166,0,0,0,0,0,0,0,0,0,0,256,,,,,,,,,,,,,,,,,,,,,,,,,,,,,,,,,,
bounded-schedule-multihop-slots,1024,42,1000,3,3,0,0,0,feasible,feasible,3072,6,b973954145e6b1f2,4,1,1,constructed fixture v1,3,1,8.958625,8.012958,9.003667,3,3,3,0,45ca6455695d556b,111.62427269809821,3915776,0.018213,0.001276,0.025395083999999457,0,0,0,0,0,0,0,0,0,0,0,,,,,,,,,,,,,,,,,,,,,,,,,,,,,,,,,,
bounded-sim-density,512,42,1000,3,3,0,0,0,simulated,simulated,,261632,72bbe8c4a02b0793,512,,,,1,1,54.606708,54.258833,57.4245,0,,,,c99e2ae36f3d3a07,,3751936,0.055963,0.0017549999999999998,0.06397404200000167,0,0,0,0,0,0,0,0,0,0,0,,,,64,32,0,0,0,759,0,759,759,759,4795,0,759,0,0,0,0,0,0,32,0,101333,78875,0.759,13899.391261601048,18312.76846060744,0.0,0.0,,,
bounded-sim-mesh,16,42,100,3,3,0,0,0,simulated,simulated,,304,080827481c7a8b18,16,,,,33,1,152.649708,152.02175,153.457291,299,,,,e7aabb64d86c74b2,,3653632,0.152994,0.002753,0.1596107499999988,0,0,0,0,0,0,0,0,0,0,0,,,,64,32,36,44,3636,579,3510,579,579,2498,10105,0,615,6,36,38,1138,0,51,32,0,2764667,2029583,5.79,4028.831814077234,655.0946039149974,11.38,0.0,,,
bounded-sim-mesh,32,42,100,3,3,0,0,0,simulated,simulated,,1120,23cbd36cee485b4f,32,,,,65,1,409.701583,403.265625,412.9355,1439,,,,269f5a7f9719a1e2,,4079616,0.40474699999999997,0.009186,0.418341250000001,0,0,0,0,0,0,0,0,0,2,0,,,,64,32,43,55,4597,572,4426,572,572,3542,15386,0,615,6,45,48,1055,0,91,32,0,11693584,9693500,5.72,1501.0925647314375,244.08009182625003,10.55,0.0,,,
bounded-sim-mesh,64,42,100,3,3,0,0,0,simulated,simulated,,4288,0e8f0235806d5720,64,,,,129,1,133.321833,132.83075,136.03925,30750,,,,e1c204caee39b958,,3981312,0.134496,0.0035229999999999997,0.1441013749999982,0,0,0,0,0,0,0,0,0,242,0,,,,64,32,8,8,615,607,607,607,607,615,15959,0,615,0,0,0,0,0,1,32,0,3479125,2191084,6.07,4612.897873973875,750.0646949551016,0.0,0.0,,,
bounded-sim-mesh,128,42,100,3,3,0,0,0,simulated,simulated,,16768,82716c6becd6a0f8,128,,,,257,1,225.038125,223.426875,226.453041,30750,,,,8c3f7bda3ca99d97,,4521984,0.22471,0.004566,0.23529083300000053,0,0,0,0,0,0,0,0,0,251,0,,,,64,32,8,8,615,607,607,607,607,615,28759,0,615,0,0,0,0,0,1,32,0,4717792,3602750,6.07,2732.8702636497705,444.3691485609383,0.0,0.0,,,
